File,Py==SimpleITK,Py==MONAI,SimpleITK==MONAI,Py_MONAI_RMSE,Py_SITK_RMSE,SITK_MONAI_RMSE,Py_MONAI_MaxError,Py_SITK_MaxError,SITK_MONAI_MaxError,Py_MONAI_DifferentPixels,Py_SITK_DifferentPixels,SITK_MONAI_DifferentPixels
C:\Users\Gajendra\Desktop\D3_MONAI\Datasets\AIIMS\AIIMSJ_GE_Vivid_E95\Q3EDC380.dcm,False,,,,91.79278050843287,,,238.0,,,207166236.0,
C:\Users\Gajendra\Desktop\D3_MONAI\Datasets\AIIMS\AIIMSJ_GE_Vivid_E95\Q3EDCA02.dcm,False,,,,91.79277840161821,,,238.0,,,207165985.0,
C:\Users\Gajendra\Desktop\D3_MONAI\Datasets\AIIMS\AIIMSJ_GE_Vivid_E95\Q3EDCBG4.dcm,False,,,,86.95972915659755,,,238.0,,,384563199.0,
C:\Users\Gajendra\Desktop\D3_MONAI\Datasets\AIIMS\AIIMSJ_GE_Vivid_E95\Q3EDCH86.dcm,,,,,,,,,,,,
C:\Users\Gajendra\Desktop\D3_MONAI\Datasets\AIIMS\AIIMSJ_GE_Vivid_E95\Q3EDCK08.dcm,,,,,,,,,,,,
C:\Users\Gajendra\Desktop\D3_MONAI\Datasets\AIIMS\AIIMSJ_Philips_EPIQ_7C\IM_0001.dcm,False,,,,96.68704726921351,,,179.0,,,112724380.0,
C:\Users\Gajendra\Desktop\D3_MONAI\Datasets\AIIMS\AIIMSJ_Philips_EPIQ_7C\IM_0002.dcm,False,,,,99.23026021791689,,,179.0,,,114660183.0,
C:\Users\Gajendra\Desktop\D3_MONAI\Datasets\Aliza\Enhanced_US_Volume_Storage\usvolume_4D.dcm,True,,,,0.0,,,0.0,,,0.0,
C:\Users\Gajendra\Desktop\D3_MONAI\Datasets\Aliza\Ultrasound_Image_Storage\US-GE-4AICL142.dcm,,,,,,,,,,,,
C:\Users\Gajendra\Desktop\D3_MONAI\Datasets\Aliza\Ultrasound_Image_Storage\US.1.3.46.670589.14.3000.100.2.199999.20110826084400.0.dcm,,,,,,,,,,,,
C:\Users\Gajendra\Desktop\D3_MONAI\Datasets\Aliza\Ultrasound_Image_Storage\US.1.3.46.670589.14.3000.100.2.199999.20110826084428.0.dcm,,,,,,,,,,,,
C:\Users\Gajendra\Desktop\D3_MONAI\Datasets\Aliza\Ultrasound_Image_Storage\US.1.3.46.670589.14.3000.100.2.199999.20110826084457.0.dcm,,,,,,,,,,,,
C:\Users\Gajendra\Desktop\D3_MONAI\Datasets\Aliza\Ultrasound_Image_Storage\US.1.3.46.670589.14.3000.100.2.199999.20110826084523.0.dcm,,,,,,,,,,,,
C:\Users\Gajendra\Desktop\D3_MONAI\Datasets\Aliza\Ultrasound_Image_Storage\US.1.3.46.670589.14.3000.100.2.199999.20110826084559.0.dcm,,,,,,,,,,,,
C:\Users\Gajendra\Desktop\D3_MONAI\Datasets\Aliza\Ultrasound_Image_Storage\US.1.3.46.670589.14.3000.100.2.199999.20110826084627.0.dcm,,,,,,,,,,,,
C:\Users\Gajendra\Desktop\D3_MONAI\Datasets\Aliza\Ultrasound_Image_Storage\US.1.3.46.670589.14.3000.100.2.199999.20110826084654.0.dcm,,,,,,,,,,,,
C:\Users\Gajendra\Desktop\D3_MONAI\Datasets\Aliza\Ultrasound_Image_Storage\US.1.3.46.670589.14.3000.100.2.199999.20110826084725.0.dcm,,,,,,,,,,,,
C:\Users\Gajendra\Desktop\D3_MONAI\Datasets\Aliza\Ultrasound_Image_Storage\US.1.3.46.670589.14.3000.100.2.199999.20110826084753.0.dcm,,,,,,,,,,,,
C:\Users\Gajendra\Desktop\D3_MONAI\Datasets\Aliza\Ultrasound_Image_Storage\US.1.3.46.670589.14.3000.100.2.199999.20110826084825.0.dcm,,,,,,,,,,,,
C:\Users\Gajendra\Desktop\D3_MONAI\Datasets\Aliza\Ultrasound_Image_Storage\US.1.3.46.670589.14.3000.100.2.199999.20110826084853.0.dcm,,,,,,,,,,,,
C:\Users\Gajendra\Desktop\D3_MONAI\Datasets\Aliza\Ultrasound_Image_Storage\US.1.3.46.670589.14.3000.100.2.199999.20110826084940.0.dcm,,,,,,,,,,,,
C:\Users\Gajendra\Desktop\D3_MONAI\Datasets\Aliza\Ultrasound_Image_Storage\US.1.3.46.670589.14.3000.100.2.199999.20110826085516.0.dcm,,,,,,,,,,,,
C:\Users\Gajendra\Desktop\D3_MONAI\Datasets\Aliza\Ultrasound_Image_Storage\us_kretz.dcm,,,,,,,,,,,,
C:\Users\Gajendra\Desktop\D3_MONAI\Datasets\Aliza\Ultrasound_Image_Storage\us_kretz2.dcm,,,,,,,,,,,,
C:\Users\Gajendra\Desktop\D3_MONAI\Datasets\Aliza\Ultrasound_Image_Storage\us_valid_pixel_aspect.dcm,,,,,,,,,,,,
C:\Users\Gajendra\Desktop\D3_MONAI\Datasets\Aliza\Ultrasound_Multiframe_Image_Storage\055829-00000000.dcm,False,,,,94.54044859104712,,,187.0,,,281545929.0,
C:\Users\Gajendra\Desktop\D3_MONAI\Datasets\Aliza\Ultrasound_Multiframe_Image_Storage\us_acuson.dcm,False,,,,91.95633750192654,,,216.0,,,16005761.0,
C:\Users\Gajendra\Desktop\D3_MONAI\Datasets\Aliza\Ultrasound_Multiframe_Image_Storage\us_acuson2.dcm,False,,,,88.75598113171661,,,171.0,,,34684719.0,
C:\Users\Gajendra\Desktop\D3_MONAI\Datasets\Aliza\Ultrasound_Multiframe_Image_Storage\us_rle_ybr.dcm,False,,,,101.07733494725503,,,255.0,,,4069562.0,
C:\Users\Gajendra\Desktop\D3_MONAI\Datasets\ReMIND\remind\ReMIND-001\90478\23771\8c780494-786d-4ed7-b2a0-24fe18bd8dce.dcm,True,,,,0.0,,,0.0,,,0.0,
C:\Users\Gajendra\Desktop\D3_MONAI\Datasets\ReMIND\remind\ReMIND-001\90478\64615\bf1b0a44-60ca-4d20-a6e2-dde3ae34ea53.dcm,True,,,,0.0,,,0.0,,,0.0,
C:\Users\Gajendra\Desktop\D3_MONAI\Datasets\ReMIND\remind\ReMIND-001\90478\88762\91d91920-3d47-4a81-8a45-3fa9fdb2b70a.dcm,True,,,,0.0,,,0.0,,,0.0,
C:\Users\Gajendra\Desktop\D3_MONAI\Datasets\ReMIND\remind\ReMIND-002\38609\28174\99d9bce9-a4d5-4c53-bdb3-65cbd64b0d80.dcm,True,,,,0.0,,,0.0,,,0.0,
C:\Users\Gajendra\Desktop\D3_MONAI\Datasets\ReMIND\remind\ReMIND-002\38609\30846\0d3220cf-c1e2-45dd-b3e2-af125beb8a15.dcm,True,,,,0.0,,,0.0,,,0.0,
C:\Users\Gajendra\Desktop\D3_MONAI\Datasets\ReMIND\remind\ReMIND-002\38609\95826\39ea0987-7be5-4b9c-aa5c-a538ab0f085a.dcm,True,,,,0.0,,,0.0,,,0.0,
C:\Users\Gajendra\Desktop\D3_MONAI\Datasets\ReMIND\remind\ReMIND-003\75401\29910\495f767d-377c-41ed-8df7-c79c44b23d02.dcm,True,,,,0.0,,,0.0,,,0.0,
C:\Users\Gajendra\Desktop\D3_MONAI\Datasets\ReMIND\remind\ReMIND-003\75401\77879\4a2c814f-ecaa-4f8e-9560-d12d73136891.dcm,True,,,,0.0,,,0.0,,,0.0,
C:\Users\Gajendra\Desktop\D3_MONAI\Datasets\ReMIND\remind\ReMIND-003\75401\87708\84a0a112-63c6-4aff-85e3-b36715c38f03.dcm,True,,,,0.0,,,0.0,,,0.0,
C:\Users\Gajendra\Desktop\D3_MONAI\Datasets\ReMIND\remind\ReMIND-004\74801\20613\ab591baa-8f19-46e2-87ed-8f65adbcdd28.dcm,True,,,,0.0,,,0.0,,,0.0,
C:\Users\Gajendra\Desktop\D3_MONAI\Datasets\ReMIND\remind\ReMIND-004\74801\45195\9c0b66c1-7cfc-4532-8465-2653574096bd.dcm,True,,,,0.0,,,0.0,,,0.0,
C:\Users\Gajendra\Desktop\D3_MONAI\Datasets\ReMIND\remind\ReMIND-004\74801\97603\574a4303-0c53-4982-b2b2-19f0670c94ff.dcm,True,,,,0.0,,,0.0,,,0.0,
C:\Users\Gajendra\Desktop\D3_MONAI\Datasets\ReMIND\remind\ReMIND-005\65398\06068\a8f6217f-e04d-4b2a-92ba-dd13274260af.dcm,True,,,,0.0,,,0.0,,,0.0,
C:\Users\Gajendra\Desktop\D3_MONAI\Datasets\ReMIND\remind\ReMIND-005\65398\75585\cc79a9d0-2a38-4de6-b3b5-a15c97e81143.dcm,True,,,,0.0,,,0.0,,,0.0,
C:\Users\Gajendra\Desktop\D3_MONAI\Datasets\ReMIND\remind\ReMIND-006\66481\07914\08453398-3c91-4159-adf9-77bd4617c61f.dcm,True,,,,0.0,,,0.0,,,0.0,
C:\Users\Gajendra\Desktop\D3_MONAI\Datasets\ReMIND\remind\ReMIND-006\66481\91124\b6643095-f59a-4981-b8c2-b4b5f6f75977.dcm,True,,,,0.0,,,0.0,,,0.0,
C:\Users\Gajendra\Desktop\D3_MONAI\Datasets\ReMIND\remind\ReMIND-006\66481\92512\645085d6-7b68-4c47-b8f3-e3cc43506581.dcm,True,,,,0.0,,,0.0,,,0.0,
C:\Users\Gajendra\Desktop\D3_MONAI\Datasets\ReMIND\remind\ReMIND-007\43168\07743\768d05c1-d6a0-43b9-9902-60ceabd25411.dcm,True,,,,0.0,,,0.0,,,0.0,
C:\Users\Gajendra\Desktop\D3_MONAI\Datasets\ReMIND\remind\ReMIND-007\43168\18129\4a6fad44-7808-4948-9c61-790a372e0904.dcm,True,,,,0.0,,,0.0,,,0.0,
C:\Users\Gajendra\Desktop\D3_MONAI\Datasets\ReMIND\remind\ReMIND-007\43168\88977\b792dd7d-037d-4aff-a4c6-bd1a4da91bf1.dcm,True,,,,0.0,,,0.0,,,0.0,
C:\Users\Gajendra\Desktop\D3_MONAI\Datasets\ReMIND\remind\ReMIND-008\10738\29176\c9e6239f-905b-4dc5-9940-9856ff3e87a8.dcm,True,,,,0.0,,,0.0,,,0.0,
C:\Users\Gajendra\Desktop\D3_MONAI\Datasets\ReMIND\remind\ReMIND-008\10738\79969\d073c4a4-e371-4fe1-9c3c-ea1ca1457e75.dcm,True,,,,0.0,,,0.0,,,0.0,
C:\Users\Gajendra\Desktop\D3_MONAI\Datasets\ReMIND\remind\ReMIND-008\10738\99432\e918c59f-45bf-4672-b5aa-a6de3b2e00fb.dcm,True,,,,0.0,,,0.0,,,0.0,
C:\Users\Gajendra\Desktop\D3_MONAI\Datasets\ReMIND\remind\ReMIND-009\07486\04805\4ccdad1a-2bb3-47ad-8f02-3cc1bb569930.dcm,True,,,,0.0,,,0.0,,,0.0,
C:\Users\Gajendra\Desktop\D3_MONAI\Datasets\ReMIND\remind\ReMIND-009\07486\06303\f7b1da0e-6038-4e72-88f7-5e1cce8d3420.dcm,True,,,,0.0,,,0.0,,,0.0,
C:\Users\Gajendra\Desktop\D3_MONAI\Datasets\ReMIND\remind\ReMIND-010\44625\39074\7c84b34c-5bb1-4749-bfed-c33d67050a49.dcm,True,,,,0.0,,,0.0,,,0.0,
C:\Users\Gajendra\Desktop\D3_MONAI\Datasets\ReMIND\remind\ReMIND-010\44625\59442\d7295975-6181-40d4-ac57-7bb513fd52f5.dcm,True,,,,0.0,,,0.0,,,0.0,
C:\Users\Gajendra\Desktop\D3_MONAI\Datasets\ReMIND\remind\ReMIND-011\51076\52298\9ae77092-3320-4891-94b6-cb9d6261d124.dcm,True,,,,0.0,,,0.0,,,0.0,
C:\Users\Gajendra\Desktop\D3_MONAI\Datasets\ReMIND\remind\ReMIND-011\51076\58846\0e7e8c4d-53fb-466a-ada5-ca5f5b459dff.dcm,True,,,,0.0,,,0.0,,,0.0,
C:\Users\Gajendra\Desktop\D3_MONAI\Datasets\ReMIND\remind\ReMIND-011\51076\95415\24fdbe25-ca89-411c-80ed-e1bb034603e6.dcm,True,,,,0.0,,,0.0,,,0.0,
C:\Users\Gajendra\Desktop\D3_MONAI\Datasets\ReMIND\remind\ReMIND-012\92092\49673\e4339c41-2acd-48ed-bfdc-ee9d5de5bce7.dcm,True,,,,0.0,,,0.0,,,0.0,
C:\Users\Gajendra\Desktop\D3_MONAI\Datasets\ReMIND\remind\ReMIND-012\92092\60287\6facb5b9-e623-4dd9-bf40-f4515f0c4ce3.dcm,True,,,,0.0,,,0.0,,,0.0,
C:\Users\Gajendra\Desktop\D3_MONAI\Datasets\ReMIND\remind\ReMIND-012\92092\62714\5f04f3b7-e01b-42bf-a825-cde26ada7839.dcm,True,,,,0.0,,,0.0,,,0.0,
C:\Users\Gajendra\Desktop\D3_MONAI\Datasets\ReMIND\remind\ReMIND-013\60325\65232\6aba3474-6bbe-47f2-b7ca-0de936ce37ce.dcm,True,,,,0.0,,,0.0,,,0.0,
C:\Users\Gajendra\Desktop\D3_MONAI\Datasets\ReMIND\remind\ReMIND-013\60325\74690\6c226d02-fce7-40c1-8054-2553d63df6e5.dcm,True,,,,0.0,,,0.0,,,0.0,
C:\Users\Gajendra\Desktop\D3_MONAI\Datasets\ReMIND\remind\ReMIND-013\60325\90488\fc515c55-810b-4e43-bd99-2be2026186b6.dcm,True,,,,0.0,,,0.0,,,0.0,
C:\Users\Gajendra\Desktop\D3_MONAI\Datasets\ReMIND\remind\ReMIND-014\02418\00055\6693706e-585c-4948-80b4-53b62665a753.dcm,True,,,,0.0,,,0.0,,,0.0,
C:\Users\Gajendra\Desktop\D3_MONAI\Datasets\ReMIND\remind\ReMIND-014\02418\01892\0c45b36e-363b-4433-a65a-ec09536d7e36.dcm,True,,,,0.0,,,0.0,,,0.0,
C:\Users\Gajendra\Desktop\D3_MONAI\Datasets\ReMIND\remind\ReMIND-014\02418\63651\2a5d491f-03c2-45c8-9e96-21d05956c526.dcm,True,,,,0.0,,,0.0,,,0.0,
C:\Users\Gajendra\Desktop\D3_MONAI\Datasets\ReMIND\remind\ReMIND-015\66548\30989\22f91db4-5658-4181-bb0f-4d1548a307b1.dcm,True,,,,0.0,,,0.0,,,0.0,
C:\Users\Gajendra\Desktop\D3_MONAI\Datasets\ReMIND\remind\ReMIND-015\66548\41592\e97faaf4-27bd-48e7-9a63-d5a8ed8124b3.dcm,True,,,,0.0,,,0.0,,,0.0,
C:\Users\Gajendra\Desktop\D3_MONAI\Datasets\ReMIND\remind\ReMIND-015\66548\78604\b6b2cf2a-3851-4d57-9c4b-ec1650bf427c.dcm,True,,,,0.0,,,0.0,,,0.0,
C:\Users\Gajendra\Desktop\D3_MONAI\Datasets\ReMIND\remind\ReMIND-016\49913\57317\8d466ed2-af7f-4992-8e5c-567bc035806d.dcm,True,,,,0.0,,,0.0,,,0.0,
C:\Users\Gajendra\Desktop\D3_MONAI\Datasets\ReMIND\remind\ReMIND-016\49913\72589\5fef8e59-31ee-443a-ba5e-7fa36f345576.dcm,True,,,,0.0,,,0.0,,,0.0,
C:\Users\Gajendra\Desktop\D3_MONAI\Datasets\ReMIND\remind\ReMIND-017\31142\23128\786372a8-6bfa-4226-97d6-d29d434d73b0.dcm,True,,,,0.0,,,0.0,,,0.0,
C:\Users\Gajendra\Desktop\D3_MONAI\Datasets\ReMIND\remind\ReMIND-017\31142\51000\7f803702-e584-4663-84f0-8e46d91284bf.dcm,True,,,,0.0,,,0.0,,,0.0,
C:\Users\Gajendra\Desktop\D3_MONAI\Datasets\ReMIND\remind\ReMIND-017\31142\74130\b22c3f3b-6ba0-4375-9847-5115891724a3.dcm,True,,,,0.0,,,0.0,,,0.0,
C:\Users\Gajendra\Desktop\D3_MONAI\Datasets\ReMIND\remind\ReMIND-018\31467\21203\7b4d2de1-efc2-4456-a753-0b4d323fd32f.dcm,True,,,,0.0,,,0.0,,,0.0,
C:\Users\Gajendra\Desktop\D3_MONAI\Datasets\ReMIND\remind\ReMIND-018\31467\84972\80cae88f-c812-45c7-9f6a-51e1f357b481.dcm,True,,,,0.0,,,0.0,,,0.0,
C:\Users\Gajendra\Desktop\D3_MONAI\Datasets\ReMIND\remind\ReMIND-019\60875\83776\c4945b64-34e8-4ce6-a703-17ef7dc3a4fa.dcm,True,,,,0.0,,,0.0,,,0.0,
C:\Users\Gajendra\Desktop\D3_MONAI\Datasets\ReMIND\remind\ReMIND-019\60875\85436\5c5c4b8d-9821-477d-bfdf-830279e02aca.dcm,True,,,,0.0,,,0.0,,,0.0,
C:\Users\Gajendra\Desktop\D3_MONAI\Datasets\ReMIND\remind\ReMIND-019\60875\96844\dd0957f7-8ee4-418f-98e2-024c8f20338b.dcm,True,,,,0.0,,,0.0,,,0.0,
C:\Users\Gajendra\Desktop\D3_MONAI\Datasets\ReMIND\remind\ReMIND-020\24150\06018\1b937529-a999-415e-84de-c254119d9c03.dcm,True,,,,0.0,,,0.0,,,0.0,
C:\Users\Gajendra\Desktop\D3_MONAI\Datasets\ReMIND\remind\ReMIND-020\24150\69909\db1917b2-0f7c-4ad7-9b9b-9c94ac700d2a.dcm,True,,,,0.0,,,0.0,,,0.0,
C:\Users\Gajendra\Desktop\D3_MONAI\Datasets\ReMIND\remind\ReMIND-021\93895\40958\161ed4ff-a6cc-4fd3-b97e-7c811cb6eaea.dcm,True,,,,0.0,,,0.0,,,0.0,
C:\Users\Gajendra\Desktop\D3_MONAI\Datasets\ReMIND\remind\ReMIND-021\93895\50436\040a9825-9e84-483c-8401-a7407dc75834.dcm,True,,,,0.0,,,0.0,,,0.0,
C:\Users\Gajendra\Desktop\D3_MONAI\Datasets\ReMIND\remind\ReMIND-021\93895\99860\64cfdc53-1231-4875-88be-c8372af505d0.dcm,True,,,,0.0,,,0.0,,,0.0,
C:\Users\Gajendra\Desktop\D3_MONAI\Datasets\ReMIND\remind\ReMIND-022\55187\31371\31087c97-dcb3-4af0-9412-9d43eb0c47ef.dcm,True,,,,0.0,,,0.0,,,0.0,
C:\Users\Gajendra\Desktop\D3_MONAI\Datasets\ReMIND\remind\ReMIND-022\55187\33911\e30c07d7-8306-4a1d-8374-76b813767b70.dcm,True,,,,0.0,,,0.0,,,0.0,
C:\Users\Gajendra\Desktop\D3_MONAI\Datasets\ReMIND\remind\ReMIND-022\55187\86465\aacf6142-ae42-4924-a4f6-8145960e5cfc.dcm,True,,,,0.0,,,0.0,,,0.0,
C:\Users\Gajendra\Desktop\D3_MONAI\Datasets\ReMIND\remind\ReMIND-023\09848\49143\d596e218-2786-4b85-a07d-eba6c0f04c4c.dcm,True,,,,0.0,,,0.0,,,0.0,
C:\Users\Gajendra\Desktop\D3_MONAI\Datasets\ReMIND\remind\ReMIND-023\09848\72447\9faa0694-9c5b-4f2d-bce4-61c357f847bf.dcm,True,,,,0.0,,,0.0,,,0.0,
C:\Users\Gajendra\Desktop\D3_MONAI\Datasets\ReMIND\remind\ReMIND-023\09848\97511\f84e9d0b-863f-4cc3-8899-cd7ef30508e5.dcm,True,,,,0.0,,,0.0,,,0.0,
C:\Users\Gajendra\Desktop\D3_MONAI\Datasets\ReMIND\remind\ReMIND-024\27350\10961\da7d65f9-bec3-47fe-a1fa-a21d2b908ec8.dcm,True,,,,0.0,,,0.0,,,0.0,
C:\Users\Gajendra\Desktop\D3_MONAI\Datasets\ReMIND\remind\ReMIND-024\27350\13326\736296aa-efb7-40f3-9c02-d72742b9df79.dcm,True,,,,0.0,,,0.0,,,0.0,
C:\Users\Gajendra\Desktop\D3_MONAI\Datasets\ReMIND\remind\ReMIND-024\27350\65060\3a6ba9e2-c33d-4cf8-865d-781d044d1657.dcm,True,,,,0.0,,,0.0,,,0.0,
C:\Users\Gajendra\Desktop\D3_MONAI\Datasets\ReMIND\remind\ReMIND-025\06516\49712\64f0965d-0d71-4d0f-ada9-86182b789563.dcm,True,,,,0.0,,,0.0,,,0.0,
C:\Users\Gajendra\Desktop\D3_MONAI\Datasets\ReMIND\remind\ReMIND-025\06516\52570\0479e010-a1e5-4d47-b89c-909c1e42f9ed.dcm,True,,,,0.0,,,0.0,,,0.0,
C:\Users\Gajendra\Desktop\D3_MONAI\Datasets\ReMIND\remind\ReMIND-026\18895\36204\83ae22fb-e9d6-471b-a806-57389549fc71.dcm,True,,,,0.0,,,0.0,,,0.0,
C:\Users\Gajendra\Desktop\D3_MONAI\Datasets\ReMIND\remind\ReMIND-026\18895\78638\e0ad2747-cd72-4aa7-86e5-b1fe0a141096.dcm,True,,,,0.0,,,0.0,,,0.0,
C:\Users\Gajendra\Desktop\D3_MONAI\Datasets\ReMIND\remind\ReMIND-026\18895\88693\005cdf4b-6e80-4f0c-8b60-65d6383118e4.dcm,True,,,,0.0,,,0.0,,,0.0,
C:\Users\Gajendra\Desktop\D3_MONAI\Datasets\ReMIND\remind\ReMIND-027\46693\03750\58d5153a-b653-4d6e-8baa-7812b30b6be4.dcm,True,,,,0.0,,,0.0,,,0.0,
C:\Users\Gajendra\Desktop\D3_MONAI\Datasets\ReMIND\remind\ReMIND-027\46693\35268\704ac642-3c6f-48d0-8db4-f9e68c854adc.dcm,True,,,,0.0,,,0.0,,,0.0,
C:\Users\Gajendra\Desktop\D3_MONAI\Datasets\ReMIND\remind\ReMIND-027\46693\76377\793eb56d-19f8-4dec-a23e-dc0249ab368e.dcm,True,,,,0.0,,,0.0,,,0.0,
C:\Users\Gajendra\Desktop\D3_MONAI\Datasets\ReMIND\remind\ReMIND-028\19244\23035\477b6569-cff2-4cfd-b2f9-49fec1a0f9a8.dcm,True,,,,0.0,,,0.0,,,0.0,
C:\Users\Gajendra\Desktop\D3_MONAI\Datasets\ReMIND\remind\ReMIND-028\19244\51265\fd3d23ec-0125-4392-9e28-30df7bc8b98a.dcm,True,,,,0.0,,,0.0,,,0.0,
C:\Users\Gajendra\Desktop\D3_MONAI\Datasets\ReMIND\remind\ReMIND-028\19244\88193\a5c25ecd-180b-4e6a-a0e8-2a6cb95df7fe.dcm,True,,,,0.0,,,0.0,,,0.0,
C:\Users\Gajendra\Desktop\D3_MONAI\Datasets\ReMIND\remind\ReMIND-029\64963\12326\3d4c9600-3614-4486-9c5d-e0cb044f78b0.dcm,True,,,,0.0,,,0.0,,,0.0,
C:\Users\Gajendra\Desktop\D3_MONAI\Datasets\ReMIND\remind\ReMIND-029\64963\66540\2db84697-f2ae-4e5f-9492-310c98b7107b.dcm,True,,,,0.0,,,0.0,,,0.0,
C:\Users\Gajendra\Desktop\D3_MONAI\Datasets\ReMIND\remind\ReMIND-029\64963\88014\04e82628-1ae4-47b8-b7e4-69858a9cbe02.dcm,True,,,,0.0,,,0.0,,,0.0,
C:\Users\Gajendra\Desktop\D3_MONAI\Datasets\ReMIND\remind\ReMIND-030\63882\23708\9fc4da8e-17e6-49c0-8e1f-af67e0d50981.dcm,True,,,,0.0,,,0.0,,,0.0,
C:\Users\Gajendra\Desktop\D3_MONAI\Datasets\ReMIND\remind\ReMIND-030\63882\44503\e4c03535-73fe-45b9-af78-3c9cf2da504b.dcm,True,,,,0.0,,,0.0,,,0.0,
C:\Users\Gajendra\Desktop\D3_MONAI\Datasets\ReMIND\remind\ReMIND-030\63882\55113\04f6e8fe-75e9-4c4d-baba-0a36495bad25.dcm,True,,,,0.0,,,0.0,,,0.0,
C:\Users\Gajendra\Desktop\D3_MONAI\Datasets\ReMIND\remind\ReMIND-031\74871\30976\22ef6a0f-3eaf-4c1e-8a37-6458efe1d986.dcm,True,,,,0.0,,,0.0,,,0.0,
C:\Users\Gajendra\Desktop\D3_MONAI\Datasets\ReMIND\remind\ReMIND-031\74871\58475\25ab5a41-2d87-4db9-9858-4a72d3410690.dcm,True,,,,0.0,,,0.0,,,0.0,
C:\Users\Gajendra\Desktop\D3_MONAI\Datasets\ReMIND\remind\ReMIND-032\19172\23829\a151a00f-8d3e-421e-b11d-04dc8dd0d3ec.dcm,True,,,,0.0,,,0.0,,,0.0,
C:\Users\Gajendra\Desktop\D3_MONAI\Datasets\ReMIND\remind\ReMIND-032\19172\71284\639b3244-0ab6-4da7-a8f0-efba946ab544.dcm,True,,,,0.0,,,0.0,,,0.0,
C:\Users\Gajendra\Desktop\D3_MONAI\Datasets\ReMIND\remind\ReMIND-032\19172\90626\db3cf47a-a6ea-4ccd-a0c2-905cb3f6ba81.dcm,True,,,,0.0,,,0.0,,,0.0,
C:\Users\Gajendra\Desktop\D3_MONAI\Datasets\ReMIND\remind\ReMIND-033\17864\45639\e4bd92d0-a6a8-467c-810c-37e50e897cd9.dcm,True,,,,0.0,,,0.0,,,0.0,
C:\Users\Gajendra\Desktop\D3_MONAI\Datasets\ReMIND\remind\ReMIND-033\17864\97050\c14d9998-5609-41f1-88c0-e0e40fa3e4cc.dcm,True,,,,0.0,,,0.0,,,0.0,
C:\Users\Gajendra\Desktop\D3_MONAI\Datasets\ReMIND\remind\ReMIND-034\96469\32907\df5b6a0c-3af9-431f-bb85-1c64bb4bd8a9.dcm,True,,,,0.0,,,0.0,,,0.0,
C:\Users\Gajendra\Desktop\D3_MONAI\Datasets\ReMIND\remind\ReMIND-034\96469\46168\05353349-7267-43d0-8b93-8966db99f954.dcm,True,,,,0.0,,,0.0,,,0.0,
C:\Users\Gajendra\Desktop\D3_MONAI\Datasets\ReMIND\remind\ReMIND-034\96469\98489\3e50e07d-682a-428d-9ddf-bf347e7f0789.dcm,True,,,,0.0,,,0.0,,,0.0,
C:\Users\Gajendra\Desktop\D3_MONAI\Datasets\ReMIND\remind\ReMIND-035\87434\14279\8fd1a486-a491-4c25-a86a-ee42916b1ce0.dcm,True,,,,0.0,,,0.0,,,0.0,
C:\Users\Gajendra\Desktop\D3_MONAI\Datasets\ReMIND\remind\ReMIND-035\87434\43681\ea6f4cb3-0ee0-414e-8e24-2bc18eb727c2.dcm,True,,,,0.0,,,0.0,,,0.0,
C:\Users\Gajendra\Desktop\D3_MONAI\Datasets\ReMIND\remind\ReMIND-035\87434\86407\8c6ce9e9-b1e1-4e0f-99dd-9cda106d02fd.dcm,True,,,,0.0,,,0.0,,,0.0,
C:\Users\Gajendra\Desktop\D3_MONAI\Datasets\ReMIND\remind\ReMIND-036\03653\30268\e33e5b04-c5c7-4e17-a489-6f57ab42000f.dcm,True,,,,0.0,,,0.0,,,0.0,
C:\Users\Gajendra\Desktop\D3_MONAI\Datasets\ReMIND\remind\ReMIND-036\03653\31120\d12cbe2c-c7ed-4b7d-bcac-0e361416ec1d.dcm,True,,,,0.0,,,0.0,,,0.0,
C:\Users\Gajendra\Desktop\D3_MONAI\Datasets\ReMIND\remind\ReMIND-036\03653\35731\6fe19e3b-8aca-4453-bd26-2be8133b0755.dcm,True,,,,0.0,,,0.0,,,0.0,
C:\Users\Gajendra\Desktop\D3_MONAI\Datasets\ReMIND\remind\ReMIND-037\29786\05319\b8276097-f85b-4a94-ac8a-b071a22bed23.dcm,True,,,,0.0,,,0.0,,,0.0,
C:\Users\Gajendra\Desktop\D3_MONAI\Datasets\ReMIND\remind\ReMIND-037\29786\91833\f38a033b-c127-467d-9f98-5eff350e6f2c.dcm,True,,,,0.0,,,0.0,,,0.0,
C:\Users\Gajendra\Desktop\D3_MONAI\Datasets\ReMIND\remind\ReMIND-038\98555\04084\7d556b5e-33ba-443c-9acb-e17b6098982d.dcm,True,,,,0.0,,,0.0,,,0.0,
C:\Users\Gajendra\Desktop\D3_MONAI\Datasets\ReMIND\remind\ReMIND-038\98555\11718\71c7ae85-9395-45ee-b6e5-b39c8ca20ba1.dcm,True,,,,0.0,,,0.0,,,0.0,
C:\Users\Gajendra\Desktop\D3_MONAI\Datasets\ReMIND\remind\ReMIND-038\98555\69782\b4db197a-956b-4e08-9f2e-5ef57fb2d776.dcm,True,,,,0.0,,,0.0,,,0.0,
C:\Users\Gajendra\Desktop\D3_MONAI\Datasets\ReMIND\remind\ReMIND-039\50077\58874\e1a9014a-3870-4bbb-95fc-cc3f9decb98c.dcm,True,,,,0.0,,,0.0,,,0.0,
C:\Users\Gajendra\Desktop\D3_MONAI\Datasets\ReMIND\remind\ReMIND-039\50077\64769\aaf45294-0937-418d-a700-2e33ef4236ac.dcm,True,,,,0.0,,,0.0,,,0.0,
C:\Users\Gajendra\Desktop\D3_MONAI\Datasets\ReMIND\remind\ReMIND-039\50077\88399\bddd70fd-7e82-4fe4-b4b5-c64ad271c9a5.dcm,True,,,,0.0,,,0.0,,,0.0,
C:\Users\Gajendra\Desktop\D3_MONAI\Datasets\ReMIND\remind\ReMIND-040\84949\34183\abf99ded-18ab-4632-8590-fd3f0795e195.dcm,True,,,,0.0,,,0.0,,,0.0,
C:\Users\Gajendra\Desktop\D3_MONAI\Datasets\ReMIND\remind\ReMIND-040\84949\80520\0073ae19-c128-4f3a-b14c-45e755a76480.dcm,True,,,,0.0,,,0.0,,,0.0,
C:\Users\Gajendra\Desktop\D3_MONAI\Datasets\ReMIND\remind\ReMIND-040\84949\94081\a9cc9b39-72f1-4bb5-89a6-a2107b549682.dcm,True,,,,0.0,,,0.0,,,0.0,
C:\Users\Gajendra\Desktop\D3_MONAI\Datasets\ReMIND\remind\ReMIND-041\22068\03961\2f569686-cae1-42c5-963f-15f1a490a51a.dcm,True,,,,0.0,,,0.0,,,0.0,
C:\Users\Gajendra\Desktop\D3_MONAI\Datasets\ReMIND\remind\ReMIND-041\22068\47645\07251227-6871-4ef4-87c9-7efbe2c80c25.dcm,True,,,,0.0,,,0.0,,,0.0,
C:\Users\Gajendra\Desktop\D3_MONAI\Datasets\ReMIND\remind\ReMIND-041\22068\81835\cbb79d7f-c18f-436f-bf58-810327c7b886.dcm,True,,,,0.0,,,0.0,,,0.0,
C:\Users\Gajendra\Desktop\D3_MONAI\Datasets\ReMIND\remind\ReMIND-042\19226\42597\cbb263a3-81d9-45de-97da-061fa80a6cf2.dcm,True,,,,0.0,,,0.0,,,0.0,
C:\Users\Gajendra\Desktop\D3_MONAI\Datasets\ReMIND\remind\ReMIND-042\19226\53109\c9646373-39ba-4817-83c9-c717d29e203b.dcm,True,,,,0.0,,,0.0,,,0.0,
C:\Users\Gajendra\Desktop\D3_MONAI\Datasets\ReMIND\remind\ReMIND-042\19226\94217\b53fca21-0257-499a-815d-66d7065f079d.dcm,True,,,,0.0,,,0.0,,,0.0,
C:\Users\Gajendra\Desktop\D3_MONAI\Datasets\ReMIND\remind\ReMIND-043\55645\17161\087f5072-a6a4-4b90-8d56-d33c4084f2b0.dcm,True,,,,0.0,,,0.0,,,0.0,
C:\Users\Gajendra\Desktop\D3_MONAI\Datasets\ReMIND\remind\ReMIND-043\55645\60202\016ec0c0-bc48-4a7f-a248-54030bcf3fad.dcm,True,,,,0.0,,,0.0,,,0.0,
C:\Users\Gajendra\Desktop\D3_MONAI\Datasets\ReMIND\remind\ReMIND-043\55645\76839\efa71aef-2232-4b5e-9697-68cc7e382cc3.dcm,True,,,,0.0,,,0.0,,,0.0,
C:\Users\Gajendra\Desktop\D3_MONAI\Datasets\ReMIND\remind\ReMIND-044\27319\66363\b51c4cd4-6b0b-4abc-9a05-499e51d9f1c7.dcm,True,,,,0.0,,,0.0,,,0.0,
C:\Users\Gajendra\Desktop\D3_MONAI\Datasets\ReMIND\remind\ReMIND-044\27319\81196\d9d5b55b-5dce-4da0-a7ed-edeca7f563c9.dcm,True,,,,0.0,,,0.0,,,0.0,
C:\Users\Gajendra\Desktop\D3_MONAI\Datasets\ReMIND\remind\ReMIND-045\57582\49422\4691a0c1-b74c-43e0-9220-238ee8803f47.dcm,True,,,,0.0,,,0.0,,,0.0,
C:\Users\Gajendra\Desktop\D3_MONAI\Datasets\ReMIND\remind\ReMIND-045\57582\76168\2134d10d-ca81-4d06-bf7d-f3c71679fcac.dcm,True,,,,0.0,,,0.0,,,0.0,
C:\Users\Gajendra\Desktop\D3_MONAI\Datasets\ReMIND\remind\ReMIND-045\57582\88959\385cab7f-79aa-409c-acf9-6a248469cdf0.dcm,True,,,,0.0,,,0.0,,,0.0,
C:\Users\Gajendra\Desktop\D3_MONAI\Datasets\ReMIND\remind\ReMIND-046\23503\36672\1b2af2e9-0248-4176-a43d-904e72d984d3.dcm,True,,,,0.0,,,0.0,,,0.0,
C:\Users\Gajendra\Desktop\D3_MONAI\Datasets\ReMIND\remind\ReMIND-046\23503\43585\5bb79e2f-442b-42d7-9a2a-2653d372bdd6.dcm,True,,,,0.0,,,0.0,,,0.0,
C:\Users\Gajendra\Desktop\D3_MONAI\Datasets\ReMIND\remind\ReMIND-046\23503\68864\15866e0f-d392-492e-bb95-1550c1b1b1eb.dcm,True,,,,0.0,,,0.0,,,0.0,
C:\Users\Gajendra\Desktop\D3_MONAI\Datasets\ReMIND\remind\ReMIND-047\92962\00746\326e0947-e465-4169-a561-b602336b9f3d.dcm,True,,,,0.0,,,0.0,,,0.0,
C:\Users\Gajendra\Desktop\D3_MONAI\Datasets\ReMIND\remind\ReMIND-047\92962\18739\606ace88-558c-4a4d-8fff-4586327e9457.dcm,True,,,,0.0,,,0.0,,,0.0,
C:\Users\Gajendra\Desktop\D3_MONAI\Datasets\ReMIND\remind\ReMIND-048\38897\68512\d52f9145-0073-40e3-8ac6-088ff5739080.dcm,True,,,,0.0,,,0.0,,,0.0,
C:\Users\Gajendra\Desktop\D3_MONAI\Datasets\ReMIND\remind\ReMIND-048\38897\85721\de14c497-dff4-4c6c-ab59-95eba4e96f8e.dcm,True,,,,0.0,,,0.0,,,0.0,
C:\Users\Gajendra\Desktop\D3_MONAI\Datasets\ReMIND\remind\ReMIND-048\38897\94810\888df9d8-88cb-4d0c-9b87-15dd59260f69.dcm,True,,,,0.0,,,0.0,,,0.0,
C:\Users\Gajendra\Desktop\D3_MONAI\Datasets\ReMIND\remind\ReMIND-049\06755\21403\c15ecdbe-01b1-427f-ae20-7e5c95a38a84.dcm,True,,,,0.0,,,0.0,,,0.0,
C:\Users\Gajendra\Desktop\D3_MONAI\Datasets\ReMIND\remind\ReMIND-049\06755\56427\d178842b-9005-45d0-b48d-9e016a64c2a4.dcm,True,,,,0.0,,,0.0,,,0.0,
C:\Users\Gajendra\Desktop\D3_MONAI\Datasets\ReMIND\remind\ReMIND-049\06755\74944\64e5ed48-322b-4e7c-8d20-99bf79c9c05f.dcm,True,,,,0.0,,,0.0,,,0.0,
C:\Users\Gajendra\Desktop\D3_MONAI\Datasets\ReMIND\remind\ReMIND-050\51539\10795\c89a51f3-1fb6-4dd5-be73-993ce500eeda.dcm,True,,,,0.0,,,0.0,,,0.0,
C:\Users\Gajendra\Desktop\D3_MONAI\Datasets\ReMIND\remind\ReMIND-050\51539\58002\d47bd5c7-540c-4bac-a465-0f0f8b3867b9.dcm,True,,,,0.0,,,0.0,,,0.0,
C:\Users\Gajendra\Desktop\D3_MONAI\Datasets\ReMIND\remind\ReMIND-050\51539\82369\aecd1c0f-9de8-46bd-9ecf-90ae60dd4342.dcm,True,,,,0.0,,,0.0,,,0.0,
C:\Users\Gajendra\Desktop\D3_MONAI\Datasets\ReMIND\remind\ReMIND-051\54547\02497\0f6d77e4-7a59-43fd-90f1-ebed7bd89622.dcm,True,,,,0.0,,,0.0,,,0.0,
C:\Users\Gajendra\Desktop\D3_MONAI\Datasets\ReMIND\remind\ReMIND-051\54547\14865\c18b5c5e-dabd-4f54-bba6-bcb3872b2adb.dcm,True,,,,0.0,,,0.0,,,0.0,
C:\Users\Gajendra\Desktop\D3_MONAI\Datasets\ReMIND\remind\ReMIND-051\54547\71702\8ef8ee12-8f13-4f78-bcd4-b5c2448fb9df.dcm,True,,,,0.0,,,0.0,,,0.0,
C:\Users\Gajendra\Desktop\D3_MONAI\Datasets\ReMIND\remind\ReMIND-052\62245\08160\1890a0ce-0d29-491a-ba79-194c61c30257.dcm,True,,,,0.0,,,0.0,,,0.0,
C:\Users\Gajendra\Desktop\D3_MONAI\Datasets\ReMIND\remind\ReMIND-052\62245\13249\86744e6f-0884-40c0-99b7-412cbde928bb.dcm,True,,,,0.0,,,0.0,,,0.0,
C:\Users\Gajendra\Desktop\D3_MONAI\Datasets\ReMIND\remind\ReMIND-052\62245\28145\db60cb8f-5340-44bb-a294-2fc28e7975a0.dcm,True,,,,0.0,,,0.0,,,0.0,
C:\Users\Gajendra\Desktop\D3_MONAI\Datasets\ReMIND\remind\ReMIND-053\40464\25359\303f50e5-4fb5-48ac-94c9-b99392229a10.dcm,True,,,,0.0,,,0.0,,,0.0,
C:\Users\Gajendra\Desktop\D3_MONAI\Datasets\ReMIND\remind\ReMIND-053\40464\55299\7bcf43b4-df5a-4b67-8754-1314546e13ce.dcm,True,,,,0.0,,,0.0,,,0.0,
C:\Users\Gajendra\Desktop\D3_MONAI\Datasets\ReMIND\remind\ReMIND-053\40464\55515\d385738b-5c8a-4d51-983d-89ae1c5ec127.dcm,True,,,,0.0,,,0.0,,,0.0,
C:\Users\Gajendra\Desktop\D3_MONAI\Datasets\ReMIND\remind\ReMIND-054\07242\18770\6ad2d664-fe43-473c-803f-826113c6672e.dcm,True,,,,0.0,,,0.0,,,0.0,
C:\Users\Gajendra\Desktop\D3_MONAI\Datasets\ReMIND\remind\ReMIND-054\07242\23720\b7129297-ee82-4d92-9ee8-a1715e351906.dcm,True,,,,0.0,,,0.0,,,0.0,
C:\Users\Gajendra\Desktop\D3_MONAI\Datasets\ReMIND\remind\ReMIND-054\07242\57781\347f71f3-4b3a-4616-a030-8d459f6a3eda.dcm,True,,,,0.0,,,0.0,,,0.0,
C:\Users\Gajendra\Desktop\D3_MONAI\Datasets\ReMIND\remind\ReMIND-055\85554\23234\79e72000-3dc6-467c-938e-536c2fc80c28.dcm,True,,,,0.0,,,0.0,,,0.0,
C:\Users\Gajendra\Desktop\D3_MONAI\Datasets\ReMIND\remind\ReMIND-055\85554\45875\bae7d82d-8ece-44d8-816d-db4248e086bf.dcm,True,,,,0.0,,,0.0,,,0.0,
C:\Users\Gajendra\Desktop\D3_MONAI\Datasets\ReMIND\remind\ReMIND-055\85554\61203\a250825a-474d-431b-a124-44fd12dd0f4b.dcm,True,,,,0.0,,,0.0,,,0.0,
C:\Users\Gajendra\Desktop\D3_MONAI\Datasets\ReMIND\remind\ReMIND-056\95320\09635\56dbf335-3473-4757-a7d2-e4d45b9fac26.dcm,True,,,,0.0,,,0.0,,,0.0,
C:\Users\Gajendra\Desktop\D3_MONAI\Datasets\ReMIND\remind\ReMIND-056\95320\19921\9dd89393-ee45-4bba-8fb3-55f3062d191f.dcm,True,,,,0.0,,,0.0,,,0.0,
C:\Users\Gajendra\Desktop\D3_MONAI\Datasets\ReMIND\remind\ReMIND-056\95320\64708\32243c76-8120-43ef-9772-7f355ad2c81a.dcm,True,,,,0.0,,,0.0,,,0.0,
C:\Users\Gajendra\Desktop\D3_MONAI\Datasets\ReMIND\remind\ReMIND-057\39581\66812\a713270d-fe33-41e2-b643-25e942324160.dcm,True,,,,0.0,,,0.0,,,0.0,
C:\Users\Gajendra\Desktop\D3_MONAI\Datasets\ReMIND\remind\ReMIND-057\39581\74989\581e25e0-6040-42ab-93fd-34fca9151746.dcm,True,,,,0.0,,,0.0,,,0.0,
C:\Users\Gajendra\Desktop\D3_MONAI\Datasets\ReMIND\remind\ReMIND-057\39581\82995\8d8a3db4-1c4f-4569-becf-e155e462373c.dcm,True,,,,0.0,,,0.0,,,0.0,
C:\Users\Gajendra\Desktop\D3_MONAI\Datasets\ReMIND\remind\ReMIND-058\46647\19990\63fa3a14-5095-4040-a841-ca27d6d1bce0.dcm,True,,,,0.0,,,0.0,,,0.0,
C:\Users\Gajendra\Desktop\D3_MONAI\Datasets\ReMIND\remind\ReMIND-058\46647\70113\2adc0ce9-4753-40b0-a616-908f1e55db59.dcm,True,,,,0.0,,,0.0,,,0.0,
C:\Users\Gajendra\Desktop\D3_MONAI\Datasets\ReMIND\remind\ReMIND-058\46647\93281\bc165b24-c564-47ea-b354-8d294f73989d.dcm,True,,,,0.0,,,0.0,,,0.0,
C:\Users\Gajendra\Desktop\D3_MONAI\Datasets\ReMIND\remind\ReMIND-059\99386\00814\1fd102bc-ed1c-410c-9167-698f97989be9.dcm,True,,,,0.0,,,0.0,,,0.0,
C:\Users\Gajendra\Desktop\D3_MONAI\Datasets\ReMIND\remind\ReMIND-059\99386\61126\5eb7417b-e01f-47db-b629-37e0aa6eac5f.dcm,True,,,,0.0,,,0.0,,,0.0,
C:\Users\Gajendra\Desktop\D3_MONAI\Datasets\ReMIND\remind\ReMIND-059\99386\75602\56dc1516-b8c1-48f6-b54e-e1be359f5e4a.dcm,True,,,,0.0,,,0.0,,,0.0,
C:\Users\Gajendra\Desktop\D3_MONAI\Datasets\ReMIND\remind\ReMIND-060\85325\17599\c02208e2-c15c-4900-8cff-6e05b5c48419.dcm,True,,,,0.0,,,0.0,,,0.0,
C:\Users\Gajendra\Desktop\D3_MONAI\Datasets\ReMIND\remind\ReMIND-060\85325\31041\5f2eacdc-3de3-48aa-8958-df9c31c4f847.dcm,True,,,,0.0,,,0.0,,,0.0,
C:\Users\Gajendra\Desktop\D3_MONAI\Datasets\ReMIND\remind\ReMIND-060\85325\95982\bebee480-ac46-4e28-88e8-ece44f78d4c0.dcm,True,,,,0.0,,,0.0,,,0.0,
C:\Users\Gajendra\Desktop\D3_MONAI\Datasets\ReMIND\remind\ReMIND-061\25986\74048\12d80282-49c6-42e1-aed2-319ee09f0e7e.dcm,True,,,,0.0,,,0.0,,,0.0,
C:\Users\Gajendra\Desktop\D3_MONAI\Datasets\ReMIND\remind\ReMIND-061\25986\80024\87c72b26-615c-4ef5-89d0-efbda9040a77.dcm,True,,,,0.0,,,0.0,,,0.0,
C:\Users\Gajendra\Desktop\D3_MONAI\Datasets\ReMIND\remind\ReMIND-062\20999\59175\7914857f-1e59-481c-ad24-62e54c5130fd.dcm,True,,,,0.0,,,0.0,,,0.0,
C:\Users\Gajendra\Desktop\D3_MONAI\Datasets\ReMIND\remind\ReMIND-062\20999\88951\e76bd7fb-51e6-4e15-a5e7-0cf6285814fa.dcm,True,,,,0.0,,,0.0,,,0.0,
C:\Users\Gajendra\Desktop\D3_MONAI\Datasets\ReMIND\remind\ReMIND-063\14946\31257\21884785-d8ae-49e7-9e57-0fec548babcc.dcm,True,,,,0.0,,,0.0,,,0.0,
C:\Users\Gajendra\Desktop\D3_MONAI\Datasets\ReMIND\remind\ReMIND-063\14946\60993\dd445cb2-153b-4762-ac12-f854146bd187.dcm,True,,,,0.0,,,0.0,,,0.0,
C:\Users\Gajendra\Desktop\D3_MONAI\Datasets\ReMIND\remind\ReMIND-063\14946\92106\4858792e-07aa-4729-9d1e-a73e9795afc5.dcm,True,,,,0.0,,,0.0,,,0.0,
C:\Users\Gajendra\Desktop\D3_MONAI\Datasets\ReMIND\remind\ReMIND-064\64361\67815\8e8f5648-7b0a-410b-a958-25f0193e0e8c.dcm,True,,,,0.0,,,0.0,,,0.0,
C:\Users\Gajendra\Desktop\D3_MONAI\Datasets\ReMIND\remind\ReMIND-064\64361\94638\eb8984c6-f4ec-49b3-aa47-420f4a08cd4c.dcm,True,,,,0.0,,,0.0,,,0.0,
C:\Users\Gajendra\Desktop\D3_MONAI\Datasets\ReMIND\remind\ReMIND-064\64361\97941\4d6a92ef-6a08-4f65-8586-d18fcd08148b.dcm,True,,,,0.0,,,0.0,,,0.0,
C:\Users\Gajendra\Desktop\D3_MONAI\Datasets\ReMIND\remind\ReMIND-065\25250\01035\10e88f41-7458-4180-bcd9-45ac7d451a76.dcm,True,,,,0.0,,,0.0,,,0.0,
C:\Users\Gajendra\Desktop\D3_MONAI\Datasets\ReMIND\remind\ReMIND-065\25250\40855\af7caf91-450e-4833-8e76-cc0e0fb9e6f3.dcm,True,,,,0.0,,,0.0,,,0.0,
C:\Users\Gajendra\Desktop\D3_MONAI\Datasets\ReMIND\remind\ReMIND-065\25250\44758\01545a64-725d-4510-b368-83133602e896.dcm,True,,,,0.0,,,0.0,,,0.0,
C:\Users\Gajendra\Desktop\D3_MONAI\Datasets\ReMIND\remind\ReMIND-066\02882\42627\3452ed1a-06ab-4402-8010-759114c9e51a.dcm,True,,,,0.0,,,0.0,,,0.0,
C:\Users\Gajendra\Desktop\D3_MONAI\Datasets\ReMIND\remind\ReMIND-066\02882\71533\31829df5-bffc-4049-a7ed-7f75ded78eb8.dcm,True,,,,0.0,,,0.0,,,0.0,
C:\Users\Gajendra\Desktop\D3_MONAI\Datasets\ReMIND\remind\ReMIND-066\02882\84736\8f9cd455-f9ca-4876-8bf9-55c4ddf1a6d3.dcm,True,,,,0.0,,,0.0,,,0.0,
C:\Users\Gajendra\Desktop\D3_MONAI\Datasets\ReMIND\remind\ReMIND-067\13090\33978\ec27d49a-7d83-48a2-b09b-2b299b2632fa.dcm,True,,,,0.0,,,0.0,,,0.0,
C:\Users\Gajendra\Desktop\D3_MONAI\Datasets\ReMIND\remind\ReMIND-067\13090\56219\673dad38-be63-4d19-a3af-2a3b663431f0.dcm,True,,,,0.0,,,0.0,,,0.0,
C:\Users\Gajendra\Desktop\D3_MONAI\Datasets\ReMIND\remind\ReMIND-067\13090\76613\184edc19-c624-4321-896b-fd14f837e5b9.dcm,True,,,,0.0,,,0.0,,,0.0,
C:\Users\Gajendra\Desktop\D3_MONAI\Datasets\ReMIND\remind\ReMIND-068\03639\50663\7c9488dd-ee45-412f-bd75-a7c2aecd72c8.dcm,True,,,,0.0,,,0.0,,,0.0,
C:\Users\Gajendra\Desktop\D3_MONAI\Datasets\ReMIND\remind\ReMIND-068\03639\72783\97afeb4e-b112-4943-b97c-a731e4b806d5.dcm,True,,,,0.0,,,0.0,,,0.0,
C:\Users\Gajendra\Desktop\D3_MONAI\Datasets\ReMIND\remind\ReMIND-068\03639\87930\4ddd96ed-0f55-4a96-9ddb-780a7c446789.dcm,True,,,,0.0,,,0.0,,,0.0,
C:\Users\Gajendra\Desktop\D3_MONAI\Datasets\ReMIND\remind\ReMIND-069\66524\10663\38f30b92-bb09-4215-81bd-404dbe74bc35.dcm,True,,,,0.0,,,0.0,,,0.0,
C:\Users\Gajendra\Desktop\D3_MONAI\Datasets\ReMIND\remind\ReMIND-069\66524\66281\59da46cb-46fb-440f-8a24-195f16aaa67b.dcm,True,,,,0.0,,,0.0,,,0.0,
C:\Users\Gajendra\Desktop\D3_MONAI\Datasets\ReMIND\remind\ReMIND-069\66524\85950\0765af16-7418-424a-8528-a4a5787f58e7.dcm,True,,,,0.0,,,0.0,,,0.0,
C:\Users\Gajendra\Desktop\D3_MONAI\Datasets\ReMIND\remind\ReMIND-070\86902\35061\77cc3373-6a6c-4652-910b-6f022db95fa1.dcm,True,,,,0.0,,,0.0,,,0.0,
C:\Users\Gajendra\Desktop\D3_MONAI\Datasets\ReMIND\remind\ReMIND-070\86902\71965\0d0779c0-2b0c-4edc-a150-4602d0d55b4d.dcm,True,,,,0.0,,,0.0,,,0.0,
C:\Users\Gajendra\Desktop\D3_MONAI\Datasets\ReMIND\remind\ReMIND-070\86902\74701\e1463838-6151-4886-bc4f-65dada2feaf1.dcm,True,,,,0.0,,,0.0,,,0.0,
C:\Users\Gajendra\Desktop\D3_MONAI\Datasets\ReMIND\remind\ReMIND-071\90639\12207\8765dc25-d566-4b41-a111-5377205413b5.dcm,True,,,,0.0,,,0.0,,,0.0,
C:\Users\Gajendra\Desktop\D3_MONAI\Datasets\ReMIND\remind\ReMIND-071\90639\39981\864c1281-8e64-4924-ada0-a866ff7016c8.dcm,True,,,,0.0,,,0.0,,,0.0,
C:\Users\Gajendra\Desktop\D3_MONAI\Datasets\ReMIND\remind\ReMIND-071\90639\64046\e98f8b64-a325-4e4e-900a-84725219de6d.dcm,True,,,,0.0,,,0.0,,,0.0,
C:\Users\Gajendra\Desktop\D3_MONAI\Datasets\ReMIND\remind\ReMIND-072\18652\17536\5a2e470a-471f-44f6-be93-f06801497061.dcm,True,,,,0.0,,,0.0,,,0.0,
C:\Users\Gajendra\Desktop\D3_MONAI\Datasets\ReMIND\remind\ReMIND-072\18652\87930\e16016ea-3948-4ae7-9463-7f0c4db2f060.dcm,True,,,,0.0,,,0.0,,,0.0,
C:\Users\Gajendra\Desktop\D3_MONAI\Datasets\ReMIND\remind\ReMIND-073\22999\37463\a6a4b85c-bcde-4397-a1e0-996050f0e64e.dcm,True,,,,0.0,,,0.0,,,0.0,
C:\Users\Gajendra\Desktop\D3_MONAI\Datasets\ReMIND\remind\ReMIND-073\22999\79396\619b1657-bf45-49d7-9fdf-1fe5913df269.dcm,True,,,,0.0,,,0.0,,,0.0,
C:\Users\Gajendra\Desktop\D3_MONAI\Datasets\ReMIND\remind\ReMIND-074\63381\20248\51df0671-b703-403d-b1cb-c539c5513f82.dcm,True,,,,0.0,,,0.0,,,0.0,
C:\Users\Gajendra\Desktop\D3_MONAI\Datasets\ReMIND\remind\ReMIND-074\63381\40908\824a7e3d-73de-4287-9c60-f4d25e83e920.dcm,True,,,,0.0,,,0.0,,,0.0,
C:\Users\Gajendra\Desktop\D3_MONAI\Datasets\ReMIND\remind\ReMIND-074\63381\91331\e5fe08e0-c47f-4d2d-912f-8c1a618d1e8f.dcm,True,,,,0.0,,,0.0,,,0.0,
C:\Users\Gajendra\Desktop\D3_MONAI\Datasets\ReMIND\remind\ReMIND-075\48172\69572\6403c3cb-1b5e-4a7a-8f10-af4a291bf6ca.dcm,True,,,,0.0,,,0.0,,,0.0,
C:\Users\Gajendra\Desktop\D3_MONAI\Datasets\ReMIND\remind\ReMIND-075\48172\88487\ee779a10-9183-428e-b9d1-1fa08e3f09df.dcm,True,,,,0.0,,,0.0,,,0.0,
C:\Users\Gajendra\Desktop\D3_MONAI\Datasets\ReMIND\remind\ReMIND-076\94958\16505\6e5d2d24-0003-4515-a9a3-92bcf17469b5.dcm,True,,,,0.0,,,0.0,,,0.0,
C:\Users\Gajendra\Desktop\D3_MONAI\Datasets\ReMIND\remind\ReMIND-076\94958\72178\c7a760a8-9fb3-45c5-8595-4c147c8117a3.dcm,True,,,,0.0,,,0.0,,,0.0,
C:\Users\Gajendra\Desktop\D3_MONAI\Datasets\ReMIND\remind\ReMIND-076\94958\78067\2bec8e5a-dc7a-4930-8e64-01453304c075.dcm,True,,,,0.0,,,0.0,,,0.0,
C:\Users\Gajendra\Desktop\D3_MONAI\Datasets\ReMIND\remind\ReMIND-077\01011\01076\b08baa88-1f9c-49a2-ab8c-962ff3c5a021.dcm,True,,,,0.0,,,0.0,,,0.0,
C:\Users\Gajendra\Desktop\D3_MONAI\Datasets\ReMIND\remind\ReMIND-077\01011\18037\626966e6-e0d0-44f7-8013-264ebe96aa87.dcm,True,,,,0.0,,,0.0,,,0.0,
C:\Users\Gajendra\Desktop\D3_MONAI\Datasets\ReMIND\remind\ReMIND-077\01011\69826\5fa33efa-9764-4f2e-9e30-055677aa1ced.dcm,True,,,,0.0,,,0.0,,,0.0,
C:\Users\Gajendra\Desktop\D3_MONAI\Datasets\ReMIND\remind\ReMIND-078\94597\60209\bd2ad64c-92c0-4f0c-930d-9a1a54f955e8.dcm,True,,,,0.0,,,0.0,,,0.0,
C:\Users\Gajendra\Desktop\D3_MONAI\Datasets\ReMIND\remind\ReMIND-078\94597\75168\d17d4343-b5f7-49cf-8dcd-08e5b75a0f37.dcm,True,,,,0.0,,,0.0,,,0.0,
C:\Users\Gajendra\Desktop\D3_MONAI\Datasets\ReMIND\remind\ReMIND-079\68963\12446\0d97ddf7-9c66-4f95-9723-17d837988847.dcm,True,,,,0.0,,,0.0,,,0.0,
C:\Users\Gajendra\Desktop\D3_MONAI\Datasets\ReMIND\remind\ReMIND-079\68963\18191\dd7e299d-b8e2-4ed6-b74a-4800d03980aa.dcm,True,,,,0.0,,,0.0,,,0.0,
C:\Users\Gajendra\Desktop\D3_MONAI\Datasets\ReMIND\remind\ReMIND-079\68963\96962\bbc5650b-3c1a-4eaa-947a-3ff6a44165b0.dcm,True,,,,0.0,,,0.0,,,0.0,
C:\Users\Gajendra\Desktop\D3_MONAI\Datasets\ReMIND\remind\ReMIND-080\79469\35045\769e25fc-f77c-48ee-abed-bf8e497788e9.dcm,True,,,,0.0,,,0.0,,,0.0,
C:\Users\Gajendra\Desktop\D3_MONAI\Datasets\ReMIND\remind\ReMIND-080\79469\39465\c48d9bb0-df93-4ac1-9d69-aaea5072c7ec.dcm,True,,,,0.0,,,0.0,,,0.0,
C:\Users\Gajendra\Desktop\D3_MONAI\Datasets\ReMIND\remind\ReMIND-080\79469\79331\ee675629-2366-4600-b6b5-614e45d98ed5.dcm,True,,,,0.0,,,0.0,,,0.0,
C:\Users\Gajendra\Desktop\D3_MONAI\Datasets\ReMIND\remind\ReMIND-081\96094\09602\88439254-be35-40e4-940e-661ee799a81a.dcm,True,,,,0.0,,,0.0,,,0.0,
C:\Users\Gajendra\Desktop\D3_MONAI\Datasets\ReMIND\remind\ReMIND-081\96094\37690\f0150523-d29d-48c8-af06-c8f42b389af0.dcm,True,,,,0.0,,,0.0,,,0.0,
C:\Users\Gajendra\Desktop\D3_MONAI\Datasets\ReMIND\remind\ReMIND-081\96094\64985\278ca33e-9bd0-44a7-ab2f-625f4859b00f.dcm,True,,,,0.0,,,0.0,,,0.0,
C:\Users\Gajendra\Desktop\D3_MONAI\Datasets\ReMIND\remind\ReMIND-082\52183\15245\7f230009-04c7-4858-b3fe-000128891246.dcm,True,,,,0.0,,,0.0,,,0.0,
C:\Users\Gajendra\Desktop\D3_MONAI\Datasets\ReMIND\remind\ReMIND-082\52183\54305\f7ec48c3-b6f9-41f2-9cdf-366202500c37.dcm,True,,,,0.0,,,0.0,,,0.0,
C:\Users\Gajendra\Desktop\D3_MONAI\Datasets\ReMIND\remind\ReMIND-082\52183\96123\67433208-d530-46fb-8616-81cefbf2839d.dcm,True,,,,0.0,,,0.0,,,0.0,
C:\Users\Gajendra\Desktop\D3_MONAI\Datasets\ReMIND\remind\ReMIND-083\56868\05942\0f39038f-d7dd-4eb0-a6d4-9d9f5a9305d6.dcm,True,,,,0.0,,,0.0,,,0.0,
C:\Users\Gajendra\Desktop\D3_MONAI\Datasets\ReMIND\remind\ReMIND-083\56868\24756\d765e758-d013-4174-b5d5-caa33ffc8de3.dcm,True,,,,0.0,,,0.0,,,0.0,
C:\Users\Gajendra\Desktop\D3_MONAI\Datasets\ReMIND\remind\ReMIND-083\56868\49029\20ae4eef-7bca-45c6-abc1-720a04ee0ebd.dcm,True,,,,0.0,,,0.0,,,0.0,
C:\Users\Gajendra\Desktop\D3_MONAI\Datasets\ReMIND\remind\ReMIND-084\94541\58702\5882ab4c-109d-414d-9d5f-b08b26b7d551.dcm,True,,,,0.0,,,0.0,,,0.0,
C:\Users\Gajendra\Desktop\D3_MONAI\Datasets\ReMIND\remind\ReMIND-084\94541\59871\4fcbc39e-06d5-4ee8-a778-a22b340758ca.dcm,True,,,,0.0,,,0.0,,,0.0,
C:\Users\Gajendra\Desktop\D3_MONAI\Datasets\ReMIND\remind\ReMIND-084\94541\96948\78703232-6662-4765-bdbc-a72a627bf46f.dcm,True,,,,0.0,,,0.0,,,0.0,
C:\Users\Gajendra\Desktop\D3_MONAI\Datasets\ReMIND\remind\ReMIND-085\54649\25195\b204816a-50eb-4c99-816f-7a199f7847f0.dcm,True,,,,0.0,,,0.0,,,0.0,
C:\Users\Gajendra\Desktop\D3_MONAI\Datasets\ReMIND\remind\ReMIND-085\54649\29305\80e1d24c-5b5c-4d53-967d-b551292bee83.dcm,True,,,,0.0,,,0.0,,,0.0,
C:\Users\Gajendra\Desktop\D3_MONAI\Datasets\ReMIND\remind\ReMIND-085\54649\96016\1fe69c90-c11a-47df-bda2-4b26359bcdeb.dcm,True,,,,0.0,,,0.0,,,0.0,
C:\Users\Gajendra\Desktop\D3_MONAI\Datasets\ReMIND\remind\ReMIND-086\87569\03553\01312e0d-4ddd-4042-b541-c38ad79bcaa2.dcm,True,,,,0.0,,,0.0,,,0.0,
C:\Users\Gajendra\Desktop\D3_MONAI\Datasets\ReMIND\remind\ReMIND-086\87569\06004\d75ece91-2670-49a7-a5e0-aa26a95a17de.dcm,True,,,,0.0,,,0.0,,,0.0,
C:\Users\Gajendra\Desktop\D3_MONAI\Datasets\ReMIND\remind\ReMIND-086\87569\60465\2a738437-5c73-40b2-975a-1221a4174f45.dcm,True,,,,0.0,,,0.0,,,0.0,
C:\Users\Gajendra\Desktop\D3_MONAI\Datasets\ReMIND\remind\ReMIND-087\16895\28502\9f0e0bc5-f913-4c65-86b5-f8e04f53fb12.dcm,True,,,,0.0,,,0.0,,,0.0,
C:\Users\Gajendra\Desktop\D3_MONAI\Datasets\ReMIND\remind\ReMIND-087\16895\68694\ced22455-3780-4199-8b6d-be403ce71805.dcm,True,,,,0.0,,,0.0,,,0.0,
C:\Users\Gajendra\Desktop\D3_MONAI\Datasets\ReMIND\remind\ReMIND-088\37518\07899\72b8c19a-d460-48a2-8342-527f35e2b8b9.dcm,True,,,,0.0,,,0.0,,,0.0,
C:\Users\Gajendra\Desktop\D3_MONAI\Datasets\ReMIND\remind\ReMIND-088\37518\29325\258c5bda-956e-43d3-be43-bfce15351364.dcm,True,,,,0.0,,,0.0,,,0.0,
C:\Users\Gajendra\Desktop\D3_MONAI\Datasets\ReMIND\remind\ReMIND-088\37518\92333\b3ede530-9ffb-4708-9299-3455ce44390d.dcm,True,,,,0.0,,,0.0,,,0.0,
C:\Users\Gajendra\Desktop\D3_MONAI\Datasets\ReMIND\remind\ReMIND-089\49063\10758\5d81a045-1128-435e-8d36-fd077e94033f.dcm,True,,,,0.0,,,0.0,,,0.0,
C:\Users\Gajendra\Desktop\D3_MONAI\Datasets\ReMIND\remind\ReMIND-089\49063\71702\35896633-6771-4b42-b900-2ad1b7f7e1eb.dcm,True,,,,0.0,,,0.0,,,0.0,
C:\Users\Gajendra\Desktop\D3_MONAI\Datasets\ReMIND\remind\ReMIND-089\49063\78804\8ba0740b-9101-4c2c-bff8-da486a3b044e.dcm,True,,,,0.0,,,0.0,,,0.0,
C:\Users\Gajendra\Desktop\D3_MONAI\Datasets\ReMIND\remind\ReMIND-090\75776\47410\ee08932f-018f-4cba-ba69-6e75f4c543b5.dcm,True,,,,0.0,,,0.0,,,0.0,
C:\Users\Gajendra\Desktop\D3_MONAI\Datasets\ReMIND\remind\ReMIND-090\75776\92369\64792e5b-edd9-4f26-a1a3-23fa31334ac6.dcm,True,,,,0.0,,,0.0,,,0.0,
C:\Users\Gajendra\Desktop\D3_MONAI\Datasets\ReMIND\remind\ReMIND-091\75724\08729\510287a7-77e2-4802-9082-7823249440e8.dcm,True,,,,0.0,,,0.0,,,0.0,
C:\Users\Gajendra\Desktop\D3_MONAI\Datasets\ReMIND\remind\ReMIND-091\75724\88522\d6d2b984-2cc7-4d51-9668-887f1eec6b09.dcm,True,,,,0.0,,,0.0,,,0.0,
C:\Users\Gajendra\Desktop\D3_MONAI\Datasets\ReMIND\remind\ReMIND-091\75724\91493\451b1a09-0893-49d1-b980-ef2b351fbb92.dcm,True,,,,0.0,,,0.0,,,0.0,
C:\Users\Gajendra\Desktop\D3_MONAI\Datasets\ReMIND\remind\ReMIND-092\78563\52279\7847a0c1-b37c-463f-b43d-eac919ebc68f.dcm,True,,,,0.0,,,0.0,,,0.0,
C:\Users\Gajendra\Desktop\D3_MONAI\Datasets\ReMIND\remind\ReMIND-092\78563\97593\3caf9c40-ed4d-4015-8d71-a40eaf2ee5d9.dcm,True,,,,0.0,,,0.0,,,0.0,
C:\Users\Gajendra\Desktop\D3_MONAI\Datasets\ReMIND\remind\ReMIND-092\78563\99336\f16d6214-60dd-4544-88d5-f13034f4bfeb.dcm,True,,,,0.0,,,0.0,,,0.0,
C:\Users\Gajendra\Desktop\D3_MONAI\Datasets\ReMIND\remind\ReMIND-093\57571\07750\234292c5-5304-4cf8-8915-4268784d019e.dcm,True,,,,0.0,,,0.0,,,0.0,
C:\Users\Gajendra\Desktop\D3_MONAI\Datasets\ReMIND\remind\ReMIND-093\57571\39842\329e3829-7c88-4fc1-9d5c-5326ef38d011.dcm,True,,,,0.0,,,0.0,,,0.0,
C:\Users\Gajendra\Desktop\D3_MONAI\Datasets\ReMIND\remind\ReMIND-093\57571\82065\edf6a536-971c-4649-b071-4489338b8711.dcm,True,,,,0.0,,,0.0,,,0.0,
C:\Users\Gajendra\Desktop\D3_MONAI\Datasets\ReMIND\remind\ReMIND-094\30187\54975\f2efc6bf-8ee8-48b0-b258-cc74bca00c9b.dcm,True,,,,0.0,,,0.0,,,0.0,
C:\Users\Gajendra\Desktop\D3_MONAI\Datasets\ReMIND\remind\ReMIND-094\30187\67906\9cd73590-2612-4670-851d-314a1ed6b5cb.dcm,True,,,,0.0,,,0.0,,,0.0,
C:\Users\Gajendra\Desktop\D3_MONAI\Datasets\ReMIND\remind\ReMIND-094\30187\70756\298c4f9a-419a-465a-95a9-cf801bbb05c2.dcm,True,,,,0.0,,,0.0,,,0.0,
C:\Users\Gajendra\Desktop\D3_MONAI\Datasets\ReMIND\remind\ReMIND-095\56015\21997\83668049-7899-4b1b-a764-53e315bee858.dcm,True,,,,0.0,,,0.0,,,0.0,
C:\Users\Gajendra\Desktop\D3_MONAI\Datasets\ReMIND\remind\ReMIND-095\56015\26775\6793f29d-ff08-499a-84c8-f9d19007ca67.dcm,True,,,,0.0,,,0.0,,,0.0,
C:\Users\Gajendra\Desktop\D3_MONAI\Datasets\ReMIND\remind\ReMIND-095\56015\33522\f78b2e67-12d4-407e-b613-eb00753088bc.dcm,True,,,,0.0,,,0.0,,,0.0,
C:\Users\Gajendra\Desktop\D3_MONAI\Datasets\ReMIND\remind\ReMIND-096\94095\71664\292d2631-effa-4b17-ab7f-95e357a0d1b3.dcm,True,,,,0.0,,,0.0,,,0.0,
C:\Users\Gajendra\Desktop\D3_MONAI\Datasets\ReMIND\remind\ReMIND-096\94095\74987\3a211bda-c919-4c59-982a-f8029a8ad8fd.dcm,True,,,,0.0,,,0.0,,,0.0,
C:\Users\Gajendra\Desktop\D3_MONAI\Datasets\ReMIND\remind\ReMIND-096\94095\89860\b8941333-66ea-4a4b-90af-c713ac2f1319.dcm,True,,,,0.0,,,0.0,,,0.0,
C:\Users\Gajendra\Desktop\D3_MONAI\Datasets\ReMIND\remind\ReMIND-097\32800\06524\62f42b6f-1363-4349-b48f-f950e9d37dd4.dcm,True,,,,0.0,,,0.0,,,0.0,
C:\Users\Gajendra\Desktop\D3_MONAI\Datasets\ReMIND\remind\ReMIND-097\32800\14254\996c6fc3-0f5c-48d7-9cc3-6fa04c6f4fe9.dcm,True,,,,0.0,,,0.0,,,0.0,
C:\Users\Gajendra\Desktop\D3_MONAI\Datasets\ReMIND\remind\ReMIND-097\32800\66903\dd83aca2-8c1d-4593-ae47-b6c6a5d66ea4.dcm,True,,,,0.0,,,0.0,,,0.0,
C:\Users\Gajendra\Desktop\D3_MONAI\Datasets\ReMIND\remind\ReMIND-098\02334\29593\930b95ac-9e5a-4dce-b905-913fc0e35318.dcm,True,,,,0.0,,,0.0,,,0.0,
C:\Users\Gajendra\Desktop\D3_MONAI\Datasets\ReMIND\remind\ReMIND-098\02334\49189\65516d18-413b-4c30-96a6-86d213e0ea35.dcm,True,,,,0.0,,,0.0,,,0.0,
C:\Users\Gajendra\Desktop\D3_MONAI\Datasets\ReMIND\remind\ReMIND-098\02334\80428\73f29055-cf22-4488-adae-6628615fd132.dcm,True,,,,0.0,,,0.0,,,0.0,
C:\Users\Gajendra\Desktop\D3_MONAI\Datasets\ReMIND\remind\ReMIND-099\78309\33756\55bc9d18-a591-4d76-9a73-358980874e81.dcm,True,,,,0.0,,,0.0,,,0.0,
C:\Users\Gajendra\Desktop\D3_MONAI\Datasets\ReMIND\remind\ReMIND-099\78309\56790\c121a3db-3dcf-43c9-b938-650b40ce7bb6.dcm,True,,,,0.0,,,0.0,,,0.0,
C:\Users\Gajendra\Desktop\D3_MONAI\Datasets\ReMIND\remind\ReMIND-099\78309\60760\c93c02d3-8c26-4c61-b240-dfcff5e317ed.dcm,True,,,,0.0,,,0.0,,,0.0,
C:\Users\Gajendra\Desktop\D3_MONAI\Datasets\ReMIND\remind\ReMIND-100\03930\29103\31af5818-decc-462e-b1d3-d371eb03223a.dcm,True,,,,0.0,,,0.0,,,0.0,
C:\Users\Gajendra\Desktop\D3_MONAI\Datasets\ReMIND\remind\ReMIND-100\03930\80865\b37ba794-f182-4109-9752-99bdaa26e148.dcm,True,,,,0.0,,,0.0,,,0.0,
C:\Users\Gajendra\Desktop\D3_MONAI\Datasets\ReMIND\remind\ReMIND-101\46689\24768\b22af290-1647-4613-9f23-0d61d614987f.dcm,True,,,,0.0,,,0.0,,,0.0,
C:\Users\Gajendra\Desktop\D3_MONAI\Datasets\ReMIND\remind\ReMIND-101\46689\51032\1ea43a02-b7bf-4bc8-a597-0bc6605f2908.dcm,True,,,,0.0,,,0.0,,,0.0,
C:\Users\Gajendra\Desktop\D3_MONAI\Datasets\ReMIND\remind\ReMIND-101\46689\68502\64f49afc-a7cc-48b1-b839-0f59c3376eb9.dcm,True,,,,0.0,,,0.0,,,0.0,
C:\Users\Gajendra\Desktop\D3_MONAI\Datasets\ReMIND\remind\ReMIND-102\76449\11349\64de50a6-03ed-4e69-bad2-cddc3584e680.dcm,True,,,,0.0,,,0.0,,,0.0,
C:\Users\Gajendra\Desktop\D3_MONAI\Datasets\ReMIND\remind\ReMIND-102\76449\61897\d609c533-538b-4cd4-b96d-0e498c302b43.dcm,True,,,,0.0,,,0.0,,,0.0,
C:\Users\Gajendra\Desktop\D3_MONAI\Datasets\ReMIND\remind\ReMIND-102\76449\96796\4572d001-2e50-4639-b479-3eeaf4421841.dcm,True,,,,0.0,,,0.0,,,0.0,
C:\Users\Gajendra\Desktop\D3_MONAI\Datasets\ReMIND\remind\ReMIND-103\69597\03615\b0bf1601-c563-4219-a769-2e4387f52df1.dcm,True,,,,0.0,,,0.0,,,0.0,
C:\Users\Gajendra\Desktop\D3_MONAI\Datasets\ReMIND\remind\ReMIND-103\69597\13241\aae8f762-c92f-4d18-95a2-189bd385347b.dcm,True,,,,0.0,,,0.0,,,0.0,
C:\Users\Gajendra\Desktop\D3_MONAI\Datasets\ReMIND\remind\ReMIND-103\69597\14726\8f60cb73-3fae-47bc-82a3-45836c5bcaac.dcm,True,,,,0.0,,,0.0,,,0.0,
C:\Users\Gajendra\Desktop\D3_MONAI\Datasets\ReMIND\remind\ReMIND-104\64010\29360\a6d8393f-11e9-4c97-8fd6-d0027281f7e0.dcm,True,,,,0.0,,,0.0,,,0.0,
C:\Users\Gajendra\Desktop\D3_MONAI\Datasets\ReMIND\remind\ReMIND-104\64010\36235\1f06598a-f23f-406e-baaa-45b3b2ebe2c2.dcm,True,,,,0.0,,,0.0,,,0.0,
C:\Users\Gajendra\Desktop\D3_MONAI\Datasets\ReMIND\remind\ReMIND-104\64010\92004\77f9877f-3a3b-46c8-abcf-b44bde8650f8.dcm,True,,,,0.0,,,0.0,,,0.0,
C:\Users\Gajendra\Desktop\D3_MONAI\Datasets\ReMIND\remind\ReMIND-105\93602\13111\2a830e97-1209-4d3b-9410-d9b6de3e2bea.dcm,True,,,,0.0,,,0.0,,,0.0,
C:\Users\Gajendra\Desktop\D3_MONAI\Datasets\ReMIND\remind\ReMIND-105\93602\40132\494ecd3a-f015-4f9e-9b4a-3d8c04607d3b.dcm,True,,,,0.0,,,0.0,,,0.0,
C:\Users\Gajendra\Desktop\D3_MONAI\Datasets\ReMIND\remind\ReMIND-105\93602\93063\276c575c-5d44-42fa-98fa-2c8ac87d7531.dcm,True,,,,0.0,,,0.0,,,0.0,
C:\Users\Gajendra\Desktop\D3_MONAI\Datasets\ReMIND\remind\ReMIND-106\18988\53861\e43e1490-0682-4542-997d-4fb3552504a1.dcm,True,,,,0.0,,,0.0,,,0.0,
C:\Users\Gajendra\Desktop\D3_MONAI\Datasets\ReMIND\remind\ReMIND-106\18988\99617\1d6b8499-3740-4091-90d0-3ba730d3db7f.dcm,True,,,,0.0,,,0.0,,,0.0,
C:\Users\Gajendra\Desktop\D3_MONAI\Datasets\ReMIND\remind\ReMIND-107\96079\05252\7a5fac4d-1317-4df3-9c49-4a2863917795.dcm,True,,,,0.0,,,0.0,,,0.0,
C:\Users\Gajendra\Desktop\D3_MONAI\Datasets\ReMIND\remind\ReMIND-107\96079\62550\3f4fd79b-8622-439e-8ad2-a621273825a7.dcm,True,,,,0.0,,,0.0,,,0.0,
C:\Users\Gajendra\Desktop\D3_MONAI\Datasets\ReMIND\remind\ReMIND-107\96079\67054\0daade2e-c2e3-47b2-bd53-bed7143b1196.dcm,True,,,,0.0,,,0.0,,,0.0,
C:\Users\Gajendra\Desktop\D3_MONAI\Datasets\ReMIND\remind\ReMIND-108\35421\40517\277bdcff-25d6-4432-9d90-6c383568ecc4.dcm,True,,,,0.0,,,0.0,,,0.0,
C:\Users\Gajendra\Desktop\D3_MONAI\Datasets\ReMIND\remind\ReMIND-108\35421\60705\06de612d-4259-42f2-891e-cf9da2a32623.dcm,True,,,,0.0,,,0.0,,,0.0,
C:\Users\Gajendra\Desktop\D3_MONAI\Datasets\ReMIND\remind\ReMIND-108\35421\71346\226888e2-3bf8-4409-934d-2e11c0e14d46.dcm,True,,,,0.0,,,0.0,,,0.0,
C:\Users\Gajendra\Desktop\D3_MONAI\Datasets\ReMIND\remind\ReMIND-109\92522\12827\b03646f3-977b-4eaf-a869-f4d481315832.dcm,True,,,,0.0,,,0.0,,,0.0,
C:\Users\Gajendra\Desktop\D3_MONAI\Datasets\ReMIND\remind\ReMIND-109\92522\56575\fe965e84-fcd3-4eb2-bf31-169664420955.dcm,True,,,,0.0,,,0.0,,,0.0,
C:\Users\Gajendra\Desktop\D3_MONAI\Datasets\ReMIND\remind\ReMIND-109\92522\74979\95c067e9-f48c-424d-8523-472d2bf64dda.dcm,True,,,,0.0,,,0.0,,,0.0,
C:\Users\Gajendra\Desktop\D3_MONAI\Datasets\ReMIND\remind\ReMIND-110\94731\22725\6ea13686-ae11-40c5-ad12-fb065f07f19b.dcm,True,,,,0.0,,,0.0,,,0.0,
C:\Users\Gajendra\Desktop\D3_MONAI\Datasets\ReMIND\remind\ReMIND-110\94731\58728\e2329098-06eb-4871-9527-ff32b16b6cad.dcm,True,,,,0.0,,,0.0,,,0.0,
C:\Users\Gajendra\Desktop\D3_MONAI\Datasets\ReMIND\remind\ReMIND-110\94731\79598\e4c7a2c4-31d2-409a-b596-6e59e8af3b2f.dcm,True,,,,0.0,,,0.0,,,0.0,
C:\Users\Gajendra\Desktop\D3_MONAI\Datasets\ReMIND\remind\ReMIND-111\53926\43902\d5c6f483-cbdb-4d1b-a741-80d249c8c01b.dcm,True,,,,0.0,,,0.0,,,0.0,
C:\Users\Gajendra\Desktop\D3_MONAI\Datasets\ReMIND\remind\ReMIND-111\53926\51120\6c5c5bad-a272-4174-9bfb-9145265acd36.dcm,True,,,,0.0,,,0.0,,,0.0,
C:\Users\Gajendra\Desktop\D3_MONAI\Datasets\ReMIND\remind\ReMIND-111\53926\94233\e229f305-0ec1-479c-b58f-d2a75483ae55.dcm,True,,,,0.0,,,0.0,,,0.0,
C:\Users\Gajendra\Desktop\D3_MONAI\Datasets\ReMIND\remind\ReMIND-112\94137\49797\ed5ab3a0-4e8d-4346-bf03-7f1d86068705.dcm,True,,,,0.0,,,0.0,,,0.0,
C:\Users\Gajendra\Desktop\D3_MONAI\Datasets\ReMIND\remind\ReMIND-112\94137\58889\7339cc61-abf0-4ed8-b79d-5f177332e8b8.dcm,True,,,,0.0,,,0.0,,,0.0,
C:\Users\Gajendra\Desktop\D3_MONAI\Datasets\ReMIND\remind\ReMIND-112\94137\67253\09fec51f-bbff-42ac-ba77-1463255ec5ba.dcm,True,,,,0.0,,,0.0,,,0.0,
C:\Users\Gajendra\Desktop\D3_MONAI\Datasets\ReMIND\remind\ReMIND-113\34216\08546\769e8023-53c4-4552-bc8c-353228235577.dcm,True,,,,0.0,,,0.0,,,0.0,
C:\Users\Gajendra\Desktop\D3_MONAI\Datasets\ReMIND\remind\ReMIND-113\34216\30650\9fda7c1d-8d83-491b-a8d3-249815dfcb86.dcm,True,,,,0.0,,,0.0,,,0.0,
C:\Users\Gajendra\Desktop\D3_MONAI\Datasets\ReMIND\remind\ReMIND-113\34216\75987\b43f4b4d-39e3-4488-8680-4d9be5353859.dcm,True,,,,0.0,,,0.0,,,0.0,
C:\Users\Gajendra\Desktop\D3_MONAI\Datasets\ReMIND\remind\ReMIND-114\76393\52763\257f05b6-05b0-4e1e-9526-77784126cea3.dcm,True,,,,0.0,,,0.0,,,0.0,
C:\Users\Gajendra\Desktop\D3_MONAI\Datasets\ReMIND\remind\ReMIND-114\76393\61276\cba39c47-bab2-4436-9865-093df89f0143.dcm,True,,,,0.0,,,0.0,,,0.0,
C:\Users\Gajendra\Desktop\D3_MONAI\Datasets\ReMIND\remind\ReMIND-114\76393\80709\25d07f40-a220-4077-bf44-4d5b71be2cfd.dcm,True,,,,0.0,,,0.0,,,0.0,
C:\Users\Gajendra\Desktop\D3_MONAI\Datasets\TCIA_IDC_Prostate_MRI_US_Biopsy\prostate_mri_us_biopsy\Prostate-MRI-US-Biopsy-0001\32445\70737\a10076f4-1e1b-4cb0-b735-d50865d5d4bb.dcm,True,,,,0.0,,,0.0,,,0.0,
C:\Users\Gajendra\Desktop\D3_MONAI\Datasets\TCIA_IDC_Prostate_MRI_US_Biopsy\prostate_mri_us_biopsy\Prostate-MRI-US-Biopsy-0001\57262\80612\431389b4-6e15-4223-8d74-ca4024a3cde4.dcm,True,,,,0.0,,,0.0,,,0.0,
C:\Users\Gajendra\Desktop\D3_MONAI\Datasets\TCIA_IDC_Prostate_MRI_US_Biopsy\prostate_mri_us_biopsy\Prostate-MRI-US-Biopsy-0002\71224\98734\ead7764f-12c0-449b-adc6-4c2735c54869.dcm,True,,,,0.0,,,0.0,,,0.0,
C:\Users\Gajendra\Desktop\D3_MONAI\Datasets\TCIA_IDC_Prostate_MRI_US_Biopsy\prostate_mri_us_biopsy\Prostate-MRI-US-Biopsy-0002\78569\48574\906ca8a1-b20c-436a-9738-5e5d04a9b2e1.dcm,True,,,,0.0,,,0.0,,,0.0,
C:\Users\Gajendra\Desktop\D3_MONAI\Datasets\TCIA_IDC_Prostate_MRI_US_Biopsy\prostate_mri_us_biopsy\Prostate-MRI-US-Biopsy-0003\20726\68016\5d7da55c-4ee4-4b0d-a292-16ac5cde02bd.dcm,True,,,,0.0,,,0.0,,,0.0,
C:\Users\Gajendra\Desktop\D3_MONAI\Datasets\TCIA_IDC_Prostate_MRI_US_Biopsy\prostate_mri_us_biopsy\Prostate-MRI-US-Biopsy-0004\50207\03866\08bcb294-d5c9-4bb1-b8ac-e28cacbaf158.dcm,True,,,,0.0,,,0.0,,,0.0,
C:\Users\Gajendra\Desktop\D3_MONAI\Datasets\TCIA_IDC_Prostate_MRI_US_Biopsy\prostate_mri_us_biopsy\Prostate-MRI-US-Biopsy-0005\78430\23439\8bd82051-0a61-43d6-9e8a-232eb8405120.dcm,True,,,,0.0,,,0.0,,,0.0,
C:\Users\Gajendra\Desktop\D3_MONAI\Datasets\TCIA_IDC_Prostate_MRI_US_Biopsy\prostate_mri_us_biopsy\Prostate-MRI-US-Biopsy-0006\11698\76392\9ec4f1a0-bb51-447d-942e-b4d6b0cb9065.dcm,True,,,,0.0,,,0.0,,,0.0,
C:\Users\Gajendra\Desktop\D3_MONAI\Datasets\TCIA_IDC_Prostate_MRI_US_Biopsy\prostate_mri_us_biopsy\Prostate-MRI-US-Biopsy-0007\38644\12477\cdd4d44c-a921-4caf-b0e9-b93b4a4502ef.dcm,True,,,,0.0,,,0.0,,,0.0,
C:\Users\Gajendra\Desktop\D3_MONAI\Datasets\TCIA_IDC_Prostate_MRI_US_Biopsy\prostate_mri_us_biopsy\Prostate-MRI-US-Biopsy-0007\49154\54666\dc5da079-66ae-42fc-9ac6-e5a3d1ad8904.dcm,True,,,,0.0,,,0.0,,,0.0,
C:\Users\Gajendra\Desktop\D3_MONAI\Datasets\TCIA_IDC_Prostate_MRI_US_Biopsy\prostate_mri_us_biopsy\Prostate-MRI-US-Biopsy-0007\73525\59503\c9ad3421-9418-497b-9bf0-eccb5d5cadb8.dcm,True,,,,0.0,,,0.0,,,0.0,
C:\Users\Gajendra\Desktop\D3_MONAI\Datasets\TCIA_IDC_Prostate_MRI_US_Biopsy\prostate_mri_us_biopsy\Prostate-MRI-US-Biopsy-0008\69467\89732\539ec7f3-580e-421a-a8e9-1fffb668a7ca.dcm,True,,,,0.0,,,0.0,,,0.0,
C:\Users\Gajendra\Desktop\D3_MONAI\Datasets\TCIA_IDC_Prostate_MRI_US_Biopsy\prostate_mri_us_biopsy\Prostate-MRI-US-Biopsy-0009\73746\27701\24834987-45d5-4795-a46e-1f3111fa7021.dcm,True,,,,0.0,,,0.0,,,0.0,
C:\Users\Gajendra\Desktop\D3_MONAI\Datasets\TCIA_IDC_Prostate_MRI_US_Biopsy\prostate_mri_us_biopsy\Prostate-MRI-US-Biopsy-0009\76769\51943\c970e3c0-e198-40ec-9cae-d3ade7bc0032.dcm,True,,,,0.0,,,0.0,,,0.0,
C:\Users\Gajendra\Desktop\D3_MONAI\Datasets\TCIA_IDC_Prostate_MRI_US_Biopsy\prostate_mri_us_biopsy\Prostate-MRI-US-Biopsy-0010\97589\03676\329e7d92-3380-4759-9b22-67ecbeeadee5.dcm,True,,,,0.0,,,0.0,,,0.0,
C:\Users\Gajendra\Desktop\D3_MONAI\Datasets\TCIA_IDC_Prostate_MRI_US_Biopsy\prostate_mri_us_biopsy\Prostate-MRI-US-Biopsy-0011\69850\36341\334d87c6-5772-418d-a511-573e8ea24f19.dcm,True,,,,0.0,,,0.0,,,0.0,
C:\Users\Gajendra\Desktop\D3_MONAI\Datasets\TCIA_IDC_Prostate_MRI_US_Biopsy\prostate_mri_us_biopsy\Prostate-MRI-US-Biopsy-0012\15790\90294\d6a675f2-c269-4a95-88ef-d099905d1dea.dcm,True,,,,0.0,,,0.0,,,0.0,
C:\Users\Gajendra\Desktop\D3_MONAI\Datasets\TCIA_IDC_Prostate_MRI_US_Biopsy\prostate_mri_us_biopsy\Prostate-MRI-US-Biopsy-0012\26158\24363\cacd5eaa-bbad-47fd-9626-88b5f07867a9.dcm,True,,,,0.0,,,0.0,,,0.0,
C:\Users\Gajendra\Desktop\D3_MONAI\Datasets\TCIA_IDC_Prostate_MRI_US_Biopsy\prostate_mri_us_biopsy\Prostate-MRI-US-Biopsy-0012\43837\85047\93b95ba4-51a4-43d4-920d-e7c789820272.dcm,True,,,,0.0,,,0.0,,,0.0,
C:\Users\Gajendra\Desktop\D3_MONAI\Datasets\TCIA_IDC_Prostate_MRI_US_Biopsy\prostate_mri_us_biopsy\Prostate-MRI-US-Biopsy-0013\09966\10900\b5b40e40-eb68-4044-a0f5-70e30336f054.dcm,True,,,,0.0,,,0.0,,,0.0,
C:\Users\Gajendra\Desktop\D3_MONAI\Datasets\TCIA_IDC_Prostate_MRI_US_Biopsy\prostate_mri_us_biopsy\Prostate-MRI-US-Biopsy-0013\20551\07569\357c2de7-cee8-446f-9b83-ccbc4471c4b3.dcm,True,,,,0.0,,,0.0,,,0.0,
C:\Users\Gajendra\Desktop\D3_MONAI\Datasets\TCIA_IDC_Prostate_MRI_US_Biopsy\prostate_mri_us_biopsy\Prostate-MRI-US-Biopsy-0013\45247\81366\b07d656b-b67d-4f87-855c-eac6b58229fc.dcm,True,,,,0.0,,,0.0,,,0.0,
C:\Users\Gajendra\Desktop\D3_MONAI\Datasets\TCIA_IDC_Prostate_MRI_US_Biopsy\prostate_mri_us_biopsy\Prostate-MRI-US-Biopsy-0013\78379\46174\a12889d4-bc3c-444d-a74e-01cdfa25d531.dcm,True,,,,0.0,,,0.0,,,0.0,
C:\Users\Gajendra\Desktop\D3_MONAI\Datasets\TCIA_IDC_Prostate_MRI_US_Biopsy\prostate_mri_us_biopsy\Prostate-MRI-US-Biopsy-0014\91324\42080\4510724c-8d27-4d1a-9c5c-f891acee4a68.dcm,True,,,,0.0,,,0.0,,,0.0,
C:\Users\Gajendra\Desktop\D3_MONAI\Datasets\TCIA_IDC_Prostate_MRI_US_Biopsy\prostate_mri_us_biopsy\Prostate-MRI-US-Biopsy-0015\24496\35321\6bbb2a5a-f6aa-4d3a-af62-80825a371171.dcm,True,,,,0.0,,,0.0,,,0.0,
C:\Users\Gajendra\Desktop\D3_MONAI\Datasets\TCIA_IDC_Prostate_MRI_US_Biopsy\prostate_mri_us_biopsy\Prostate-MRI-US-Biopsy-0015\42003\71769\176144c8-9a33-472c-9a91-6476121b4e0f.dcm,True,,,,0.0,,,0.0,,,0.0,
C:\Users\Gajendra\Desktop\D3_MONAI\Datasets\TCIA_IDC_Prostate_MRI_US_Biopsy\prostate_mri_us_biopsy\Prostate-MRI-US-Biopsy-0016\69024\76259\93bca189-cb39-4fb3-a10a-58a480bff234.dcm,True,,,,0.0,,,0.0,,,0.0,
C:\Users\Gajendra\Desktop\D3_MONAI\Datasets\TCIA_IDC_Prostate_MRI_US_Biopsy\prostate_mri_us_biopsy\Prostate-MRI-US-Biopsy-0016\85184\99996\f5c18027-73b0-4108-a8a3-d2072b77d258.dcm,True,,,,0.0,,,0.0,,,0.0,
C:\Users\Gajendra\Desktop\D3_MONAI\Datasets\TCIA_IDC_Prostate_MRI_US_Biopsy\prostate_mri_us_biopsy\Prostate-MRI-US-Biopsy-0016\90318\80671\3aa96a83-310e-4c66-96fe-5881f4748d9f.dcm,True,,,,0.0,,,0.0,,,0.0,
C:\Users\Gajendra\Desktop\D3_MONAI\Datasets\TCIA_IDC_Prostate_MRI_US_Biopsy\prostate_mri_us_biopsy\Prostate-MRI-US-Biopsy-0017\09103\64872\6da4183d-8008-4670-a25e-7952f11e29d9.dcm,True,,,,0.0,,,0.0,,,0.0,
C:\Users\Gajendra\Desktop\D3_MONAI\Datasets\TCIA_IDC_Prostate_MRI_US_Biopsy\prostate_mri_us_biopsy\Prostate-MRI-US-Biopsy-0018\15985\23398\9c94dde0-d038-441b-91ca-4b08f8087439.dcm,True,,,,0.0,,,0.0,,,0.0,
C:\Users\Gajendra\Desktop\D3_MONAI\Datasets\TCIA_IDC_Prostate_MRI_US_Biopsy\prostate_mri_us_biopsy\Prostate-MRI-US-Biopsy-0019\27324\41754\e4a9e0c9-89d3-44ce-970a-797dd32859cf.dcm,True,,,,0.0,,,0.0,,,0.0,
C:\Users\Gajendra\Desktop\D3_MONAI\Datasets\TCIA_IDC_Prostate_MRI_US_Biopsy\prostate_mri_us_biopsy\Prostate-MRI-US-Biopsy-0020\06385\18418\8130212e-cc26-46c2-ac6b-f1e3e15ff634.dcm,True,,,,0.0,,,0.0,,,0.0,
C:\Users\Gajendra\Desktop\D3_MONAI\Datasets\TCIA_IDC_Prostate_MRI_US_Biopsy\prostate_mri_us_biopsy\Prostate-MRI-US-Biopsy-0020\55613\66004\f323650b-5727-48f2-acbd-231eec4902ff.dcm,True,,,,0.0,,,0.0,,,0.0,
C:\Users\Gajendra\Desktop\D3_MONAI\Datasets\TCIA_IDC_Prostate_MRI_US_Biopsy\prostate_mri_us_biopsy\Prostate-MRI-US-Biopsy-0020\55879\79673\bb6f5765-3dcb-4542-8cbe-c4c03be1e3e3.dcm,True,,,,0.0,,,0.0,,,0.0,
C:\Users\Gajendra\Desktop\D3_MONAI\Datasets\TCIA_IDC_Prostate_MRI_US_Biopsy\prostate_mri_us_biopsy\Prostate-MRI-US-Biopsy-0020\77141\51481\fe1cfde0-8886-4edb-8229-9baaf949115e.dcm,True,,,,0.0,,,0.0,,,0.0,
C:\Users\Gajendra\Desktop\D3_MONAI\Datasets\TCIA_IDC_Prostate_MRI_US_Biopsy\prostate_mri_us_biopsy\Prostate-MRI-US-Biopsy-0020\84742\13880\fea06f4f-60fa-4cea-9fe0-8ca1d6214417.dcm,True,,,,0.0,,,0.0,,,0.0,
C:\Users\Gajendra\Desktop\D3_MONAI\Datasets\TCIA_IDC_Prostate_MRI_US_Biopsy\prostate_mri_us_biopsy\Prostate-MRI-US-Biopsy-0021\79120\28769\e5da8fad-c992-427c-9e3b-8d3b763ae741.dcm,True,,,,0.0,,,0.0,,,0.0,
C:\Users\Gajendra\Desktop\D3_MONAI\Datasets\TCIA_IDC_Prostate_MRI_US_Biopsy\prostate_mri_us_biopsy\Prostate-MRI-US-Biopsy-0022\00569\59589\53006e78-6a5b-4fc9-9fdd-2f512d238d13.dcm,True,,,,0.0,,,0.0,,,0.0,
C:\Users\Gajendra\Desktop\D3_MONAI\Datasets\TCIA_IDC_Prostate_MRI_US_Biopsy\prostate_mri_us_biopsy\Prostate-MRI-US-Biopsy-0022\85121\44012\d0d2891b-a6ef-415a-ac41-1d4522e2df10.dcm,True,,,,0.0,,,0.0,,,0.0,
C:\Users\Gajendra\Desktop\D3_MONAI\Datasets\TCIA_IDC_Prostate_MRI_US_Biopsy\prostate_mri_us_biopsy\Prostate-MRI-US-Biopsy-0023\29788\41470\427eb33d-557e-4caf-90da-751c39b3921c.dcm,True,,,,0.0,,,0.0,,,0.0,
C:\Users\Gajendra\Desktop\D3_MONAI\Datasets\TCIA_IDC_Prostate_MRI_US_Biopsy\prostate_mri_us_biopsy\Prostate-MRI-US-Biopsy-0024\19224\33333\1991bbd9-3354-4ded-87a0-95cdb95bc6e5.dcm,True,,,,0.0,,,0.0,,,0.0,
C:\Users\Gajendra\Desktop\D3_MONAI\Datasets\TCIA_IDC_Prostate_MRI_US_Biopsy\prostate_mri_us_biopsy\Prostate-MRI-US-Biopsy-0024\21641\38982\51e53227-6353-4551-ba9a-8c58a1dbf95a.dcm,True,,,,0.0,,,0.0,,,0.0,
C:\Users\Gajendra\Desktop\D3_MONAI\Datasets\TCIA_IDC_Prostate_MRI_US_Biopsy\prostate_mri_us_biopsy\Prostate-MRI-US-Biopsy-0024\48043\85154\4d4196e8-4a12-41a8-b8ad-72163c2437df.dcm,True,,,,0.0,,,0.0,,,0.0,
C:\Users\Gajendra\Desktop\D3_MONAI\Datasets\TCIA_IDC_Prostate_MRI_US_Biopsy\prostate_mri_us_biopsy\Prostate-MRI-US-Biopsy-0024\60090\87454\3a595bc1-1f6c-4be4-887e-10648110f042.dcm,True,,,,0.0,,,0.0,,,0.0,
C:\Users\Gajendra\Desktop\D3_MONAI\Datasets\TCIA_IDC_Prostate_MRI_US_Biopsy\prostate_mri_us_biopsy\Prostate-MRI-US-Biopsy-0025\08356\98039\c1109a20-72ca-4211-a838-9d4758e6d85a.dcm,True,,,,0.0,,,0.0,,,0.0,
C:\Users\Gajendra\Desktop\D3_MONAI\Datasets\TCIA_IDC_Prostate_MRI_US_Biopsy\prostate_mri_us_biopsy\Prostate-MRI-US-Biopsy-0026\87441\40524\4625a1c6-fbdf-404d-9774-f94d43bcaed1.dcm,True,,,,0.0,,,0.0,,,0.0,
C:\Users\Gajendra\Desktop\D3_MONAI\Datasets\TCIA_IDC_Prostate_MRI_US_Biopsy\prostate_mri_us_biopsy\Prostate-MRI-US-Biopsy-0027\38619\18328\1ae4f7be-e2bc-4baf-adf6-27e49102cda1.dcm,True,,,,0.0,,,0.0,,,0.0,
C:\Users\Gajendra\Desktop\D3_MONAI\Datasets\TCIA_IDC_Prostate_MRI_US_Biopsy\prostate_mri_us_biopsy\Prostate-MRI-US-Biopsy-0028\24341\83561\7e273289-4931-489b-aaf3-b19231325a38.dcm,True,,,,0.0,,,0.0,,,0.0,
C:\Users\Gajendra\Desktop\D3_MONAI\Datasets\TCIA_IDC_Prostate_MRI_US_Biopsy\prostate_mri_us_biopsy\Prostate-MRI-US-Biopsy-0028\27758\16731\29ee1795-d780-44e3-8983-d099c8dcd0e8.dcm,True,,,,0.0,,,0.0,,,0.0,
C:\Users\Gajendra\Desktop\D3_MONAI\Datasets\TCIA_IDC_Prostate_MRI_US_Biopsy\prostate_mri_us_biopsy\Prostate-MRI-US-Biopsy-0028\56831\33398\aff8a845-a69b-4c16-b68c-6dce61f8f84e.dcm,True,,,,0.0,,,0.0,,,0.0,
C:\Users\Gajendra\Desktop\D3_MONAI\Datasets\TCIA_IDC_Prostate_MRI_US_Biopsy\prostate_mri_us_biopsy\Prostate-MRI-US-Biopsy-0029\48565\74596\69329aea-c374-4406-afcc-3e5e0ba5823e.dcm,True,,,,0.0,,,0.0,,,0.0,
C:\Users\Gajendra\Desktop\D3_MONAI\Datasets\TCIA_IDC_Prostate_MRI_US_Biopsy\prostate_mri_us_biopsy\Prostate-MRI-US-Biopsy-0030\18059\20735\1a3b1c79-a64a-44fb-84b0-79e0eb11c9e9.dcm,True,,,,0.0,,,0.0,,,0.0,
C:\Users\Gajendra\Desktop\D3_MONAI\Datasets\TCIA_IDC_Prostate_MRI_US_Biopsy\prostate_mri_us_biopsy\Prostate-MRI-US-Biopsy-0031\64470\41667\bec3d3e6-fd89-4eb1-b65b-62e0a63bfad0.dcm,True,,,,0.0,,,0.0,,,0.0,
C:\Users\Gajendra\Desktop\D3_MONAI\Datasets\TCIA_IDC_Prostate_MRI_US_Biopsy\prostate_mri_us_biopsy\Prostate-MRI-US-Biopsy-0031\67890\55158\74803a4c-ecdc-4ad2-96d0-d43dd813509c.dcm,True,,,,0.0,,,0.0,,,0.0,
C:\Users\Gajendra\Desktop\D3_MONAI\Datasets\TCIA_IDC_Prostate_MRI_US_Biopsy\prostate_mri_us_biopsy\Prostate-MRI-US-Biopsy-0032\12172\71187\e641d8a3-f147-438e-ab24-9f2382ce6184.dcm,True,,,,0.0,,,0.0,,,0.0,
C:\Users\Gajendra\Desktop\D3_MONAI\Datasets\TCIA_IDC_Prostate_MRI_US_Biopsy\prostate_mri_us_biopsy\Prostate-MRI-US-Biopsy-0032\12454\91138\4ef8e17d-be75-4520-9291-904e5b674b83.dcm,True,,,,0.0,,,0.0,,,0.0,
C:\Users\Gajendra\Desktop\D3_MONAI\Datasets\TCIA_IDC_Prostate_MRI_US_Biopsy\prostate_mri_us_biopsy\Prostate-MRI-US-Biopsy-0032\55489\79558\01c2cec7-641b-4433-a40b-02a7c75195c2.dcm,True,,,,0.0,,,0.0,,,0.0,
C:\Users\Gajendra\Desktop\D3_MONAI\Datasets\TCIA_IDC_Prostate_MRI_US_Biopsy\prostate_mri_us_biopsy\Prostate-MRI-US-Biopsy-0033\02962\86059\9a993d81-b90f-42f1-a502-ff3be104cb5f.dcm,True,,,,0.0,,,0.0,,,0.0,
C:\Users\Gajendra\Desktop\D3_MONAI\Datasets\TCIA_IDC_Prostate_MRI_US_Biopsy\prostate_mri_us_biopsy\Prostate-MRI-US-Biopsy-0033\19458\45677\94c149bb-9921-4410-9201-b809fbb04154.dcm,True,,,,0.0,,,0.0,,,0.0,
C:\Users\Gajendra\Desktop\D3_MONAI\Datasets\TCIA_IDC_Prostate_MRI_US_Biopsy\prostate_mri_us_biopsy\Prostate-MRI-US-Biopsy-0033\40663\58609\ac28a9c3-ec4e-4b8b-84d0-139c9c7bc604.dcm,True,,,,0.0,,,0.0,,,0.0,
C:\Users\Gajendra\Desktop\D3_MONAI\Datasets\TCIA_IDC_Prostate_MRI_US_Biopsy\prostate_mri_us_biopsy\Prostate-MRI-US-Biopsy-0033\70603\56415\fa1661bc-12c4-435e-be7c-87e4e76f3644.dcm,True,,,,0.0,,,0.0,,,0.0,
C:\Users\Gajendra\Desktop\D3_MONAI\Datasets\TCIA_IDC_Prostate_MRI_US_Biopsy\prostate_mri_us_biopsy\Prostate-MRI-US-Biopsy-0034\19629\25380\3b0745bc-0095-4dbc-9677-7896e0ac47a2.dcm,True,,,,0.0,,,0.0,,,0.0,
C:\Users\Gajendra\Desktop\D3_MONAI\Datasets\TCIA_IDC_Prostate_MRI_US_Biopsy\prostate_mri_us_biopsy\Prostate-MRI-US-Biopsy-0034\82365\72715\80660edc-0d09-4db4-8b7d-24a5636d53f1.dcm,True,,,,0.0,,,0.0,,,0.0,
C:\Users\Gajendra\Desktop\D3_MONAI\Datasets\TCIA_IDC_Prostate_MRI_US_Biopsy\prostate_mri_us_biopsy\Prostate-MRI-US-Biopsy-0035\96832\46613\f7125700-f2e7-4b46-a045-4a14646b9a55.dcm,True,,,,0.0,,,0.0,,,0.0,
C:\Users\Gajendra\Desktop\D3_MONAI\Datasets\TCIA_IDC_Prostate_MRI_US_Biopsy\prostate_mri_us_biopsy\Prostate-MRI-US-Biopsy-0036\36756\79053\2bb33670-538f-41f8-9de3-347c6029a5ab.dcm,True,,,,0.0,,,0.0,,,0.0,
C:\Users\Gajendra\Desktop\D3_MONAI\Datasets\TCIA_IDC_Prostate_MRI_US_Biopsy\prostate_mri_us_biopsy\Prostate-MRI-US-Biopsy-0036\71255\16967\7982d67b-9c7f-4b1e-90ee-286761e5fc4f.dcm,True,,,,0.0,,,0.0,,,0.0,
C:\Users\Gajendra\Desktop\D3_MONAI\Datasets\TCIA_IDC_Prostate_MRI_US_Biopsy\prostate_mri_us_biopsy\Prostate-MRI-US-Biopsy-0036\71767\39940\74372190-516a-42f2-929b-a67b4dde54d3.dcm,True,,,,0.0,,,0.0,,,0.0,
C:\Users\Gajendra\Desktop\D3_MONAI\Datasets\TCIA_IDC_Prostate_MRI_US_Biopsy\prostate_mri_us_biopsy\Prostate-MRI-US-Biopsy-0036\89294\49380\a46b796f-0b31-4ee9-b64b-41943a8ec0d6.dcm,True,,,,0.0,,,0.0,,,0.0,
C:\Users\Gajendra\Desktop\D3_MONAI\Datasets\TCIA_IDC_Prostate_MRI_US_Biopsy\prostate_mri_us_biopsy\Prostate-MRI-US-Biopsy-0037\31939\76440\db6a45e4-ad72-480d-a352-f30ef41f76c9.dcm,True,,,,0.0,,,0.0,,,0.0,
C:\Users\Gajendra\Desktop\D3_MONAI\Datasets\TCIA_IDC_Prostate_MRI_US_Biopsy\prostate_mri_us_biopsy\Prostate-MRI-US-Biopsy-0038\15490\60206\f3bbcd25-bbae-4a00-a318-e9fe8e745047.dcm,True,,,,0.0,,,0.0,,,0.0,
C:\Users\Gajendra\Desktop\D3_MONAI\Datasets\TCIA_IDC_Prostate_MRI_US_Biopsy\prostate_mri_us_biopsy\Prostate-MRI-US-Biopsy-0038\46719\20637\4e6ea0e7-1ffd-4c47-a999-45072290ad2c.dcm,True,,,,0.0,,,0.0,,,0.0,
C:\Users\Gajendra\Desktop\D3_MONAI\Datasets\TCIA_IDC_Prostate_MRI_US_Biopsy\prostate_mri_us_biopsy\Prostate-MRI-US-Biopsy-0039\12291\21142\66291816-f4ec-4f53-851a-c6c796e6aff5.dcm,True,,,,0.0,,,0.0,,,0.0,
C:\Users\Gajendra\Desktop\D3_MONAI\Datasets\TCIA_IDC_Prostate_MRI_US_Biopsy\prostate_mri_us_biopsy\Prostate-MRI-US-Biopsy-0039\68918\77842\1040aa9a-070e-46ef-a6cf-19b822ab7d4e.dcm,True,,,,0.0,,,0.0,,,0.0,
C:\Users\Gajendra\Desktop\D3_MONAI\Datasets\TCIA_IDC_Prostate_MRI_US_Biopsy\prostate_mri_us_biopsy\Prostate-MRI-US-Biopsy-0040\73981\94968\9c63fdb5-ddf7-4f34-9a81-d9b075b34727.dcm,True,,,,0.0,,,0.0,,,0.0,
C:\Users\Gajendra\Desktop\D3_MONAI\Datasets\TCIA_IDC_Prostate_MRI_US_Biopsy\prostate_mri_us_biopsy\Prostate-MRI-US-Biopsy-0041\79604\10268\767bc3e7-731c-4115-8b7e-428ae35c8ccb.dcm,True,,,,0.0,,,0.0,,,0.0,
C:\Users\Gajendra\Desktop\D3_MONAI\Datasets\TCIA_IDC_Prostate_MRI_US_Biopsy\prostate_mri_us_biopsy\Prostate-MRI-US-Biopsy-0042\33378\30359\39fe78b1-2dc4-4a2b-b7fa-9f66bdd100cc.dcm,True,,,,0.0,,,0.0,,,0.0,
C:\Users\Gajendra\Desktop\D3_MONAI\Datasets\TCIA_IDC_Prostate_MRI_US_Biopsy\prostate_mri_us_biopsy\Prostate-MRI-US-Biopsy-0043\17913\97700\48e2bfe8-5da7-407f-877c-9149709dda57.dcm,True,,,,0.0,,,0.0,,,0.0,
C:\Users\Gajendra\Desktop\D3_MONAI\Datasets\TCIA_IDC_Prostate_MRI_US_Biopsy\prostate_mri_us_biopsy\Prostate-MRI-US-Biopsy-0043\79111\99449\74cb4d3c-638b-48ed-b48e-988b1eb896a2.dcm,True,,,,0.0,,,0.0,,,0.0,
C:\Users\Gajendra\Desktop\D3_MONAI\Datasets\TCIA_IDC_Prostate_MRI_US_Biopsy\prostate_mri_us_biopsy\Prostate-MRI-US-Biopsy-0044\47959\09757\bf8aa319-2deb-4a6f-8a07-675ee1ca7460.dcm,True,,,,0.0,,,0.0,,,0.0,
C:\Users\Gajendra\Desktop\D3_MONAI\Datasets\TCIA_IDC_Prostate_MRI_US_Biopsy\prostate_mri_us_biopsy\Prostate-MRI-US-Biopsy-0044\56695\61668\0b809451-3fcb-4655-9dbb-c4933bd8f246.dcm,True,,,,0.0,,,0.0,,,0.0,
C:\Users\Gajendra\Desktop\D3_MONAI\Datasets\TCIA_IDC_Prostate_MRI_US_Biopsy\prostate_mri_us_biopsy\Prostate-MRI-US-Biopsy-0044\80304\49830\e57dcd98-d0ef-4c5b-ab44-9f5b71788ffe.dcm,True,,,,0.0,,,0.0,,,0.0,
C:\Users\Gajendra\Desktop\D3_MONAI\Datasets\TCIA_IDC_Prostate_MRI_US_Biopsy\prostate_mri_us_biopsy\Prostate-MRI-US-Biopsy-0045\79860\97525\70222820-953d-4562-9929-a9cee88da1bb.dcm,True,,,,0.0,,,0.0,,,0.0,
C:\Users\Gajendra\Desktop\D3_MONAI\Datasets\TCIA_IDC_Prostate_MRI_US_Biopsy\prostate_mri_us_biopsy\Prostate-MRI-US-Biopsy-0046\07732\68785\1c5632a3-b453-4449-a7f4-92c77613a19e.dcm,True,,,,0.0,,,0.0,,,0.0,
C:\Users\Gajendra\Desktop\D3_MONAI\Datasets\TCIA_IDC_Prostate_MRI_US_Biopsy\prostate_mri_us_biopsy\Prostate-MRI-US-Biopsy-0046\17209\67819\8df95282-ace7-40f5-b3a2-db19855772de.dcm,True,,,,0.0,,,0.0,,,0.0,
C:\Users\Gajendra\Desktop\D3_MONAI\Datasets\TCIA_IDC_Prostate_MRI_US_Biopsy\prostate_mri_us_biopsy\Prostate-MRI-US-Biopsy-0046\70534\97205\84fc7963-9e26-476c-80c7-343db3e9e61c.dcm,True,,,,0.0,,,0.0,,,0.0,
C:\Users\Gajendra\Desktop\D3_MONAI\Datasets\TCIA_IDC_Prostate_MRI_US_Biopsy\prostate_mri_us_biopsy\Prostate-MRI-US-Biopsy-0046\79462\78912\1cdfa0e4-64b8-437c-a340-6a44c4fb4670.dcm,True,,,,0.0,,,0.0,,,0.0,
C:\Users\Gajendra\Desktop\D3_MONAI\Datasets\TCIA_IDC_Prostate_MRI_US_Biopsy\prostate_mri_us_biopsy\Prostate-MRI-US-Biopsy-0047\19686\72113\03126488-533b-4bbb-aff0-e18417a507fb.dcm,True,,,,0.0,,,0.0,,,0.0,
C:\Users\Gajendra\Desktop\D3_MONAI\Datasets\TCIA_IDC_Prostate_MRI_US_Biopsy\prostate_mri_us_biopsy\Prostate-MRI-US-Biopsy-0047\29784\69364\e3d2fa5a-97f5-4a19-8bc1-2d39f5c68bdc.dcm,True,,,,0.0,,,0.0,,,0.0,
C:\Users\Gajendra\Desktop\D3_MONAI\Datasets\TCIA_IDC_Prostate_MRI_US_Biopsy\prostate_mri_us_biopsy\Prostate-MRI-US-Biopsy-0048\65905\90900\c64e284d-68a6-444d-a87e-95bbf7ebd7d6.dcm,True,,,,0.0,,,0.0,,,0.0,
C:\Users\Gajendra\Desktop\D3_MONAI\Datasets\TCIA_IDC_Prostate_MRI_US_Biopsy\prostate_mri_us_biopsy\Prostate-MRI-US-Biopsy-0049\86414\23113\cde9fd53-c938-4653-b4e1-e028dc4530a9.dcm,True,,,,0.0,,,0.0,,,0.0,
C:\Users\Gajendra\Desktop\D3_MONAI\Datasets\TCIA_IDC_Prostate_MRI_US_Biopsy\prostate_mri_us_biopsy\Prostate-MRI-US-Biopsy-0050\08957\45678\6942e62d-f1a2-487f-b1a1-8b5af3d45288.dcm,True,,,,0.0,,,0.0,,,0.0,
C:\Users\Gajendra\Desktop\D3_MONAI\Datasets\TCIA_IDC_Prostate_MRI_US_Biopsy\prostate_mri_us_biopsy\Prostate-MRI-US-Biopsy-0051\64942\98192\e998c5a0-b553-4e44-aff7-cf438756cfcc.dcm,True,,,,0.0,,,0.0,,,0.0,
C:\Users\Gajendra\Desktop\D3_MONAI\Datasets\TCIA_IDC_Prostate_MRI_US_Biopsy\prostate_mri_us_biopsy\Prostate-MRI-US-Biopsy-0052\54620\04266\ee8dae5f-5ccf-4aaf-b609-091d49ca4d98.dcm,True,,,,0.0,,,0.0,,,0.0,
C:\Users\Gajendra\Desktop\D3_MONAI\Datasets\TCIA_IDC_Prostate_MRI_US_Biopsy\prostate_mri_us_biopsy\Prostate-MRI-US-Biopsy-0052\60466\68141\415da6bb-6067-4cdd-83a9-6f20aac412bc.dcm,True,,,,0.0,,,0.0,,,0.0,
C:\Users\Gajendra\Desktop\D3_MONAI\Datasets\TCIA_IDC_Prostate_MRI_US_Biopsy\prostate_mri_us_biopsy\Prostate-MRI-US-Biopsy-0052\74499\83023\daedb1ac-3b55-4831-a282-7b9238d80a14.dcm,True,,,,0.0,,,0.0,,,0.0,
C:\Users\Gajendra\Desktop\D3_MONAI\Datasets\TCIA_IDC_Prostate_MRI_US_Biopsy\prostate_mri_us_biopsy\Prostate-MRI-US-Biopsy-0053\68261\45607\e0de3e6d-8076-4abc-96be-f47a48a31036.dcm,True,,,,0.0,,,0.0,,,0.0,
C:\Users\Gajendra\Desktop\D3_MONAI\Datasets\TCIA_IDC_Prostate_MRI_US_Biopsy\prostate_mri_us_biopsy\Prostate-MRI-US-Biopsy-0054\00114\65049\9a62dda1-b6e7-4b2a-a051-600a0b41f8ac.dcm,True,,,,0.0,,,0.0,,,0.0,
C:\Users\Gajendra\Desktop\D3_MONAI\Datasets\TCIA_IDC_Prostate_MRI_US_Biopsy\prostate_mri_us_biopsy\Prostate-MRI-US-Biopsy-0055\56768\67068\dd0034c5-f872-4da7-aeee-a00920161543.dcm,True,,,,0.0,,,0.0,,,0.0,
C:\Users\Gajendra\Desktop\D3_MONAI\Datasets\TCIA_IDC_Prostate_MRI_US_Biopsy\prostate_mri_us_biopsy\Prostate-MRI-US-Biopsy-0056\36143\43745\aabcac97-2683-4fa8-838f-72b67b50366a.dcm,True,,,,0.0,,,0.0,,,0.0,
C:\Users\Gajendra\Desktop\D3_MONAI\Datasets\TCIA_IDC_Prostate_MRI_US_Biopsy\prostate_mri_us_biopsy\Prostate-MRI-US-Biopsy-0057\64188\25854\239a7232-1be5-440a-a9ae-964fa4bc0f23.dcm,True,,,,0.0,,,0.0,,,0.0,
C:\Users\Gajendra\Desktop\D3_MONAI\Datasets\TCIA_IDC_Prostate_MRI_US_Biopsy\prostate_mri_us_biopsy\Prostate-MRI-US-Biopsy-0058\77710\93050\04f6d1b1-31ee-445b-9204-21b58e38724a.dcm,True,,,,0.0,,,0.0,,,0.0,
C:\Users\Gajendra\Desktop\D3_MONAI\Datasets\TCIA_IDC_Prostate_MRI_US_Biopsy\prostate_mri_us_biopsy\Prostate-MRI-US-Biopsy-0059\54460\59860\7d83d997-824e-436d-96fa-7daac7b1952c.dcm,True,,,,0.0,,,0.0,,,0.0,
C:\Users\Gajendra\Desktop\D3_MONAI\Datasets\TCIA_IDC_Prostate_MRI_US_Biopsy\prostate_mri_us_biopsy\Prostate-MRI-US-Biopsy-0059\84586\48394\abf32ab1-0856-493a-955d-76e13a03cd42.dcm,True,,,,0.0,,,0.0,,,0.0,
C:\Users\Gajendra\Desktop\D3_MONAI\Datasets\TCIA_IDC_Prostate_MRI_US_Biopsy\prostate_mri_us_biopsy\Prostate-MRI-US-Biopsy-0060\07894\53973\74616463-d9db-4d51-a9c9-9b6820a680b4.dcm,True,,,,0.0,,,0.0,,,0.0,
C:\Users\Gajendra\Desktop\D3_MONAI\Datasets\TCIA_IDC_Prostate_MRI_US_Biopsy\prostate_mri_us_biopsy\Prostate-MRI-US-Biopsy-0060\24677\05437\acc38c93-25e0-472f-aee5-48f07f620077.dcm,True,,,,0.0,,,0.0,,,0.0,
C:\Users\Gajendra\Desktop\D3_MONAI\Datasets\TCIA_IDC_Prostate_MRI_US_Biopsy\prostate_mri_us_biopsy\Prostate-MRI-US-Biopsy-0061\25223\76134\2c61b5c5-70ee-45cc-83af-2ed2f8f42268.dcm,True,,,,0.0,,,0.0,,,0.0,
C:\Users\Gajendra\Desktop\D3_MONAI\Datasets\TCIA_IDC_Prostate_MRI_US_Biopsy\prostate_mri_us_biopsy\Prostate-MRI-US-Biopsy-0061\30959\77777\80069e4b-c5ad-4ac5-a4cb-24b20f89f72e.dcm,True,,,,0.0,,,0.0,,,0.0,
C:\Users\Gajendra\Desktop\D3_MONAI\Datasets\TCIA_IDC_Prostate_MRI_US_Biopsy\prostate_mri_us_biopsy\Prostate-MRI-US-Biopsy-0061\53757\67041\524fee0b-6c61-4e7e-8ce8-283caec6107a.dcm,True,,,,0.0,,,0.0,,,0.0,
C:\Users\Gajendra\Desktop\D3_MONAI\Datasets\TCIA_IDC_Prostate_MRI_US_Biopsy\prostate_mri_us_biopsy\Prostate-MRI-US-Biopsy-0061\57683\08173\e598e4d3-09df-4695-a36c-6bb7745c82ca.dcm,True,,,,0.0,,,0.0,,,0.0,
C:\Users\Gajendra\Desktop\D3_MONAI\Datasets\TCIA_IDC_Prostate_MRI_US_Biopsy\prostate_mri_us_biopsy\Prostate-MRI-US-Biopsy-0061\59355\74396\507634d3-299b-4ea7-9e21-6067261a0acd.dcm,True,,,,0.0,,,0.0,,,0.0,
C:\Users\Gajendra\Desktop\D3_MONAI\Datasets\TCIA_IDC_Prostate_MRI_US_Biopsy\prostate_mri_us_biopsy\Prostate-MRI-US-Biopsy-0061\63043\46568\93e71482-f662-4e49-b3e3-c6be4e418c9f.dcm,True,,,,0.0,,,0.0,,,0.0,
C:\Users\Gajendra\Desktop\D3_MONAI\Datasets\TCIA_IDC_Prostate_MRI_US_Biopsy\prostate_mri_us_biopsy\Prostate-MRI-US-Biopsy-0062\67873\46675\61b5ec11-3bf5-4019-b009-7efba8c01f44.dcm,True,,,,0.0,,,0.0,,,0.0,
C:\Users\Gajendra\Desktop\D3_MONAI\Datasets\TCIA_IDC_Prostate_MRI_US_Biopsy\prostate_mri_us_biopsy\Prostate-MRI-US-Biopsy-0063\42176\37807\21c00bd7-72a0-4cfb-ae9d-ef8d87f9aac1.dcm,True,,,,0.0,,,0.0,,,0.0,
C:\Users\Gajendra\Desktop\D3_MONAI\Datasets\TCIA_IDC_Prostate_MRI_US_Biopsy\prostate_mri_us_biopsy\Prostate-MRI-US-Biopsy-0064\30657\42239\6650271d-489e-4631-b07b-85a9ba344dcb.dcm,True,,,,0.0,,,0.0,,,0.0,
C:\Users\Gajendra\Desktop\D3_MONAI\Datasets\TCIA_IDC_Prostate_MRI_US_Biopsy\prostate_mri_us_biopsy\Prostate-MRI-US-Biopsy-0065\32900\53765\900e7b41-ab2d-4aee-ae34-10902abbc3c1.dcm,True,,,,0.0,,,0.0,,,0.0,
C:\Users\Gajendra\Desktop\D3_MONAI\Datasets\TCIA_IDC_Prostate_MRI_US_Biopsy\prostate_mri_us_biopsy\Prostate-MRI-US-Biopsy-0066\72048\71068\859ae41e-c4c3-464f-be53-d35e78336cde.dcm,True,,,,0.0,,,0.0,,,0.0,
C:\Users\Gajendra\Desktop\D3_MONAI\Datasets\TCIA_IDC_Prostate_MRI_US_Biopsy\prostate_mri_us_biopsy\Prostate-MRI-US-Biopsy-0067\96686\29754\62c1d732-5281-4afd-9e60-38cc86e944fd.dcm,True,,,,0.0,,,0.0,,,0.0,
C:\Users\Gajendra\Desktop\D3_MONAI\Datasets\TCIA_IDC_Prostate_MRI_US_Biopsy\prostate_mri_us_biopsy\Prostate-MRI-US-Biopsy-0068\00955\38134\c8f868d1-cb66-46f3-a5e9-304a8e1dc530.dcm,True,,,,0.0,,,0.0,,,0.0,
C:\Users\Gajendra\Desktop\D3_MONAI\Datasets\TCIA_IDC_Prostate_MRI_US_Biopsy\prostate_mri_us_biopsy\Prostate-MRI-US-Biopsy-0069\64233\17170\62020842-9f6d-4e69-948c-4eafb6f9cbec.dcm,True,,,,0.0,,,0.0,,,0.0,
C:\Users\Gajendra\Desktop\D3_MONAI\Datasets\TCIA_IDC_Prostate_MRI_US_Biopsy\prostate_mri_us_biopsy\Prostate-MRI-US-Biopsy-0070\60936\06379\72780c15-95dc-4f39-85cb-f49ba091c081.dcm,True,,,,0.0,,,0.0,,,0.0,
C:\Users\Gajendra\Desktop\D3_MONAI\Datasets\TCIA_IDC_Prostate_MRI_US_Biopsy\prostate_mri_us_biopsy\Prostate-MRI-US-Biopsy-0071\20195\39965\7eb809ea-614c-4b31-9346-889a572725f3.dcm,True,,,,0.0,,,0.0,,,0.0,
C:\Users\Gajendra\Desktop\D3_MONAI\Datasets\TCIA_IDC_Prostate_MRI_US_Biopsy\prostate_mri_us_biopsy\Prostate-MRI-US-Biopsy-0072\60746\74636\47781c8a-075d-4902-8de8-270d413f1f37.dcm,True,,,,0.0,,,0.0,,,0.0,
C:\Users\Gajendra\Desktop\D3_MONAI\Datasets\TCIA_IDC_Prostate_MRI_US_Biopsy\prostate_mri_us_biopsy\Prostate-MRI-US-Biopsy-0073\56363\11583\9857adfc-67df-4099-8a4c-234f7e2d7d20.dcm,True,,,,0.0,,,0.0,,,0.0,
C:\Users\Gajendra\Desktop\D3_MONAI\Datasets\TCIA_IDC_Prostate_MRI_US_Biopsy\prostate_mri_us_biopsy\Prostate-MRI-US-Biopsy-0074\24911\54518\d27ea2d4-22de-4653-9f4e-3c5e5c1b75a6.dcm,True,,,,0.0,,,0.0,,,0.0,
C:\Users\Gajendra\Desktop\D3_MONAI\Datasets\TCIA_IDC_Prostate_MRI_US_Biopsy\prostate_mri_us_biopsy\Prostate-MRI-US-Biopsy-0075\33176\98452\d81244c6-50c5-4945-a45f-1f99ca3ed635.dcm,True,,,,0.0,,,0.0,,,0.0,
C:\Users\Gajendra\Desktop\D3_MONAI\Datasets\TCIA_IDC_Prostate_MRI_US_Biopsy\prostate_mri_us_biopsy\Prostate-MRI-US-Biopsy-0076\94744\79865\1fb83ef6-b7ef-4df8-8a2a-cbe1bd055309.dcm,True,,,,0.0,,,0.0,,,0.0,
C:\Users\Gajendra\Desktop\D3_MONAI\Datasets\TCIA_IDC_Prostate_MRI_US_Biopsy\prostate_mri_us_biopsy\Prostate-MRI-US-Biopsy-0077\50706\68375\dc36ddc7-71be-4c0e-8699-62488d32b0fd.dcm,True,,,,0.0,,,0.0,,,0.0,
C:\Users\Gajendra\Desktop\D3_MONAI\Datasets\TCIA_IDC_Prostate_MRI_US_Biopsy\prostate_mri_us_biopsy\Prostate-MRI-US-Biopsy-0078\70188\07204\6ca0f1a7-966d-4729-937e-52e9a070872f.dcm,True,,,,0.0,,,0.0,,,0.0,
C:\Users\Gajendra\Desktop\D3_MONAI\Datasets\TCIA_IDC_Prostate_MRI_US_Biopsy\prostate_mri_us_biopsy\Prostate-MRI-US-Biopsy-0079\10608\83991\cc5a3684-935f-47c2-9596-eebd00c17e3e.dcm,True,,,,0.0,,,0.0,,,0.0,
C:\Users\Gajendra\Desktop\D3_MONAI\Datasets\TCIA_IDC_Prostate_MRI_US_Biopsy\prostate_mri_us_biopsy\Prostate-MRI-US-Biopsy-0080\37216\09137\26ed2f25-d444-473a-9ab5-3e761ca8fd44.dcm,True,,,,0.0,,,0.0,,,0.0,
C:\Users\Gajendra\Desktop\D3_MONAI\Datasets\TCIA_IDC_Prostate_MRI_US_Biopsy\prostate_mri_us_biopsy\Prostate-MRI-US-Biopsy-0081\71203\05386\93c02fa4-a896-4749-9fe7-95124f65ead0.dcm,True,,,,0.0,,,0.0,,,0.0,
C:\Users\Gajendra\Desktop\D3_MONAI\Datasets\TCIA_IDC_Prostate_MRI_US_Biopsy\prostate_mri_us_biopsy\Prostate-MRI-US-Biopsy-0082\21530\36595\f0e9da5f-0408-47d0-bec5-40aca53be700.dcm,True,,,,0.0,,,0.0,,,0.0,
C:\Users\Gajendra\Desktop\D3_MONAI\Datasets\TCIA_IDC_Prostate_MRI_US_Biopsy\prostate_mri_us_biopsy\Prostate-MRI-US-Biopsy-0083\15050\99746\c7861037-126e-4d57-9af8-143e3b3f390e.dcm,True,,,,0.0,,,0.0,,,0.0,
C:\Users\Gajendra\Desktop\D3_MONAI\Datasets\TCIA_IDC_Prostate_MRI_US_Biopsy\prostate_mri_us_biopsy\Prostate-MRI-US-Biopsy-0084\14186\00196\34570c44-2b9e-4b47-88b8-c6f1f6f06f65.dcm,True,,,,0.0,,,0.0,,,0.0,
C:\Users\Gajendra\Desktop\D3_MONAI\Datasets\TCIA_IDC_Prostate_MRI_US_Biopsy\prostate_mri_us_biopsy\Prostate-MRI-US-Biopsy-0084\51198\18768\76da6fd3-6ff6-4f4e-b704-890542cb7dbc.dcm,True,,,,0.0,,,0.0,,,0.0,
C:\Users\Gajendra\Desktop\D3_MONAI\Datasets\TCIA_IDC_Prostate_MRI_US_Biopsy\prostate_mri_us_biopsy\Prostate-MRI-US-Biopsy-0085\25337\68244\0ad513be-0461-417b-8d34-886073fab554.dcm,True,,,,0.0,,,0.0,,,0.0,
C:\Users\Gajendra\Desktop\D3_MONAI\Datasets\TCIA_IDC_Prostate_MRI_US_Biopsy\prostate_mri_us_biopsy\Prostate-MRI-US-Biopsy-0085\31846\01914\9b13122d-5e27-4d0a-99fc-c60e9ca78c78.dcm,True,,,,0.0,,,0.0,,,0.0,
C:\Users\Gajendra\Desktop\D3_MONAI\Datasets\TCIA_IDC_Prostate_MRI_US_Biopsy\prostate_mri_us_biopsy\Prostate-MRI-US-Biopsy-0086\75018\69245\37e69e15-6dc8-4b7a-891f-44f822a62081.dcm,True,,,,0.0,,,0.0,,,0.0,
C:\Users\Gajendra\Desktop\D3_MONAI\Datasets\TCIA_IDC_Prostate_MRI_US_Biopsy\prostate_mri_us_biopsy\Prostate-MRI-US-Biopsy-0087\18408\03214\ed385f09-b058-4f72-a0ac-82c30b0e9c1b.dcm,True,,,,0.0,,,0.0,,,0.0,
C:\Users\Gajendra\Desktop\D3_MONAI\Datasets\TCIA_IDC_Prostate_MRI_US_Biopsy\prostate_mri_us_biopsy\Prostate-MRI-US-Biopsy-0087\55229\62786\8f0b350c-478e-48f5-822c-efa81f9d28ea.dcm,True,,,,0.0,,,0.0,,,0.0,
C:\Users\Gajendra\Desktop\D3_MONAI\Datasets\TCIA_IDC_Prostate_MRI_US_Biopsy\prostate_mri_us_biopsy\Prostate-MRI-US-Biopsy-0087\59164\13352\fcd72a23-452b-41fa-adde-95d22540662b.dcm,True,,,,0.0,,,0.0,,,0.0,
C:\Users\Gajendra\Desktop\D3_MONAI\Datasets\TCIA_IDC_Prostate_MRI_US_Biopsy\prostate_mri_us_biopsy\Prostate-MRI-US-Biopsy-0087\83918\82369\a507343a-4b32-4a9b-a76b-ba12c7923b7a.dcm,True,,,,0.0,,,0.0,,,0.0,
C:\Users\Gajendra\Desktop\D3_MONAI\Datasets\TCIA_IDC_Prostate_MRI_US_Biopsy\prostate_mri_us_biopsy\Prostate-MRI-US-Biopsy-0087\91071\89423\e6e20b2e-2562-4c5c-a74e-89937e62e449.dcm,True,,,,0.0,,,0.0,,,0.0,
C:\Users\Gajendra\Desktop\D3_MONAI\Datasets\TCIA_IDC_Prostate_MRI_US_Biopsy\prostate_mri_us_biopsy\Prostate-MRI-US-Biopsy-0088\63319\09254\9b2a4ea9-619e-4dde-ac45-b0e2a4420402.dcm,True,,,,0.0,,,0.0,,,0.0,
C:\Users\Gajendra\Desktop\D3_MONAI\Datasets\TCIA_IDC_Prostate_MRI_US_Biopsy\prostate_mri_us_biopsy\Prostate-MRI-US-Biopsy-0089\48719\08200\0296def1-cbc1-4239-9573-8d9f012f0441.dcm,True,,,,0.0,,,0.0,,,0.0,
C:\Users\Gajendra\Desktop\D3_MONAI\Datasets\TCIA_IDC_Prostate_MRI_US_Biopsy\prostate_mri_us_biopsy\Prostate-MRI-US-Biopsy-0089\68403\40600\54aafff5-ca7d-4f27-a32a-83265e8cf151.dcm,True,,,,0.0,,,0.0,,,0.0,
C:\Users\Gajendra\Desktop\D3_MONAI\Datasets\TCIA_IDC_Prostate_MRI_US_Biopsy\prostate_mri_us_biopsy\Prostate-MRI-US-Biopsy-0090\86899\75888\83412dd3-0e04-4d88-b1d0-24f0344ec2f7.dcm,True,,,,0.0,,,0.0,,,0.0,
C:\Users\Gajendra\Desktop\D3_MONAI\Datasets\TCIA_IDC_Prostate_MRI_US_Biopsy\prostate_mri_us_biopsy\Prostate-MRI-US-Biopsy-0091\48889\58268\5e4a4235-1c10-41e3-8545-8bbb9972a267.dcm,True,,,,0.0,,,0.0,,,0.0,
C:\Users\Gajendra\Desktop\D3_MONAI\Datasets\TCIA_IDC_Prostate_MRI_US_Biopsy\prostate_mri_us_biopsy\Prostate-MRI-US-Biopsy-0091\65697\79018\4ae5658c-997d-4cd9-a7a3-c1b93e3e5eb8.dcm,True,,,,0.0,,,0.0,,,0.0,
C:\Users\Gajendra\Desktop\D3_MONAI\Datasets\TCIA_IDC_Prostate_MRI_US_Biopsy\prostate_mri_us_biopsy\Prostate-MRI-US-Biopsy-0092\70098\93341\17a41514-b94f-4dff-aa68-6ac03fa0c89c.dcm,True,,,,0.0,,,0.0,,,0.0,
C:\Users\Gajendra\Desktop\D3_MONAI\Datasets\TCIA_IDC_Prostate_MRI_US_Biopsy\prostate_mri_us_biopsy\Prostate-MRI-US-Biopsy-0093\08444\65630\c4626932-f335-4d4f-a142-7955989509c4.dcm,True,,,,0.0,,,0.0,,,0.0,
C:\Users\Gajendra\Desktop\D3_MONAI\Datasets\TCIA_IDC_Prostate_MRI_US_Biopsy\prostate_mri_us_biopsy\Prostate-MRI-US-Biopsy-0093\92371\78721\913122de-ac90-419a-9911-d3ebf0364e77.dcm,True,,,,0.0,,,0.0,,,0.0,
C:\Users\Gajendra\Desktop\D3_MONAI\Datasets\TCIA_IDC_Prostate_MRI_US_Biopsy\prostate_mri_us_biopsy\Prostate-MRI-US-Biopsy-0094\44648\19808\0b19013e-b551-411c-9785-92c64be629fb.dcm,True,,,,0.0,,,0.0,,,0.0,
C:\Users\Gajendra\Desktop\D3_MONAI\Datasets\TCIA_IDC_Prostate_MRI_US_Biopsy\prostate_mri_us_biopsy\Prostate-MRI-US-Biopsy-0095\04446\16563\4c43402c-4b1b-4c28-a8fa-fc47cc566402.dcm,True,,,,0.0,,,0.0,,,0.0,
C:\Users\Gajendra\Desktop\D3_MONAI\Datasets\TCIA_IDC_Prostate_MRI_US_Biopsy\prostate_mri_us_biopsy\Prostate-MRI-US-Biopsy-0095\16707\19635\b594c7cf-42dd-4c64-bb92-43ff97173ef7.dcm,True,,,,0.0,,,0.0,,,0.0,
C:\Users\Gajendra\Desktop\D3_MONAI\Datasets\TCIA_IDC_Prostate_MRI_US_Biopsy\prostate_mri_us_biopsy\Prostate-MRI-US-Biopsy-0095\72363\32157\58c4d545-61ee-4c90-b2c9-77934b5b01df.dcm,True,,,,0.0,,,0.0,,,0.0,
C:\Users\Gajendra\Desktop\D3_MONAI\Datasets\TCIA_IDC_Prostate_MRI_US_Biopsy\prostate_mri_us_biopsy\Prostate-MRI-US-Biopsy-0096\92992\09701\8cc14abd-85c5-4887-bd26-41eb51dbfae7.dcm,True,,,,0.0,,,0.0,,,0.0,
C:\Users\Gajendra\Desktop\D3_MONAI\Datasets\TCIA_IDC_Prostate_MRI_US_Biopsy\prostate_mri_us_biopsy\Prostate-MRI-US-Biopsy-0097\33158\72485\5f29a4ee-4a04-4098-84dd-ebeb8dc6fafc.dcm,True,,,,0.0,,,0.0,,,0.0,
C:\Users\Gajendra\Desktop\D3_MONAI\Datasets\TCIA_IDC_Prostate_MRI_US_Biopsy\prostate_mri_us_biopsy\Prostate-MRI-US-Biopsy-0097\71881\21883\4b44b94f-1db9-40ec-b808-ccb4054dda11.dcm,True,,,,0.0,,,0.0,,,0.0,
C:\Users\Gajendra\Desktop\D3_MONAI\Datasets\TCIA_IDC_Prostate_MRI_US_Biopsy\prostate_mri_us_biopsy\Prostate-MRI-US-Biopsy-0098\28575\08957\2ebd1a80-d37b-462d-a70b-0a07f0634a9d.dcm,True,,,,0.0,,,0.0,,,0.0,
C:\Users\Gajendra\Desktop\D3_MONAI\Datasets\TCIA_IDC_Prostate_MRI_US_Biopsy\prostate_mri_us_biopsy\Prostate-MRI-US-Biopsy-0099\06905\93874\284dc3c4-dc3a-47f2-aa5a-c7a4dac6cb45.dcm,True,,,,0.0,,,0.0,,,0.0,
C:\Users\Gajendra\Desktop\D3_MONAI\Datasets\TCIA_IDC_Prostate_MRI_US_Biopsy\prostate_mri_us_biopsy\Prostate-MRI-US-Biopsy-0099\56507\31158\5bab7dd8-7c3b-4f2e-acde-fedd92aafc23.dcm,True,,,,0.0,,,0.0,,,0.0,
C:\Users\Gajendra\Desktop\D3_MONAI\Datasets\TCIA_IDC_Prostate_MRI_US_Biopsy\prostate_mri_us_biopsy\Prostate-MRI-US-Biopsy-0100\28424\77125\196dbbea-0566-4ae5-8949-346946b2fe60.dcm,True,,,,0.0,,,0.0,,,0.0,
C:\Users\Gajendra\Desktop\D3_MONAI\Datasets\TCIA_IDC_Prostate_MRI_US_Biopsy\prostate_mri_us_biopsy\Prostate-MRI-US-Biopsy-0101\03497\29393\f753e430-6dfb-45fc-91c4-4a37fc14eb8b.dcm,True,,,,0.0,,,0.0,,,0.0,
C:\Users\Gajendra\Desktop\D3_MONAI\Datasets\TCIA_IDC_Prostate_MRI_US_Biopsy\prostate_mri_us_biopsy\Prostate-MRI-US-Biopsy-0102\99501\16235\3da18336-4f4b-4dea-a66b-ee9270ca5367.dcm,True,,,,0.0,,,0.0,,,0.0,
C:\Users\Gajendra\Desktop\D3_MONAI\Datasets\TCIA_IDC_Prostate_MRI_US_Biopsy\prostate_mri_us_biopsy\Prostate-MRI-US-Biopsy-0103\15687\41905\a84207d0-55ad-4e14-84d2-99d690dc191e.dcm,True,,,,0.0,,,0.0,,,0.0,
C:\Users\Gajendra\Desktop\D3_MONAI\Datasets\TCIA_IDC_Prostate_MRI_US_Biopsy\prostate_mri_us_biopsy\Prostate-MRI-US-Biopsy-0103\78699\04217\3033325b-9298-451e-8b18-8f351655d4cd.dcm,True,,,,0.0,,,0.0,,,0.0,
C:\Users\Gajendra\Desktop\D3_MONAI\Datasets\TCIA_IDC_Prostate_MRI_US_Biopsy\prostate_mri_us_biopsy\Prostate-MRI-US-Biopsy-0104\40704\31150\1eb2076d-66a4-425d-ba85-f77a402ce9ba.dcm,True,,,,0.0,,,0.0,,,0.0,
C:\Users\Gajendra\Desktop\D3_MONAI\Datasets\TCIA_IDC_Prostate_MRI_US_Biopsy\prostate_mri_us_biopsy\Prostate-MRI-US-Biopsy-0105\78532\93932\05ef2edd-f36b-4694-90ac-e2cceb627c2d.dcm,True,,,,0.0,,,0.0,,,0.0,
C:\Users\Gajendra\Desktop\D3_MONAI\Datasets\TCIA_IDC_Prostate_MRI_US_Biopsy\prostate_mri_us_biopsy\Prostate-MRI-US-Biopsy-0106\33554\47932\27265fa9-9ee7-4f73-8cee-6430e4fa8598.dcm,True,,,,0.0,,,0.0,,,0.0,
C:\Users\Gajendra\Desktop\D3_MONAI\Datasets\TCIA_IDC_Prostate_MRI_US_Biopsy\prostate_mri_us_biopsy\Prostate-MRI-US-Biopsy-0107\37591\31670\513371e5-ba87-432a-9588-8f8a0bdb7a52.dcm,True,,,,0.0,,,0.0,,,0.0,
C:\Users\Gajendra\Desktop\D3_MONAI\Datasets\TCIA_IDC_Prostate_MRI_US_Biopsy\prostate_mri_us_biopsy\Prostate-MRI-US-Biopsy-0108\05165\41897\582053b4-4049-4648-8f54-41ef428fcb4e.dcm,True,,,,0.0,,,0.0,,,0.0,
C:\Users\Gajendra\Desktop\D3_MONAI\Datasets\TCIA_IDC_Prostate_MRI_US_Biopsy\prostate_mri_us_biopsy\Prostate-MRI-US-Biopsy-0108\53765\44236\db360e81-2a53-4f9c-b9cf-25e2bc4f30f9.dcm,True,,,,0.0,,,0.0,,,0.0,
C:\Users\Gajendra\Desktop\D3_MONAI\Datasets\TCIA_IDC_Prostate_MRI_US_Biopsy\prostate_mri_us_biopsy\Prostate-MRI-US-Biopsy-0108\79349\41242\f4e61ef0-4ff6-4bf4-ab38-2e52b6d05420.dcm,True,,,,0.0,,,0.0,,,0.0,
C:\Users\Gajendra\Desktop\D3_MONAI\Datasets\TCIA_IDC_Prostate_MRI_US_Biopsy\prostate_mri_us_biopsy\Prostate-MRI-US-Biopsy-0109\49159\34502\1971104f-f50e-4cec-8186-7795fd781fa6.dcm,True,,,,0.0,,,0.0,,,0.0,
C:\Users\Gajendra\Desktop\D3_MONAI\Datasets\TCIA_IDC_Prostate_MRI_US_Biopsy\prostate_mri_us_biopsy\Prostate-MRI-US-Biopsy-0110\01366\24736\783274e0-9b47-40c0-be10-eb5c8491e246.dcm,True,,,,0.0,,,0.0,,,0.0,
C:\Users\Gajendra\Desktop\D3_MONAI\Datasets\TCIA_IDC_Prostate_MRI_US_Biopsy\prostate_mri_us_biopsy\Prostate-MRI-US-Biopsy-0110\94530\90795\d92e95fc-f11d-40ba-ab34-e33f52656886.dcm,True,,,,0.0,,,0.0,,,0.0,
C:\Users\Gajendra\Desktop\D3_MONAI\Datasets\TCIA_IDC_Prostate_MRI_US_Biopsy\prostate_mri_us_biopsy\Prostate-MRI-US-Biopsy-0111\73517\00921\c66f6160-97cb-4c9c-be07-30b3702f9e0a.dcm,True,,,,0.0,,,0.0,,,0.0,
C:\Users\Gajendra\Desktop\D3_MONAI\Datasets\TCIA_IDC_Prostate_MRI_US_Biopsy\prostate_mri_us_biopsy\Prostate-MRI-US-Biopsy-0112\30438\05109\33996cc9-9e8d-4b87-8858-29ef59687f6e.dcm,True,,,,0.0,,,0.0,,,0.0,
C:\Users\Gajendra\Desktop\D3_MONAI\Datasets\TCIA_IDC_Prostate_MRI_US_Biopsy\prostate_mri_us_biopsy\Prostate-MRI-US-Biopsy-0113\11518\33391\b69fb46c-e2e4-47de-86a2-cea1ef507de4.dcm,True,,,,0.0,,,0.0,,,0.0,
C:\Users\Gajendra\Desktop\D3_MONAI\Datasets\TCIA_IDC_Prostate_MRI_US_Biopsy\prostate_mri_us_biopsy\Prostate-MRI-US-Biopsy-0114\11665\43989\452396eb-5c2b-4811-be28-f5252a1c393b.dcm,True,,,,0.0,,,0.0,,,0.0,
C:\Users\Gajendra\Desktop\D3_MONAI\Datasets\TCIA_IDC_Prostate_MRI_US_Biopsy\prostate_mri_us_biopsy\Prostate-MRI-US-Biopsy-0115\08043\22757\4f90a3cf-9110-4e60-9ac3-f0dbc66d83f4.dcm,True,,,,0.0,,,0.0,,,0.0,
C:\Users\Gajendra\Desktop\D3_MONAI\Datasets\TCIA_IDC_Prostate_MRI_US_Biopsy\prostate_mri_us_biopsy\Prostate-MRI-US-Biopsy-0116\61852\47120\ad87d963-d127-4652-8c45-bfbde9fac0b7.dcm,True,,,,0.0,,,0.0,,,0.0,
C:\Users\Gajendra\Desktop\D3_MONAI\Datasets\TCIA_IDC_Prostate_MRI_US_Biopsy\prostate_mri_us_biopsy\Prostate-MRI-US-Biopsy-0117\18890\20133\b6b03bc1-b259-46fc-b66d-8204c7b557e3.dcm,True,,,,0.0,,,0.0,,,0.0,
C:\Users\Gajendra\Desktop\D3_MONAI\Datasets\TCIA_IDC_Prostate_MRI_US_Biopsy\prostate_mri_us_biopsy\Prostate-MRI-US-Biopsy-0117\26124\11146\e9796624-70d8-4f3e-8b87-25697c8800c5.dcm,True,,,,0.0,,,0.0,,,0.0,
C:\Users\Gajendra\Desktop\D3_MONAI\Datasets\TCIA_IDC_Prostate_MRI_US_Biopsy\prostate_mri_us_biopsy\Prostate-MRI-US-Biopsy-0117\58638\99459\3bf1dfba-cd68-4228-bd23-61d6082595c8.dcm,True,,,,0.0,,,0.0,,,0.0,
C:\Users\Gajendra\Desktop\D3_MONAI\Datasets\TCIA_IDC_Prostate_MRI_US_Biopsy\prostate_mri_us_biopsy\Prostate-MRI-US-Biopsy-0118\14010\16894\22261784-1d02-4f00-9c2b-c660652b9d6e.dcm,True,,,,0.0,,,0.0,,,0.0,
C:\Users\Gajendra\Desktop\D3_MONAI\Datasets\TCIA_IDC_Prostate_MRI_US_Biopsy\prostate_mri_us_biopsy\Prostate-MRI-US-Biopsy-0119\66823\31381\b3b94acd-9873-4170-ae39-9db3413f3b9f.dcm,True,,,,0.0,,,0.0,,,0.0,
C:\Users\Gajendra\Desktop\D3_MONAI\Datasets\TCIA_IDC_Prostate_MRI_US_Biopsy\prostate_mri_us_biopsy\Prostate-MRI-US-Biopsy-0120\16674\72125\dc7fcc13-7f7f-436d-a979-61d5f20dac2a.dcm,True,,,,0.0,,,0.0,,,0.0,
C:\Users\Gajendra\Desktop\D3_MONAI\Datasets\TCIA_IDC_Prostate_MRI_US_Biopsy\prostate_mri_us_biopsy\Prostate-MRI-US-Biopsy-0120\21598\21363\6e262803-8c15-42ab-baf4-8cf756cf4ce9.dcm,True,,,,0.0,,,0.0,,,0.0,
C:\Users\Gajendra\Desktop\D3_MONAI\Datasets\TCIA_IDC_Prostate_MRI_US_Biopsy\prostate_mri_us_biopsy\Prostate-MRI-US-Biopsy-0121\71675\89776\2352c23a-5aed-41b2-b163-0af8145a951f.dcm,True,,,,0.0,,,0.0,,,0.0,
C:\Users\Gajendra\Desktop\D3_MONAI\Datasets\TCIA_IDC_Prostate_MRI_US_Biopsy\prostate_mri_us_biopsy\Prostate-MRI-US-Biopsy-0122\58929\63874\ea38e189-43c1-49a1-b683-c82fff12093c.dcm,True,,,,0.0,,,0.0,,,0.0,
C:\Users\Gajendra\Desktop\D3_MONAI\Datasets\TCIA_IDC_Prostate_MRI_US_Biopsy\prostate_mri_us_biopsy\Prostate-MRI-US-Biopsy-0123\14130\44976\be9ddad5-d021-496d-83f5-461c7a61cc51.dcm,True,,,,0.0,,,0.0,,,0.0,
C:\Users\Gajendra\Desktop\D3_MONAI\Datasets\TCIA_IDC_Prostate_MRI_US_Biopsy\prostate_mri_us_biopsy\Prostate-MRI-US-Biopsy-0124\19148\02659\64fc8767-0c1c-4bd4-aa91-56f909c54239.dcm,True,,,,0.0,,,0.0,,,0.0,
C:\Users\Gajendra\Desktop\D3_MONAI\Datasets\TCIA_IDC_Prostate_MRI_US_Biopsy\prostate_mri_us_biopsy\Prostate-MRI-US-Biopsy-0125\14317\28120\5f542caa-564c-4d89-8fb1-3a6165656c29.dcm,True,,,,0.0,,,0.0,,,0.0,
C:\Users\Gajendra\Desktop\D3_MONAI\Datasets\TCIA_IDC_Prostate_MRI_US_Biopsy\prostate_mri_us_biopsy\Prostate-MRI-US-Biopsy-0125\87096\35963\d8e55b90-a751-4e50-8bec-6bb23028dc14.dcm,True,,,,0.0,,,0.0,,,0.0,
C:\Users\Gajendra\Desktop\D3_MONAI\Datasets\TCIA_IDC_Prostate_MRI_US_Biopsy\prostate_mri_us_biopsy\Prostate-MRI-US-Biopsy-0126\20235\00561\43905ed3-b5ee-4689-8b7a-178915afd668.dcm,True,,,,0.0,,,0.0,,,0.0,
C:\Users\Gajendra\Desktop\D3_MONAI\Datasets\TCIA_IDC_Prostate_MRI_US_Biopsy\prostate_mri_us_biopsy\Prostate-MRI-US-Biopsy-0127\56612\45744\c43ade67-c422-43ca-b25e-6d877987229e.dcm,True,,,,0.0,,,0.0,,,0.0,
C:\Users\Gajendra\Desktop\D3_MONAI\Datasets\TCIA_IDC_Prostate_MRI_US_Biopsy\prostate_mri_us_biopsy\Prostate-MRI-US-Biopsy-0127\68090\80616\43355dcc-e9e3-4ffa-b474-6f40dd81886a.dcm,True,,,,0.0,,,0.0,,,0.0,
C:\Users\Gajendra\Desktop\D3_MONAI\Datasets\TCIA_IDC_Prostate_MRI_US_Biopsy\prostate_mri_us_biopsy\Prostate-MRI-US-Biopsy-0128\95921\49209\4b6ffb93-8adc-45a5-82ee-86bc1b94084a.dcm,True,,,,0.0,,,0.0,,,0.0,
C:\Users\Gajendra\Desktop\D3_MONAI\Datasets\TCIA_IDC_Prostate_MRI_US_Biopsy\prostate_mri_us_biopsy\Prostate-MRI-US-Biopsy-0129\13912\68380\fce4e5ba-280a-4ed9-a658-55a810b2664e.dcm,True,,,,0.0,,,0.0,,,0.0,
C:\Users\Gajendra\Desktop\D3_MONAI\Datasets\TCIA_IDC_Prostate_MRI_US_Biopsy\prostate_mri_us_biopsy\Prostate-MRI-US-Biopsy-0129\47671\49334\f926482d-2df0-47a8-a8f2-44f0a22758c7.dcm,True,,,,0.0,,,0.0,,,0.0,
C:\Users\Gajendra\Desktop\D3_MONAI\Datasets\TCIA_IDC_Prostate_MRI_US_Biopsy\prostate_mri_us_biopsy\Prostate-MRI-US-Biopsy-0129\92468\56846\a2bd0714-1f68-441b-825a-ff435d18118c.dcm,True,,,,0.0,,,0.0,,,0.0,
C:\Users\Gajendra\Desktop\D3_MONAI\Datasets\TCIA_IDC_Prostate_MRI_US_Biopsy\prostate_mri_us_biopsy\Prostate-MRI-US-Biopsy-0130\08581\13411\a75745ac-de2d-43fa-8d0a-6741f2386699.dcm,True,,,,0.0,,,0.0,,,0.0,
C:\Users\Gajendra\Desktop\D3_MONAI\Datasets\TCIA_IDC_Prostate_MRI_US_Biopsy\prostate_mri_us_biopsy\Prostate-MRI-US-Biopsy-0131\39131\92524\fdfe917e-73d9-44ca-9796-c3c01395619c.dcm,True,,,,0.0,,,0.0,,,0.0,
C:\Users\Gajendra\Desktop\D3_MONAI\Datasets\TCIA_IDC_Prostate_MRI_US_Biopsy\prostate_mri_us_biopsy\Prostate-MRI-US-Biopsy-0132\38803\44766\5b0bfe67-c8b9-4261-8880-75ca7ea28ce8.dcm,True,,,,0.0,,,0.0,,,0.0,
C:\Users\Gajendra\Desktop\D3_MONAI\Datasets\TCIA_IDC_Prostate_MRI_US_Biopsy\prostate_mri_us_biopsy\Prostate-MRI-US-Biopsy-0132\62975\96183\465bc76a-3393-4a05-9b1f-1f6da7a20120.dcm,True,,,,0.0,,,0.0,,,0.0,
C:\Users\Gajendra\Desktop\D3_MONAI\Datasets\TCIA_IDC_Prostate_MRI_US_Biopsy\prostate_mri_us_biopsy\Prostate-MRI-US-Biopsy-0133\94761\11751\8371e0f4-2094-417c-b160-b06e89a732da.dcm,True,,,,0.0,,,0.0,,,0.0,
C:\Users\Gajendra\Desktop\D3_MONAI\Datasets\TCIA_IDC_Prostate_MRI_US_Biopsy\prostate_mri_us_biopsy\Prostate-MRI-US-Biopsy-0134\03148\75552\61d21e61-a437-4674-b0ea-e35f888753c1.dcm,True,,,,0.0,,,0.0,,,0.0,
C:\Users\Gajendra\Desktop\D3_MONAI\Datasets\TCIA_IDC_Prostate_MRI_US_Biopsy\prostate_mri_us_biopsy\Prostate-MRI-US-Biopsy-0134\21673\86324\bb997fde-1b4a-493d-a5ab-8d6f93fb5249.dcm,True,,,,0.0,,,0.0,,,0.0,
C:\Users\Gajendra\Desktop\D3_MONAI\Datasets\TCIA_IDC_Prostate_MRI_US_Biopsy\prostate_mri_us_biopsy\Prostate-MRI-US-Biopsy-0134\44725\73049\38584f46-7aab-46ca-97df-332bb393d523.dcm,True,,,,0.0,,,0.0,,,0.0,
C:\Users\Gajendra\Desktop\D3_MONAI\Datasets\TCIA_IDC_Prostate_MRI_US_Biopsy\prostate_mri_us_biopsy\Prostate-MRI-US-Biopsy-0134\89934\33079\ef0e0dc0-4d11-4abb-b7fa-4385e341d887.dcm,True,,,,0.0,,,0.0,,,0.0,
C:\Users\Gajendra\Desktop\D3_MONAI\Datasets\TCIA_IDC_Prostate_MRI_US_Biopsy\prostate_mri_us_biopsy\Prostate-MRI-US-Biopsy-0135\00250\41123\34aa8d95-7d54-482e-a9a7-cdcabb633998.dcm,True,,,,0.0,,,0.0,,,0.0,
C:\Users\Gajendra\Desktop\D3_MONAI\Datasets\TCIA_IDC_Prostate_MRI_US_Biopsy\prostate_mri_us_biopsy\Prostate-MRI-US-Biopsy-0135\06382\58765\88b1cc57-64b1-46a4-8b2d-3d3cf862822d.dcm,True,,,,0.0,,,0.0,,,0.0,
C:\Users\Gajendra\Desktop\D3_MONAI\Datasets\TCIA_IDC_Prostate_MRI_US_Biopsy\prostate_mri_us_biopsy\Prostate-MRI-US-Biopsy-0135\07458\67147\bbf92a6d-e77f-449c-9dbc-52da406c3f4d.dcm,True,,,,0.0,,,0.0,,,0.0,
C:\Users\Gajendra\Desktop\D3_MONAI\Datasets\TCIA_IDC_Prostate_MRI_US_Biopsy\prostate_mri_us_biopsy\Prostate-MRI-US-Biopsy-0135\13543\27098\44c2eb3f-f211-4495-8467-0a56ddcd84fe.dcm,True,,,,0.0,,,0.0,,,0.0,
C:\Users\Gajendra\Desktop\D3_MONAI\Datasets\TCIA_IDC_Prostate_MRI_US_Biopsy\prostate_mri_us_biopsy\Prostate-MRI-US-Biopsy-0136\54038\44936\49b6f56f-c59b-42d1-896c-f0206d735e43.dcm,True,,,,0.0,,,0.0,,,0.0,
C:\Users\Gajendra\Desktop\D3_MONAI\Datasets\TCIA_IDC_Prostate_MRI_US_Biopsy\prostate_mri_us_biopsy\Prostate-MRI-US-Biopsy-0137\63907\62268\d7cc79f2-72a4-43c2-9cfc-cdba4d2ec9bb.dcm,True,,,,0.0,,,0.0,,,0.0,
C:\Users\Gajendra\Desktop\D3_MONAI\Datasets\TCIA_IDC_Prostate_MRI_US_Biopsy\prostate_mri_us_biopsy\Prostate-MRI-US-Biopsy-0138\80446\88497\8d9d9096-95f3-40dc-b257-f13852583d91.dcm,True,,,,0.0,,,0.0,,,0.0,
C:\Users\Gajendra\Desktop\D3_MONAI\Datasets\TCIA_IDC_Prostate_MRI_US_Biopsy\prostate_mri_us_biopsy\Prostate-MRI-US-Biopsy-0139\06920\68863\9aaa420d-9f44-46ee-8785-75c351577120.dcm,True,,,,0.0,,,0.0,,,0.0,
C:\Users\Gajendra\Desktop\D3_MONAI\Datasets\TCIA_IDC_Prostate_MRI_US_Biopsy\prostate_mri_us_biopsy\Prostate-MRI-US-Biopsy-0140\22762\33891\f7ed510a-bdd4-4651-a67f-51dc0b451985.dcm,True,,,,0.0,,,0.0,,,0.0,
C:\Users\Gajendra\Desktop\D3_MONAI\Datasets\TCIA_IDC_Prostate_MRI_US_Biopsy\prostate_mri_us_biopsy\Prostate-MRI-US-Biopsy-0141\59394\80767\8cc7b891-eba2-4651-8074-0a45d1c6a379.dcm,True,,,,0.0,,,0.0,,,0.0,
C:\Users\Gajendra\Desktop\D3_MONAI\Datasets\TCIA_IDC_Prostate_MRI_US_Biopsy\prostate_mri_us_biopsy\Prostate-MRI-US-Biopsy-0142\22035\76933\b013f25b-416a-434d-bcbb-046323650742.dcm,True,,,,0.0,,,0.0,,,0.0,
C:\Users\Gajendra\Desktop\D3_MONAI\Datasets\TCIA_IDC_Prostate_MRI_US_Biopsy\prostate_mri_us_biopsy\Prostate-MRI-US-Biopsy-0143\83904\43137\a04683ff-0d5d-46db-8b4a-e4d8f7ef1c17.dcm,True,,,,0.0,,,0.0,,,0.0,
C:\Users\Gajendra\Desktop\D3_MONAI\Datasets\TCIA_IDC_Prostate_MRI_US_Biopsy\prostate_mri_us_biopsy\Prostate-MRI-US-Biopsy-0144\82188\84858\5c36713e-215f-4ca9-b359-6e07ede741d6.dcm,True,,,,0.0,,,0.0,,,0.0,
C:\Users\Gajendra\Desktop\D3_MONAI\Datasets\TCIA_IDC_Prostate_MRI_US_Biopsy\prostate_mri_us_biopsy\Prostate-MRI-US-Biopsy-0144\87106\57783\5b5738a8-4f05-4e1e-a455-550c969d54d2.dcm,True,,,,0.0,,,0.0,,,0.0,
C:\Users\Gajendra\Desktop\D3_MONAI\Datasets\TCIA_IDC_Prostate_MRI_US_Biopsy\prostate_mri_us_biopsy\Prostate-MRI-US-Biopsy-0145\96835\61715\b8be700e-7564-4b0f-ab34-1439f8fb22f9.dcm,True,,,,0.0,,,0.0,,,0.0,
C:\Users\Gajendra\Desktop\D3_MONAI\Datasets\TCIA_IDC_Prostate_MRI_US_Biopsy\prostate_mri_us_biopsy\Prostate-MRI-US-Biopsy-0146\33856\30254\ef987a73-ae1f-4ac1-a613-595d5aac7a4b.dcm,True,,,,0.0,,,0.0,,,0.0,
C:\Users\Gajendra\Desktop\D3_MONAI\Datasets\TCIA_IDC_Prostate_MRI_US_Biopsy\prostate_mri_us_biopsy\Prostate-MRI-US-Biopsy-0147\83406\32719\0baaa13a-3301-4908-a67f-f9c218c69fe3.dcm,True,,,,0.0,,,0.0,,,0.0,
C:\Users\Gajendra\Desktop\D3_MONAI\Datasets\TCIA_IDC_Prostate_MRI_US_Biopsy\prostate_mri_us_biopsy\Prostate-MRI-US-Biopsy-0147\91342\90049\b4eaf672-1890-4a62-8d3b-d2612aec17ff.dcm,True,,,,0.0,,,0.0,,,0.0,
C:\Users\Gajendra\Desktop\D3_MONAI\Datasets\TCIA_IDC_Prostate_MRI_US_Biopsy\prostate_mri_us_biopsy\Prostate-MRI-US-Biopsy-0148\21615\61397\1212ab4a-30ee-45fa-acc1-adc7f22714e7.dcm,True,,,,0.0,,,0.0,,,0.0,
C:\Users\Gajendra\Desktop\D3_MONAI\Datasets\TCIA_IDC_Prostate_MRI_US_Biopsy\prostate_mri_us_biopsy\Prostate-MRI-US-Biopsy-0148\95075\00114\fbd94001-5a7d-4366-a88f-c57a91ca7ef5.dcm,True,,,,0.0,,,0.0,,,0.0,
C:\Users\Gajendra\Desktop\D3_MONAI\Datasets\TCIA_IDC_Prostate_MRI_US_Biopsy\prostate_mri_us_biopsy\Prostate-MRI-US-Biopsy-0149\41511\82791\8f922953-0519-4fbb-b724-0653f11ed367.dcm,True,,,,0.0,,,0.0,,,0.0,
C:\Users\Gajendra\Desktop\D3_MONAI\Datasets\TCIA_IDC_Prostate_MRI_US_Biopsy\prostate_mri_us_biopsy\Prostate-MRI-US-Biopsy-0150\09070\79058\c3a89189-d776-420c-b9d3-6bebeeb12670.dcm,True,,,,0.0,,,0.0,,,0.0,
C:\Users\Gajendra\Desktop\D3_MONAI\Datasets\TCIA_IDC_Prostate_MRI_US_Biopsy\prostate_mri_us_biopsy\Prostate-MRI-US-Biopsy-0150\78714\58581\627e5045-d21e-4f7b-b0f0-7e450e79ef69.dcm,True,,,,0.0,,,0.0,,,0.0,
C:\Users\Gajendra\Desktop\D3_MONAI\Datasets\TCIA_IDC_Prostate_MRI_US_Biopsy\prostate_mri_us_biopsy\Prostate-MRI-US-Biopsy-0151\57055\81104\9238f4bd-d678-46cb-884a-1b9d36f2eb94.dcm,True,,,,0.0,,,0.0,,,0.0,
C:\Users\Gajendra\Desktop\D3_MONAI\Datasets\TCIA_IDC_Prostate_MRI_US_Biopsy\prostate_mri_us_biopsy\Prostate-MRI-US-Biopsy-0152\92819\91154\e502704b-6ce7-4fc5-9e28-91905da10d4f.dcm,True,,,,0.0,,,0.0,,,0.0,
C:\Users\Gajendra\Desktop\D3_MONAI\Datasets\TCIA_IDC_Prostate_MRI_US_Biopsy\prostate_mri_us_biopsy\Prostate-MRI-US-Biopsy-0153\36802\09341\329c5f84-b7a3-47ce-9ac4-3d0890d9f0d4.dcm,True,,,,0.0,,,0.0,,,0.0,
C:\Users\Gajendra\Desktop\D3_MONAI\Datasets\TCIA_IDC_Prostate_MRI_US_Biopsy\prostate_mri_us_biopsy\Prostate-MRI-US-Biopsy-0154\71098\90208\1b026552-d992-47cf-9f23-eaf710f8439d.dcm,True,,,,0.0,,,0.0,,,0.0,
C:\Users\Gajendra\Desktop\D3_MONAI\Datasets\TCIA_IDC_Prostate_MRI_US_Biopsy\prostate_mri_us_biopsy\Prostate-MRI-US-Biopsy-0155\37416\06269\c3e4d6fb-7bd2-4516-9565-bb73ced88841.dcm,True,,,,0.0,,,0.0,,,0.0,
C:\Users\Gajendra\Desktop\D3_MONAI\Datasets\TCIA_IDC_Prostate_MRI_US_Biopsy\prostate_mri_us_biopsy\Prostate-MRI-US-Biopsy-0156\34598\84231\5d1f57fb-cd54-4ce9-8d49-a1000d950c35.dcm,True,,,,0.0,,,0.0,,,0.0,
C:\Users\Gajendra\Desktop\D3_MONAI\Datasets\TCIA_IDC_Prostate_MRI_US_Biopsy\prostate_mri_us_biopsy\Prostate-MRI-US-Biopsy-0156\84140\57535\fad275ea-685c-4835-8676-7954fcde51d2.dcm,True,,,,0.0,,,0.0,,,0.0,
C:\Users\Gajendra\Desktop\D3_MONAI\Datasets\TCIA_IDC_Prostate_MRI_US_Biopsy\prostate_mri_us_biopsy\Prostate-MRI-US-Biopsy-0157\94818\98114\d6539a36-5888-4383-afe7-3b17fb1952a8.dcm,True,,,,0.0,,,0.0,,,0.0,
C:\Users\Gajendra\Desktop\D3_MONAI\Datasets\TCIA_IDC_Prostate_MRI_US_Biopsy\prostate_mri_us_biopsy\Prostate-MRI-US-Biopsy-0158\72746\86899\15e7409f-3d0d-4175-9be8-635d41fbd224.dcm,True,,,,0.0,,,0.0,,,0.0,
C:\Users\Gajendra\Desktop\D3_MONAI\Datasets\TCIA_IDC_Prostate_MRI_US_Biopsy\prostate_mri_us_biopsy\Prostate-MRI-US-Biopsy-0159\14959\42046\cc89f655-f9d1-4434-b29b-42ff5a9bf906.dcm,True,,,,0.0,,,0.0,,,0.0,
C:\Users\Gajendra\Desktop\D3_MONAI\Datasets\TCIA_IDC_Prostate_MRI_US_Biopsy\prostate_mri_us_biopsy\Prostate-MRI-US-Biopsy-0159\70919\22083\e1f75858-d533-4b6b-9fcf-2770a03cb841.dcm,True,,,,0.0,,,0.0,,,0.0,
C:\Users\Gajendra\Desktop\D3_MONAI\Datasets\TCIA_IDC_Prostate_MRI_US_Biopsy\prostate_mri_us_biopsy\Prostate-MRI-US-Biopsy-0159\95979\13049\e2920f0a-6da7-4fe6-a6fa-698bab118f7c.dcm,True,,,,0.0,,,0.0,,,0.0,
C:\Users\Gajendra\Desktop\D3_MONAI\Datasets\TCIA_IDC_Prostate_MRI_US_Biopsy\prostate_mri_us_biopsy\Prostate-MRI-US-Biopsy-0160\15982\08600\1cfd7fcf-654e-489d-b166-c8b00d55d59a.dcm,True,,,,0.0,,,0.0,,,0.0,
C:\Users\Gajendra\Desktop\D3_MONAI\Datasets\TCIA_IDC_Prostate_MRI_US_Biopsy\prostate_mri_us_biopsy\Prostate-MRI-US-Biopsy-0160\29358\41955\2523c193-3fa7-4ee1-b74f-8877a750edd4.dcm,True,,,,0.0,,,0.0,,,0.0,
C:\Users\Gajendra\Desktop\D3_MONAI\Datasets\TCIA_IDC_Prostate_MRI_US_Biopsy\prostate_mri_us_biopsy\Prostate-MRI-US-Biopsy-0160\42370\01353\a72e9a40-b1fd-41aa-b1fc-235d2f83c641.dcm,True,,,,0.0,,,0.0,,,0.0,
C:\Users\Gajendra\Desktop\D3_MONAI\Datasets\TCIA_IDC_Prostate_MRI_US_Biopsy\prostate_mri_us_biopsy\Prostate-MRI-US-Biopsy-0161\12372\12558\47f7bb8d-be5d-435f-a5b7-7ac3fece8796.dcm,True,,,,0.0,,,0.0,,,0.0,
C:\Users\Gajendra\Desktop\D3_MONAI\Datasets\TCIA_IDC_Prostate_MRI_US_Biopsy\prostate_mri_us_biopsy\Prostate-MRI-US-Biopsy-0162\01556\16883\3cacf93a-e709-418f-9a70-b765c0662a90.dcm,True,,,,0.0,,,0.0,,,0.0,
C:\Users\Gajendra\Desktop\D3_MONAI\Datasets\TCIA_IDC_Prostate_MRI_US_Biopsy\prostate_mri_us_biopsy\Prostate-MRI-US-Biopsy-0162\03989\38238\9588bc1d-8521-432e-bcca-5774cbf89838.dcm,True,,,,0.0,,,0.0,,,0.0,
C:\Users\Gajendra\Desktop\D3_MONAI\Datasets\TCIA_IDC_Prostate_MRI_US_Biopsy\prostate_mri_us_biopsy\Prostate-MRI-US-Biopsy-0162\41193\92954\86eaa82b-b522-4181-b6c2-88432fa458a6.dcm,True,,,,0.0,,,0.0,,,0.0,
C:\Users\Gajendra\Desktop\D3_MONAI\Datasets\TCIA_IDC_Prostate_MRI_US_Biopsy\prostate_mri_us_biopsy\Prostate-MRI-US-Biopsy-0163\39715\60510\61feb0fa-e7f1-4db2-b677-d086ba92858f.dcm,True,,,,0.0,,,0.0,,,0.0,
C:\Users\Gajendra\Desktop\D3_MONAI\Datasets\TCIA_IDC_Prostate_MRI_US_Biopsy\prostate_mri_us_biopsy\Prostate-MRI-US-Biopsy-0164\42019\84295\01b80d98-407b-483b-9b0f-f14efc9df7fa.dcm,True,,,,0.0,,,0.0,,,0.0,
C:\Users\Gajendra\Desktop\D3_MONAI\Datasets\TCIA_IDC_Prostate_MRI_US_Biopsy\prostate_mri_us_biopsy\Prostate-MRI-US-Biopsy-0165\13637\52252\4a39955e-3b9f-4096-a3ae-d125e5ef6662.dcm,True,,,,0.0,,,0.0,,,0.0,
C:\Users\Gajendra\Desktop\D3_MONAI\Datasets\TCIA_IDC_Prostate_MRI_US_Biopsy\prostate_mri_us_biopsy\Prostate-MRI-US-Biopsy-0166\04158\86557\07524bab-391d-481c-b1d9-8c0c365856c8.dcm,True,,,,0.0,,,0.0,,,0.0,
C:\Users\Gajendra\Desktop\D3_MONAI\Datasets\TCIA_IDC_Prostate_MRI_US_Biopsy\prostate_mri_us_biopsy\Prostate-MRI-US-Biopsy-0167\02670\81622\729a99fa-c257-48af-a954-832a6906c378.dcm,True,,,,0.0,,,0.0,,,0.0,
C:\Users\Gajendra\Desktop\D3_MONAI\Datasets\TCIA_IDC_Prostate_MRI_US_Biopsy\prostate_mri_us_biopsy\Prostate-MRI-US-Biopsy-0168\86939\78910\90b69f9b-6c4a-4dc6-ad3c-7f6d17ecb30b.dcm,True,,,,0.0,,,0.0,,,0.0,
C:\Users\Gajendra\Desktop\D3_MONAI\Datasets\TCIA_IDC_Prostate_MRI_US_Biopsy\prostate_mri_us_biopsy\Prostate-MRI-US-Biopsy-0169\45062\51758\86f0b3f8-5572-4b20-bb1b-e259a8567d67.dcm,True,,,,0.0,,,0.0,,,0.0,
C:\Users\Gajendra\Desktop\D3_MONAI\Datasets\TCIA_IDC_Prostate_MRI_US_Biopsy\prostate_mri_us_biopsy\Prostate-MRI-US-Biopsy-0170\39806\01850\c9bdad5e-ce8e-431b-b54f-2bf58123fd7e.dcm,True,,,,0.0,,,0.0,,,0.0,
C:\Users\Gajendra\Desktop\D3_MONAI\Datasets\TCIA_IDC_Prostate_MRI_US_Biopsy\prostate_mri_us_biopsy\Prostate-MRI-US-Biopsy-0170\72620\22693\7c398b61-b2e4-4409-a32d-45eda3d425fa.dcm,True,,,,0.0,,,0.0,,,0.0,
C:\Users\Gajendra\Desktop\D3_MONAI\Datasets\TCIA_IDC_Prostate_MRI_US_Biopsy\prostate_mri_us_biopsy\Prostate-MRI-US-Biopsy-0171\32729\76242\afcc3467-9ef5-4b96-80c6-3305685d4994.dcm,True,,,,0.0,,,0.0,,,0.0,
C:\Users\Gajendra\Desktop\D3_MONAI\Datasets\TCIA_IDC_Prostate_MRI_US_Biopsy\prostate_mri_us_biopsy\Prostate-MRI-US-Biopsy-0171\62612\41135\229dec21-99a0-4248-a2c6-271c847d7443.dcm,True,,,,0.0,,,0.0,,,0.0,
C:\Users\Gajendra\Desktop\D3_MONAI\Datasets\TCIA_IDC_Prostate_MRI_US_Biopsy\prostate_mri_us_biopsy\Prostate-MRI-US-Biopsy-0172\38023\58151\b77a3e8f-d91d-4bd6-bfbb-89bee945cd50.dcm,True,,,,0.0,,,0.0,,,0.0,
C:\Users\Gajendra\Desktop\D3_MONAI\Datasets\TCIA_IDC_Prostate_MRI_US_Biopsy\prostate_mri_us_biopsy\Prostate-MRI-US-Biopsy-0172\96748\04251\20da31a4-bcd5-4bd5-9223-cbac4fcc53ec.dcm,True,,,,0.0,,,0.0,,,0.0,
C:\Users\Gajendra\Desktop\D3_MONAI\Datasets\TCIA_IDC_Prostate_MRI_US_Biopsy\prostate_mri_us_biopsy\Prostate-MRI-US-Biopsy-0173\61901\00429\9652e15a-02bd-46d2-afa3-94310ad23c08.dcm,True,,,,0.0,,,0.0,,,0.0,
C:\Users\Gajendra\Desktop\D3_MONAI\Datasets\TCIA_IDC_Prostate_MRI_US_Biopsy\prostate_mri_us_biopsy\Prostate-MRI-US-Biopsy-0174\23608\03226\1e208bf9-73f0-45d4-9215-60b6efc51fc7.dcm,True,,,,0.0,,,0.0,,,0.0,
C:\Users\Gajendra\Desktop\D3_MONAI\Datasets\TCIA_IDC_Prostate_MRI_US_Biopsy\prostate_mri_us_biopsy\Prostate-MRI-US-Biopsy-0175\07502\14570\b3ab09a0-39a6-4e8f-a6f4-17ccb8691f6b.dcm,True,,,,0.0,,,0.0,,,0.0,
C:\Users\Gajendra\Desktop\D3_MONAI\Datasets\TCIA_IDC_Prostate_MRI_US_Biopsy\prostate_mri_us_biopsy\Prostate-MRI-US-Biopsy-0176\62472\92730\f2489657-1406-4ad9-80e0-f682bec1702b.dcm,True,,,,0.0,,,0.0,,,0.0,
C:\Users\Gajendra\Desktop\D3_MONAI\Datasets\TCIA_IDC_Prostate_MRI_US_Biopsy\prostate_mri_us_biopsy\Prostate-MRI-US-Biopsy-0177\89343\64434\c4433b90-3b45-4018-9886-39a4c5246df9.dcm,True,,,,0.0,,,0.0,,,0.0,
C:\Users\Gajendra\Desktop\D3_MONAI\Datasets\TCIA_IDC_Prostate_MRI_US_Biopsy\prostate_mri_us_biopsy\Prostate-MRI-US-Biopsy-0177\90521\84192\359cb8b6-2833-4362-bd00-831ce3356cb5.dcm,True,,,,0.0,,,0.0,,,0.0,
C:\Users\Gajendra\Desktop\D3_MONAI\Datasets\TCIA_IDC_Prostate_MRI_US_Biopsy\prostate_mri_us_biopsy\Prostate-MRI-US-Biopsy-0178\00877\55548\5d188987-c5d8-4791-9504-bde979d88eb0.dcm,True,,,,0.0,,,0.0,,,0.0,
C:\Users\Gajendra\Desktop\D3_MONAI\Datasets\TCIA_IDC_Prostate_MRI_US_Biopsy\prostate_mri_us_biopsy\Prostate-MRI-US-Biopsy-0178\14493\52572\33565613-fdd9-4ef8-a443-e47dcc857b96.dcm,True,,,,0.0,,,0.0,,,0.0,
C:\Users\Gajendra\Desktop\D3_MONAI\Datasets\TCIA_IDC_Prostate_MRI_US_Biopsy\prostate_mri_us_biopsy\Prostate-MRI-US-Biopsy-0178\40312\19092\006645de-66ab-4e12-8baf-7e1d81cf2ad7.dcm,True,,,,0.0,,,0.0,,,0.0,
C:\Users\Gajendra\Desktop\D3_MONAI\Datasets\TCIA_IDC_Prostate_MRI_US_Biopsy\prostate_mri_us_biopsy\Prostate-MRI-US-Biopsy-0178\65413\11658\80599854-a943-4a2c-8034-ba9a5ba30453.dcm,True,,,,0.0,,,0.0,,,0.0,
C:\Users\Gajendra\Desktop\D3_MONAI\Datasets\TCIA_IDC_Prostate_MRI_US_Biopsy\prostate_mri_us_biopsy\Prostate-MRI-US-Biopsy-0178\84119\95124\c228773e-baee-4608-b99b-868366aeeb24.dcm,True,,,,0.0,,,0.0,,,0.0,
C:\Users\Gajendra\Desktop\D3_MONAI\Datasets\TCIA_IDC_Prostate_MRI_US_Biopsy\prostate_mri_us_biopsy\Prostate-MRI-US-Biopsy-0179\69352\06736\4ee4c81e-4b0b-4f21-b79f-cee5f500c12a.dcm,True,,,,0.0,,,0.0,,,0.0,
C:\Users\Gajendra\Desktop\D3_MONAI\Datasets\TCIA_IDC_Prostate_MRI_US_Biopsy\prostate_mri_us_biopsy\Prostate-MRI-US-Biopsy-0180\07617\01153\f3362f8b-a57b-41fc-8ece-611bd8694aee.dcm,True,,,,0.0,,,0.0,,,0.0,
C:\Users\Gajendra\Desktop\D3_MONAI\Datasets\TCIA_IDC_Prostate_MRI_US_Biopsy\prostate_mri_us_biopsy\Prostate-MRI-US-Biopsy-0181\24939\53366\c29233bb-754b-4540-bb04-b6c096f6f909.dcm,True,,,,0.0,,,0.0,,,0.0,
C:\Users\Gajendra\Desktop\D3_MONAI\Datasets\TCIA_IDC_Prostate_MRI_US_Biopsy\prostate_mri_us_biopsy\Prostate-MRI-US-Biopsy-0182\41123\60609\415a1e02-cf13-4623-a827-b00ce99c189d.dcm,True,,,,0.0,,,0.0,,,0.0,
C:\Users\Gajendra\Desktop\D3_MONAI\Datasets\TCIA_IDC_Prostate_MRI_US_Biopsy\prostate_mri_us_biopsy\Prostate-MRI-US-Biopsy-0182\46378\00154\96970de6-0198-49cf-a2f6-f0ce97ab4094.dcm,True,,,,0.0,,,0.0,,,0.0,
C:\Users\Gajendra\Desktop\D3_MONAI\Datasets\TCIA_IDC_Prostate_MRI_US_Biopsy\prostate_mri_us_biopsy\Prostate-MRI-US-Biopsy-0183\04240\11254\a5f38d39-9bde-4179-a0a7-b5af7c1ca59b.dcm,True,,,,0.0,,,0.0,,,0.0,
C:\Users\Gajendra\Desktop\D3_MONAI\Datasets\TCIA_IDC_Prostate_MRI_US_Biopsy\prostate_mri_us_biopsy\Prostate-MRI-US-Biopsy-0184\61001\76783\08ad9e43-fb15-451f-8a48-12ab7abe46f5.dcm,True,,,,0.0,,,0.0,,,0.0,
C:\Users\Gajendra\Desktop\D3_MONAI\Datasets\TCIA_IDC_Prostate_MRI_US_Biopsy\prostate_mri_us_biopsy\Prostate-MRI-US-Biopsy-0185\04615\11286\ca990cf0-4fb6-4e5f-83e8-f155ecea34f6.dcm,True,,,,0.0,,,0.0,,,0.0,
C:\Users\Gajendra\Desktop\D3_MONAI\Datasets\TCIA_IDC_Prostate_MRI_US_Biopsy\prostate_mri_us_biopsy\Prostate-MRI-US-Biopsy-0185\75120\07742\4f6f2b12-98df-400e-88ba-3fff048676a4.dcm,True,,,,0.0,,,0.0,,,0.0,
C:\Users\Gajendra\Desktop\D3_MONAI\Datasets\TCIA_IDC_Prostate_MRI_US_Biopsy\prostate_mri_us_biopsy\Prostate-MRI-US-Biopsy-0186\41504\64952\35ec3725-158a-4526-b89f-8db00fb0930e.dcm,True,,,,0.0,,,0.0,,,0.0,
C:\Users\Gajendra\Desktop\D3_MONAI\Datasets\TCIA_IDC_Prostate_MRI_US_Biopsy\prostate_mri_us_biopsy\Prostate-MRI-US-Biopsy-0187\87655\40521\4f6946f1-e3cd-42ab-8098-16f08e70d7ed.dcm,True,,,,0.0,,,0.0,,,0.0,
C:\Users\Gajendra\Desktop\D3_MONAI\Datasets\TCIA_IDC_Prostate_MRI_US_Biopsy\prostate_mri_us_biopsy\Prostate-MRI-US-Biopsy-0188\93127\88971\a909892c-f375-4b26-9ef5-b3ea0354deb6.dcm,True,,,,0.0,,,0.0,,,0.0,
C:\Users\Gajendra\Desktop\D3_MONAI\Datasets\TCIA_IDC_Prostate_MRI_US_Biopsy\prostate_mri_us_biopsy\Prostate-MRI-US-Biopsy-0189\77727\43394\3a5215de-dbea-4369-994a-a817cdf138c0.dcm,True,,,,0.0,,,0.0,,,0.0,
C:\Users\Gajendra\Desktop\D3_MONAI\Datasets\TCIA_IDC_Prostate_MRI_US_Biopsy\prostate_mri_us_biopsy\Prostate-MRI-US-Biopsy-0190\49959\06322\392144cc-8ddb-443f-a6da-a3aaa1223b71.dcm,True,,,,0.0,,,0.0,,,0.0,
C:\Users\Gajendra\Desktop\D3_MONAI\Datasets\TCIA_IDC_Prostate_MRI_US_Biopsy\prostate_mri_us_biopsy\Prostate-MRI-US-Biopsy-0191\09141\29844\8fe2c948-3adb-4d30-8f3a-b0f0d0ab7883.dcm,True,,,,0.0,,,0.0,,,0.0,
C:\Users\Gajendra\Desktop\D3_MONAI\Datasets\TCIA_IDC_Prostate_MRI_US_Biopsy\prostate_mri_us_biopsy\Prostate-MRI-US-Biopsy-0192\98692\68606\381e41c0-da01-450f-8523-0af3d9965b9d.dcm,True,,,,0.0,,,0.0,,,0.0,
C:\Users\Gajendra\Desktop\D3_MONAI\Datasets\TCIA_IDC_Prostate_MRI_US_Biopsy\prostate_mri_us_biopsy\Prostate-MRI-US-Biopsy-0193\00868\43630\bc52590d-184a-410b-84f5-13b781ab5014.dcm,True,,,,0.0,,,0.0,,,0.0,
C:\Users\Gajendra\Desktop\D3_MONAI\Datasets\TCIA_IDC_Prostate_MRI_US_Biopsy\prostate_mri_us_biopsy\Prostate-MRI-US-Biopsy-0193\23211\41310\b06982a3-f518-4b21-9f0b-6533d35bd894.dcm,True,,,,0.0,,,0.0,,,0.0,
C:\Users\Gajendra\Desktop\D3_MONAI\Datasets\TCIA_IDC_Prostate_MRI_US_Biopsy\prostate_mri_us_biopsy\Prostate-MRI-US-Biopsy-0194\58244\29403\0eb914d7-76a9-4f35-852d-5ff936018749.dcm,True,,,,0.0,,,0.0,,,0.0,
C:\Users\Gajendra\Desktop\D3_MONAI\Datasets\TCIA_IDC_Prostate_MRI_US_Biopsy\prostate_mri_us_biopsy\Prostate-MRI-US-Biopsy-0195\58565\75472\c162681b-b471-407b-b9da-670d67ad5f6b.dcm,True,,,,0.0,,,0.0,,,0.0,
C:\Users\Gajendra\Desktop\D3_MONAI\Datasets\TCIA_IDC_Prostate_MRI_US_Biopsy\prostate_mri_us_biopsy\Prostate-MRI-US-Biopsy-0196\10971\70129\1f361ff4-3909-4982-a00f-6a9ef231233d.dcm,True,,,,0.0,,,0.0,,,0.0,
C:\Users\Gajendra\Desktop\D3_MONAI\Datasets\TCIA_IDC_Prostate_MRI_US_Biopsy\prostate_mri_us_biopsy\Prostate-MRI-US-Biopsy-0196\40805\49385\789cd7f7-1c41-4c00-845a-d90bc911bba6.dcm,True,,,,0.0,,,0.0,,,0.0,
C:\Users\Gajendra\Desktop\D3_MONAI\Datasets\TCIA_IDC_Prostate_MRI_US_Biopsy\prostate_mri_us_biopsy\Prostate-MRI-US-Biopsy-0197\50161\06613\4e3e6866-7f90-4ce3-b1eb-a68b39add139.dcm,True,,,,0.0,,,0.0,,,0.0,
C:\Users\Gajendra\Desktop\D3_MONAI\Datasets\TCIA_IDC_Prostate_MRI_US_Biopsy\prostate_mri_us_biopsy\Prostate-MRI-US-Biopsy-0198\66977\48634\8672c996-718f-4e79-9a85-dc53ca0b44f3.dcm,True,,,,0.0,,,0.0,,,0.0,
C:\Users\Gajendra\Desktop\D3_MONAI\Datasets\TCIA_IDC_Prostate_MRI_US_Biopsy\prostate_mri_us_biopsy\Prostate-MRI-US-Biopsy-0199\64032\10868\af95b4e3-36ba-4e1b-aef7-7a886d32bfa5.dcm,True,,,,0.0,,,0.0,,,0.0,
C:\Users\Gajendra\Desktop\D3_MONAI\Datasets\TCIA_IDC_Prostate_MRI_US_Biopsy\prostate_mri_us_biopsy\Prostate-MRI-US-Biopsy-0200\57967\17834\bb3fb921-46fc-493e-aced-df80c24f8b07.dcm,True,,,,0.0,,,0.0,,,0.0,
C:\Users\Gajendra\Desktop\D3_MONAI\Datasets\TCIA_IDC_Prostate_MRI_US_Biopsy\prostate_mri_us_biopsy\Prostate-MRI-US-Biopsy-0201\95773\21618\b30ad708-fc0d-413c-9fec-f0a663d11b16.dcm,True,,,,0.0,,,0.0,,,0.0,
C:\Users\Gajendra\Desktop\D3_MONAI\Datasets\TCIA_IDC_Prostate_MRI_US_Biopsy\prostate_mri_us_biopsy\Prostate-MRI-US-Biopsy-0202\02916\33644\592d872e-ec50-4169-84ce-6d5c9e93d864.dcm,True,,,,0.0,,,0.0,,,0.0,
C:\Users\Gajendra\Desktop\D3_MONAI\Datasets\TCIA_IDC_Prostate_MRI_US_Biopsy\prostate_mri_us_biopsy\Prostate-MRI-US-Biopsy-0202\31075\06253\3e2d5a40-a250-4f08-8b8f-66e8d7483761.dcm,True,,,,0.0,,,0.0,,,0.0,
C:\Users\Gajendra\Desktop\D3_MONAI\Datasets\TCIA_IDC_Prostate_MRI_US_Biopsy\prostate_mri_us_biopsy\Prostate-MRI-US-Biopsy-0202\77664\01982\988cdabf-e37f-456f-a657-1802396627c8.dcm,True,,,,0.0,,,0.0,,,0.0,
C:\Users\Gajendra\Desktop\D3_MONAI\Datasets\TCIA_IDC_Prostate_MRI_US_Biopsy\prostate_mri_us_biopsy\Prostate-MRI-US-Biopsy-0202\85653\80872\12f5c1ec-a686-4fa9-8bff-6a47d13b1de0.dcm,True,,,,0.0,,,0.0,,,0.0,
C:\Users\Gajendra\Desktop\D3_MONAI\Datasets\TCIA_IDC_Prostate_MRI_US_Biopsy\prostate_mri_us_biopsy\Prostate-MRI-US-Biopsy-0203\20286\25959\7e4a0736-99a0-4f15-b35b-18ca224fa3cd.dcm,True,,,,0.0,,,0.0,,,0.0,
C:\Users\Gajendra\Desktop\D3_MONAI\Datasets\TCIA_IDC_Prostate_MRI_US_Biopsy\prostate_mri_us_biopsy\Prostate-MRI-US-Biopsy-0203\49996\73669\a41383fe-9a2f-4cda-b97c-e771bfd4d2a1.dcm,True,,,,0.0,,,0.0,,,0.0,
C:\Users\Gajendra\Desktop\D3_MONAI\Datasets\TCIA_IDC_Prostate_MRI_US_Biopsy\prostate_mri_us_biopsy\Prostate-MRI-US-Biopsy-0203\64165\14538\1d9d6208-a456-463d-a981-f68e5fc83ffd.dcm,True,,,,0.0,,,0.0,,,0.0,
C:\Users\Gajendra\Desktop\D3_MONAI\Datasets\TCIA_IDC_Prostate_MRI_US_Biopsy\prostate_mri_us_biopsy\Prostate-MRI-US-Biopsy-0203\74896\13036\48f72743-056d-4e1b-ac85-c97cb68b2ff4.dcm,True,,,,0.0,,,0.0,,,0.0,
C:\Users\Gajendra\Desktop\D3_MONAI\Datasets\TCIA_IDC_Prostate_MRI_US_Biopsy\prostate_mri_us_biopsy\Prostate-MRI-US-Biopsy-0204\16387\72090\b478649b-c136-4257-83ec-f45eb9bc00fa.dcm,True,,,,0.0,,,0.0,,,0.0,
C:\Users\Gajendra\Desktop\D3_MONAI\Datasets\TCIA_IDC_Prostate_MRI_US_Biopsy\prostate_mri_us_biopsy\Prostate-MRI-US-Biopsy-0204\81136\42455\f6f73653-1667-4468-b66f-b09a2c4bda64.dcm,True,,,,0.0,,,0.0,,,0.0,
C:\Users\Gajendra\Desktop\D3_MONAI\Datasets\TCIA_IDC_Prostate_MRI_US_Biopsy\prostate_mri_us_biopsy\Prostate-MRI-US-Biopsy-0205\16374\90032\f3d1ee75-3386-499c-b24a-93f45cddadff.dcm,True,,,,0.0,,,0.0,,,0.0,
C:\Users\Gajendra\Desktop\D3_MONAI\Datasets\TCIA_IDC_Prostate_MRI_US_Biopsy\prostate_mri_us_biopsy\Prostate-MRI-US-Biopsy-0206\98143\35705\b9d0bc64-c12a-4fa1-8d3c-2c8740f71f28.dcm,True,,,,0.0,,,0.0,,,0.0,
C:\Users\Gajendra\Desktop\D3_MONAI\Datasets\TCIA_IDC_Prostate_MRI_US_Biopsy\prostate_mri_us_biopsy\Prostate-MRI-US-Biopsy-0207\33134\09619\cf0de059-c3f7-45c8-9c4e-f367a658b760.dcm,True,,,,0.0,,,0.0,,,0.0,
C:\Users\Gajendra\Desktop\D3_MONAI\Datasets\TCIA_IDC_Prostate_MRI_US_Biopsy\prostate_mri_us_biopsy\Prostate-MRI-US-Biopsy-0207\45189\72865\a617fd8e-c69e-4b4c-b0e8-deee86b76d0d.dcm,True,,,,0.0,,,0.0,,,0.0,
C:\Users\Gajendra\Desktop\D3_MONAI\Datasets\TCIA_IDC_Prostate_MRI_US_Biopsy\prostate_mri_us_biopsy\Prostate-MRI-US-Biopsy-0207\61325\00857\52d06ff5-9567-4f07-ad98-a673b0a34134.dcm,True,,,,0.0,,,0.0,,,0.0,
C:\Users\Gajendra\Desktop\D3_MONAI\Datasets\TCIA_IDC_Prostate_MRI_US_Biopsy\prostate_mri_us_biopsy\Prostate-MRI-US-Biopsy-0208\23722\56449\919a6ea2-1750-4b32-a630-b5cd80845ace.dcm,True,,,,0.0,,,0.0,,,0.0,
C:\Users\Gajendra\Desktop\D3_MONAI\Datasets\TCIA_IDC_Prostate_MRI_US_Biopsy\prostate_mri_us_biopsy\Prostate-MRI-US-Biopsy-0208\82637\35367\08534bf4-e977-472b-8331-1115ba4dcfbf.dcm,True,,,,0.0,,,0.0,,,0.0,
C:\Users\Gajendra\Desktop\D3_MONAI\Datasets\TCIA_IDC_Prostate_MRI_US_Biopsy\prostate_mri_us_biopsy\Prostate-MRI-US-Biopsy-0209\40492\66372\d61bb8b6-1b3e-49c2-b0af-9b4f07e9086f.dcm,True,,,,0.0,,,0.0,,,0.0,
C:\Users\Gajendra\Desktop\D3_MONAI\Datasets\TCIA_IDC_Prostate_MRI_US_Biopsy\prostate_mri_us_biopsy\Prostate-MRI-US-Biopsy-0209\53481\04173\4c4e16a2-4523-4dee-a626-b741a8d015ff.dcm,True,,,,0.0,,,0.0,,,0.0,
C:\Users\Gajendra\Desktop\D3_MONAI\Datasets\TCIA_IDC_Prostate_MRI_US_Biopsy\prostate_mri_us_biopsy\Prostate-MRI-US-Biopsy-0209\83350\12873\f5b478dd-d1f2-435d-93cc-1786d36521b2.dcm,True,,,,0.0,,,0.0,,,0.0,
C:\Users\Gajendra\Desktop\D3_MONAI\Datasets\TCIA_IDC_Prostate_MRI_US_Biopsy\prostate_mri_us_biopsy\Prostate-MRI-US-Biopsy-0210\10248\35820\353383e3-3c13-49cd-aa7d-8810b048ac2a.dcm,True,,,,0.0,,,0.0,,,0.0,
C:\Users\Gajendra\Desktop\D3_MONAI\Datasets\TCIA_IDC_Prostate_MRI_US_Biopsy\prostate_mri_us_biopsy\Prostate-MRI-US-Biopsy-0210\26432\00491\a7d425ea-888b-4bbf-85bc-34ca39158975.dcm,True,,,,0.0,,,0.0,,,0.0,
C:\Users\Gajendra\Desktop\D3_MONAI\Datasets\TCIA_IDC_Prostate_MRI_US_Biopsy\prostate_mri_us_biopsy\Prostate-MRI-US-Biopsy-0210\36546\53464\b9a3d2ba-c9f5-4e38-913a-2efb577a9d06.dcm,True,,,,0.0,,,0.0,,,0.0,
C:\Users\Gajendra\Desktop\D3_MONAI\Datasets\TCIA_IDC_Prostate_MRI_US_Biopsy\prostate_mri_us_biopsy\Prostate-MRI-US-Biopsy-0211\96156\37763\e183033e-801d-4d77-b391-a3bfc77e7db5.dcm,True,,,,0.0,,,0.0,,,0.0,
C:\Users\Gajendra\Desktop\D3_MONAI\Datasets\TCIA_IDC_Prostate_MRI_US_Biopsy\prostate_mri_us_biopsy\Prostate-MRI-US-Biopsy-0212\30758\11366\290bce94-7847-46a7-8826-43096f8a6564.dcm,True,,,,0.0,,,0.0,,,0.0,
C:\Users\Gajendra\Desktop\D3_MONAI\Datasets\TCIA_IDC_Prostate_MRI_US_Biopsy\prostate_mri_us_biopsy\Prostate-MRI-US-Biopsy-0213\46748\28463\9f607520-c5ce-45ca-8e74-3a5e42880bd8.dcm,True,,,,0.0,,,0.0,,,0.0,
C:\Users\Gajendra\Desktop\D3_MONAI\Datasets\TCIA_IDC_Prostate_MRI_US_Biopsy\prostate_mri_us_biopsy\Prostate-MRI-US-Biopsy-0213\60659\36577\9eeda4a5-580d-422c-ad6a-747246a2bbaf.dcm,True,,,,0.0,,,0.0,,,0.0,
C:\Users\Gajendra\Desktop\D3_MONAI\Datasets\TCIA_IDC_Prostate_MRI_US_Biopsy\prostate_mri_us_biopsy\Prostate-MRI-US-Biopsy-0213\81353\80094\be18086d-f819-4ff3-bc73-ac5261832315.dcm,True,,,,0.0,,,0.0,,,0.0,
C:\Users\Gajendra\Desktop\D3_MONAI\Datasets\TCIA_IDC_Prostate_MRI_US_Biopsy\prostate_mri_us_biopsy\Prostate-MRI-US-Biopsy-0213\85277\36840\7c8c4b76-2292-4e31-beb3-2139596567df.dcm,True,,,,0.0,,,0.0,,,0.0,
C:\Users\Gajendra\Desktop\D3_MONAI\Datasets\TCIA_IDC_Prostate_MRI_US_Biopsy\prostate_mri_us_biopsy\Prostate-MRI-US-Biopsy-0214\13929\40145\db7f9d16-6f9b-4ccf-b26d-e4ca4d16ed96.dcm,True,,,,0.0,,,0.0,,,0.0,
C:\Users\Gajendra\Desktop\D3_MONAI\Datasets\TCIA_IDC_Prostate_MRI_US_Biopsy\prostate_mri_us_biopsy\Prostate-MRI-US-Biopsy-0215\55633\31033\2b3f479b-17c0-4137-b677-474bffbee863.dcm,True,,,,0.0,,,0.0,,,0.0,
C:\Users\Gajendra\Desktop\D3_MONAI\Datasets\TCIA_IDC_Prostate_MRI_US_Biopsy\prostate_mri_us_biopsy\Prostate-MRI-US-Biopsy-0216\87386\46470\a08b40d7-e667-462a-aa5c-fe827f85854e.dcm,True,,,,0.0,,,0.0,,,0.0,
C:\Users\Gajendra\Desktop\D3_MONAI\Datasets\TCIA_IDC_Prostate_MRI_US_Biopsy\prostate_mri_us_biopsy\Prostate-MRI-US-Biopsy-0217\00410\19667\10445270-150c-4317-a79b-e1c82ebee456.dcm,True,,,,0.0,,,0.0,,,0.0,
C:\Users\Gajendra\Desktop\D3_MONAI\Datasets\TCIA_IDC_Prostate_MRI_US_Biopsy\prostate_mri_us_biopsy\Prostate-MRI-US-Biopsy-0217\22606\46684\55d07e1b-a6af-4a51-906e-f16ced6d9961.dcm,True,,,,0.0,,,0.0,,,0.0,
C:\Users\Gajendra\Desktop\D3_MONAI\Datasets\TCIA_IDC_Prostate_MRI_US_Biopsy\prostate_mri_us_biopsy\Prostate-MRI-US-Biopsy-0217\88806\41077\6fc54f47-a9aa-4cc3-8a7b-ab775d3e53da.dcm,True,,,,0.0,,,0.0,,,0.0,
C:\Users\Gajendra\Desktop\D3_MONAI\Datasets\TCIA_IDC_Prostate_MRI_US_Biopsy\prostate_mri_us_biopsy\Prostate-MRI-US-Biopsy-0217\99523\08163\4e6458fd-6c0f-4b61-bba6-081bdba344f3.dcm,True,,,,0.0,,,0.0,,,0.0,
C:\Users\Gajendra\Desktop\D3_MONAI\Datasets\TCIA_IDC_Prostate_MRI_US_Biopsy\prostate_mri_us_biopsy\Prostate-MRI-US-Biopsy-0218\01593\78182\a391ec55-23e7-454c-bdb9-4346ef895fce.dcm,True,,,,0.0,,,0.0,,,0.0,
C:\Users\Gajendra\Desktop\D3_MONAI\Datasets\TCIA_IDC_Prostate_MRI_US_Biopsy\prostate_mri_us_biopsy\Prostate-MRI-US-Biopsy-0219\35617\47438\fce01ca5-0de0-4980-a340-0efa2746772a.dcm,True,,,,0.0,,,0.0,,,0.0,
C:\Users\Gajendra\Desktop\D3_MONAI\Datasets\TCIA_IDC_Prostate_MRI_US_Biopsy\prostate_mri_us_biopsy\Prostate-MRI-US-Biopsy-0220\09137\55709\3eed3108-8fb7-4f33-a096-dd05eec07e27.dcm,True,,,,0.0,,,0.0,,,0.0,
C:\Users\Gajendra\Desktop\D3_MONAI\Datasets\TCIA_IDC_Prostate_MRI_US_Biopsy\prostate_mri_us_biopsy\Prostate-MRI-US-Biopsy-0220\48928\52925\77bffc17-eb4a-42e0-9fe0-54c4b5603f49.dcm,True,,,,0.0,,,0.0,,,0.0,
C:\Users\Gajendra\Desktop\D3_MONAI\Datasets\TCIA_IDC_Prostate_MRI_US_Biopsy\prostate_mri_us_biopsy\Prostate-MRI-US-Biopsy-0221\92881\48292\8065b768-1418-4c51-8ece-4a497593bea7.dcm,True,,,,0.0,,,0.0,,,0.0,
C:\Users\Gajendra\Desktop\D3_MONAI\Datasets\TCIA_IDC_Prostate_MRI_US_Biopsy\prostate_mri_us_biopsy\Prostate-MRI-US-Biopsy-0222\25154\69906\03dae57c-fda4-4042-b7ee-caf2030cc3b2.dcm,True,,,,0.0,,,0.0,,,0.0,
C:\Users\Gajendra\Desktop\D3_MONAI\Datasets\TCIA_IDC_Prostate_MRI_US_Biopsy\prostate_mri_us_biopsy\Prostate-MRI-US-Biopsy-0223\09212\94471\332d8965-22ee-4a84-a255-c1cb27e57f9b.dcm,True,,,,0.0,,,0.0,,,0.0,
C:\Users\Gajendra\Desktop\D3_MONAI\Datasets\TCIA_IDC_Prostate_MRI_US_Biopsy\prostate_mri_us_biopsy\Prostate-MRI-US-Biopsy-0223\22337\65235\e786a1ef-5d90-4670-80ca-28b18938aa2d.dcm,True,,,,0.0,,,0.0,,,0.0,
C:\Users\Gajendra\Desktop\D3_MONAI\Datasets\TCIA_IDC_Prostate_MRI_US_Biopsy\prostate_mri_us_biopsy\Prostate-MRI-US-Biopsy-0223\70171\87354\f4413c5d-a9c3-4f9e-9ac8-f34f740bba13.dcm,True,,,,0.0,,,0.0,,,0.0,
C:\Users\Gajendra\Desktop\D3_MONAI\Datasets\TCIA_IDC_Prostate_MRI_US_Biopsy\prostate_mri_us_biopsy\Prostate-MRI-US-Biopsy-0223\76405\95627\b812cc87-49a8-409f-a384-0b65b4b96222.dcm,True,,,,0.0,,,0.0,,,0.0,
C:\Users\Gajendra\Desktop\D3_MONAI\Datasets\TCIA_IDC_Prostate_MRI_US_Biopsy\prostate_mri_us_biopsy\Prostate-MRI-US-Biopsy-0223\95471\08139\cf121b36-7c33-47a1-bcd7-51aebd6ec870.dcm,True,,,,0.0,,,0.0,,,0.0,
C:\Users\Gajendra\Desktop\D3_MONAI\Datasets\TCIA_IDC_Prostate_MRI_US_Biopsy\prostate_mri_us_biopsy\Prostate-MRI-US-Biopsy-0224\00756\46865\c471aced-d6d8-4545-9157-538c315d436c.dcm,True,,,,0.0,,,0.0,,,0.0,
C:\Users\Gajendra\Desktop\D3_MONAI\Datasets\TCIA_IDC_Prostate_MRI_US_Biopsy\prostate_mri_us_biopsy\Prostate-MRI-US-Biopsy-0224\25084\76420\7c02eb86-d556-49eb-bc53-c47e1253a712.dcm,True,,,,0.0,,,0.0,,,0.0,
C:\Users\Gajendra\Desktop\D3_MONAI\Datasets\TCIA_IDC_Prostate_MRI_US_Biopsy\prostate_mri_us_biopsy\Prostate-MRI-US-Biopsy-0224\49943\62813\0b1833a8-195d-448e-8412-b6846c9e3c4d.dcm,True,,,,0.0,,,0.0,,,0.0,
C:\Users\Gajendra\Desktop\D3_MONAI\Datasets\TCIA_IDC_Prostate_MRI_US_Biopsy\prostate_mri_us_biopsy\Prostate-MRI-US-Biopsy-0224\79907\28886\2285f8e7-c6f0-4af8-92e7-86572d9b6dbb.dcm,True,,,,0.0,,,0.0,,,0.0,
C:\Users\Gajendra\Desktop\D3_MONAI\Datasets\TCIA_IDC_Prostate_MRI_US_Biopsy\prostate_mri_us_biopsy\Prostate-MRI-US-Biopsy-0224\93676\34670\1970d9ec-e758-4c41-a18e-552432fe8e77.dcm,True,,,,0.0,,,0.0,,,0.0,
C:\Users\Gajendra\Desktop\D3_MONAI\Datasets\TCIA_IDC_Prostate_MRI_US_Biopsy\prostate_mri_us_biopsy\Prostate-MRI-US-Biopsy-0225\91253\21823\31f9d1fb-3e35-4d7f-99b6-d77e9be30b8b.dcm,True,,,,0.0,,,0.0,,,0.0,
C:\Users\Gajendra\Desktop\D3_MONAI\Datasets\TCIA_IDC_Prostate_MRI_US_Biopsy\prostate_mri_us_biopsy\Prostate-MRI-US-Biopsy-0226\59376\94559\aba9cd94-0fd9-486f-9122-967955c30ab4.dcm,True,,,,0.0,,,0.0,,,0.0,
C:\Users\Gajendra\Desktop\D3_MONAI\Datasets\TCIA_IDC_Prostate_MRI_US_Biopsy\prostate_mri_us_biopsy\Prostate-MRI-US-Biopsy-0227\18452\31180\6fe24039-7228-4ef8-ac06-51057bc13d7b.dcm,True,,,,0.0,,,0.0,,,0.0,
C:\Users\Gajendra\Desktop\D3_MONAI\Datasets\TCIA_IDC_Prostate_MRI_US_Biopsy\prostate_mri_us_biopsy\Prostate-MRI-US-Biopsy-0227\42891\54625\03ffa1e6-bca1-4217-a859-3a1c75775ef5.dcm,True,,,,0.0,,,0.0,,,0.0,
C:\Users\Gajendra\Desktop\D3_MONAI\Datasets\TCIA_IDC_Prostate_MRI_US_Biopsy\prostate_mri_us_biopsy\Prostate-MRI-US-Biopsy-0228\68825\20727\65b56253-96af-4408-8760-257cd52f7579.dcm,True,,,,0.0,,,0.0,,,0.0,
C:\Users\Gajendra\Desktop\D3_MONAI\Datasets\TCIA_IDC_Prostate_MRI_US_Biopsy\prostate_mri_us_biopsy\Prostate-MRI-US-Biopsy-0229\27035\92380\4e131047-a1cb-4cff-9885-f6b5ca439a8d.dcm,True,,,,0.0,,,0.0,,,0.0,
C:\Users\Gajendra\Desktop\D3_MONAI\Datasets\TCIA_IDC_Prostate_MRI_US_Biopsy\prostate_mri_us_biopsy\Prostate-MRI-US-Biopsy-0229\48469\85822\4c66e7cb-5cd5-47f1-84fa-4c145e093842.dcm,True,,,,0.0,,,0.0,,,0.0,
C:\Users\Gajendra\Desktop\D3_MONAI\Datasets\TCIA_IDC_Prostate_MRI_US_Biopsy\prostate_mri_us_biopsy\Prostate-MRI-US-Biopsy-0229\86084\62995\0378d794-1b4b-41f0-9b3f-105310e87996.dcm,True,,,,0.0,,,0.0,,,0.0,
C:\Users\Gajendra\Desktop\D3_MONAI\Datasets\TCIA_IDC_Prostate_MRI_US_Biopsy\prostate_mri_us_biopsy\Prostate-MRI-US-Biopsy-0230\57236\63689\6ea948cf-5e62-49fd-88ac-0899199db684.dcm,True,,,,0.0,,,0.0,,,0.0,
C:\Users\Gajendra\Desktop\D3_MONAI\Datasets\TCIA_IDC_Prostate_MRI_US_Biopsy\prostate_mri_us_biopsy\Prostate-MRI-US-Biopsy-0231\17548\79230\47f827db-b4a2-4b21-8332-624bd91001ae.dcm,True,,,,0.0,,,0.0,,,0.0,
C:\Users\Gajendra\Desktop\D3_MONAI\Datasets\TCIA_IDC_Prostate_MRI_US_Biopsy\prostate_mri_us_biopsy\Prostate-MRI-US-Biopsy-0231\39415\55269\71d84a96-12c8-4246-ae20-5325a84bab5a.dcm,True,,,,0.0,,,0.0,,,0.0,
C:\Users\Gajendra\Desktop\D3_MONAI\Datasets\TCIA_IDC_Prostate_MRI_US_Biopsy\prostate_mri_us_biopsy\Prostate-MRI-US-Biopsy-0231\53442\37163\f78e8875-9cb4-4214-b927-b2e1c8a8cf0c.dcm,True,,,,0.0,,,0.0,,,0.0,
C:\Users\Gajendra\Desktop\D3_MONAI\Datasets\TCIA_IDC_Prostate_MRI_US_Biopsy\prostate_mri_us_biopsy\Prostate-MRI-US-Biopsy-0231\57569\00584\6fec2404-4e10-4512-b719-6b70c8fed6ad.dcm,True,,,,0.0,,,0.0,,,0.0,
C:\Users\Gajendra\Desktop\D3_MONAI\Datasets\TCIA_IDC_Prostate_MRI_US_Biopsy\prostate_mri_us_biopsy\Prostate-MRI-US-Biopsy-0231\74179\54391\b956be38-115e-4905-ba86-39daae7fac89.dcm,True,,,,0.0,,,0.0,,,0.0,
C:\Users\Gajendra\Desktop\D3_MONAI\Datasets\TCIA_IDC_Prostate_MRI_US_Biopsy\prostate_mri_us_biopsy\Prostate-MRI-US-Biopsy-0231\75373\44269\9c2eaf45-7f4a-4fdb-b1c9-0dbc4128bc2d.dcm,True,,,,0.0,,,0.0,,,0.0,
C:\Users\Gajendra\Desktop\D3_MONAI\Datasets\TCIA_IDC_Prostate_MRI_US_Biopsy\prostate_mri_us_biopsy\Prostate-MRI-US-Biopsy-0232\00903\24014\a94d41a8-b117-42a2-8979-d3e14aa70d8f.dcm,True,,,,0.0,,,0.0,,,0.0,
C:\Users\Gajendra\Desktop\D3_MONAI\Datasets\TCIA_IDC_Prostate_MRI_US_Biopsy\prostate_mri_us_biopsy\Prostate-MRI-US-Biopsy-0233\89776\42499\d2c879fc-a96a-4d9f-9667-0836aaa65684.dcm,True,,,,0.0,,,0.0,,,0.0,
C:\Users\Gajendra\Desktop\D3_MONAI\Datasets\TCIA_IDC_Prostate_MRI_US_Biopsy\prostate_mri_us_biopsy\Prostate-MRI-US-Biopsy-0234\08366\05384\0e858f4f-703d-42c5-b4be-29040a364792.dcm,True,,,,0.0,,,0.0,,,0.0,
C:\Users\Gajendra\Desktop\D3_MONAI\Datasets\TCIA_IDC_Prostate_MRI_US_Biopsy\prostate_mri_us_biopsy\Prostate-MRI-US-Biopsy-0234\34126\60876\a10bb94c-1ca2-4b34-8d29-2aa452be1524.dcm,True,,,,0.0,,,0.0,,,0.0,
C:\Users\Gajendra\Desktop\D3_MONAI\Datasets\TCIA_IDC_Prostate_MRI_US_Biopsy\prostate_mri_us_biopsy\Prostate-MRI-US-Biopsy-0234\75744\64513\a1ebfe1c-7a91-41a4-8c37-41fc1b6368bc.dcm,True,,,,0.0,,,0.0,,,0.0,
C:\Users\Gajendra\Desktop\D3_MONAI\Datasets\TCIA_IDC_Prostate_MRI_US_Biopsy\prostate_mri_us_biopsy\Prostate-MRI-US-Biopsy-0235\16857\31240\79e2e40a-7501-48ea-ab8f-bbc38cf290f5.dcm,True,,,,0.0,,,0.0,,,0.0,
C:\Users\Gajendra\Desktop\D3_MONAI\Datasets\TCIA_IDC_Prostate_MRI_US_Biopsy\prostate_mri_us_biopsy\Prostate-MRI-US-Biopsy-0236\08217\47181\40656708-54dc-4666-b6fa-7c6d16bb5278.dcm,True,,,,0.0,,,0.0,,,0.0,
C:\Users\Gajendra\Desktop\D3_MONAI\Datasets\TCIA_IDC_Prostate_MRI_US_Biopsy\prostate_mri_us_biopsy\Prostate-MRI-US-Biopsy-0237\19138\00617\a22d3874-9e8a-492a-b308-111d2337c134.dcm,True,,,,0.0,,,0.0,,,0.0,
C:\Users\Gajendra\Desktop\D3_MONAI\Datasets\TCIA_IDC_Prostate_MRI_US_Biopsy\prostate_mri_us_biopsy\Prostate-MRI-US-Biopsy-0237\87309\95231\65800d90-d69c-44fc-89e9-dd780b2e1a02.dcm,True,,,,0.0,,,0.0,,,0.0,
C:\Users\Gajendra\Desktop\D3_MONAI\Datasets\TCIA_IDC_Prostate_MRI_US_Biopsy\prostate_mri_us_biopsy\Prostate-MRI-US-Biopsy-0238\03185\77679\29a55640-034f-4e87-970b-0853b776eb67.dcm,True,,,,0.0,,,0.0,,,0.0,
C:\Users\Gajendra\Desktop\D3_MONAI\Datasets\TCIA_IDC_Prostate_MRI_US_Biopsy\prostate_mri_us_biopsy\Prostate-MRI-US-Biopsy-0239\24743\49414\b3f46e5a-603d-415d-8125-31d69c8ca823.dcm,True,,,,0.0,,,0.0,,,0.0,
C:\Users\Gajendra\Desktop\D3_MONAI\Datasets\TCIA_IDC_Prostate_MRI_US_Biopsy\prostate_mri_us_biopsy\Prostate-MRI-US-Biopsy-0240\16024\50051\8d4c9607-58e0-45f8-9c03-0b965a7ada28.dcm,True,,,,0.0,,,0.0,,,0.0,
C:\Users\Gajendra\Desktop\D3_MONAI\Datasets\TCIA_IDC_Prostate_MRI_US_Biopsy\prostate_mri_us_biopsy\Prostate-MRI-US-Biopsy-0240\31792\67696\ce46554a-6f06-4ee4-ba97-9a779b37e83b.dcm,True,,,,0.0,,,0.0,,,0.0,
C:\Users\Gajendra\Desktop\D3_MONAI\Datasets\TCIA_IDC_Prostate_MRI_US_Biopsy\prostate_mri_us_biopsy\Prostate-MRI-US-Biopsy-0240\33065\96859\73139d6d-62d3-4954-87fb-d153b6bf9583.dcm,True,,,,0.0,,,0.0,,,0.0,
C:\Users\Gajendra\Desktop\D3_MONAI\Datasets\TCIA_IDC_Prostate_MRI_US_Biopsy\prostate_mri_us_biopsy\Prostate-MRI-US-Biopsy-0241\18435\11955\ab35e245-a674-47a2-8923-f62c6cb71626.dcm,True,,,,0.0,,,0.0,,,0.0,
C:\Users\Gajendra\Desktop\D3_MONAI\Datasets\TCIA_IDC_Prostate_MRI_US_Biopsy\prostate_mri_us_biopsy\Prostate-MRI-US-Biopsy-0241\50381\28037\fd31b8ea-f233-4440-91d2-2d651f9266e0.dcm,True,,,,0.0,,,0.0,,,0.0,
C:\Users\Gajendra\Desktop\D3_MONAI\Datasets\TCIA_IDC_Prostate_MRI_US_Biopsy\prostate_mri_us_biopsy\Prostate-MRI-US-Biopsy-0242\28893\69428\7f06b799-9a83-4412-9061-383cf6fe2c4b.dcm,True,,,,0.0,,,0.0,,,0.0,
C:\Users\Gajendra\Desktop\D3_MONAI\Datasets\TCIA_IDC_Prostate_MRI_US_Biopsy\prostate_mri_us_biopsy\Prostate-MRI-US-Biopsy-0243\51148\16149\528439ee-01f0-488c-ae63-e341acd55e68.dcm,True,,,,0.0,,,0.0,,,0.0,
C:\Users\Gajendra\Desktop\D3_MONAI\Datasets\TCIA_IDC_Prostate_MRI_US_Biopsy\prostate_mri_us_biopsy\Prostate-MRI-US-Biopsy-0244\03563\03311\86eaa9d6-32f8-41a4-bc24-d3d9e7707cd0.dcm,True,,,,0.0,,,0.0,,,0.0,
C:\Users\Gajendra\Desktop\D3_MONAI\Datasets\TCIA_IDC_Prostate_MRI_US_Biopsy\prostate_mri_us_biopsy\Prostate-MRI-US-Biopsy-0245\55187\03414\4b0e3e69-5e72-49ed-b1a2-68ef3151997e.dcm,True,,,,0.0,,,0.0,,,0.0,
C:\Users\Gajendra\Desktop\D3_MONAI\Datasets\TCIA_IDC_Prostate_MRI_US_Biopsy\prostate_mri_us_biopsy\Prostate-MRI-US-Biopsy-0246\47894\80060\4f3f5e25-8c7d-48c8-a3d6-3b1546c8319d.dcm,True,,,,0.0,,,0.0,,,0.0,
C:\Users\Gajendra\Desktop\D3_MONAI\Datasets\TCIA_IDC_Prostate_MRI_US_Biopsy\prostate_mri_us_biopsy\Prostate-MRI-US-Biopsy-0246\65629\81263\4b1d5bde-976c-4788-86d5-be00cffc3398.dcm,True,,,,0.0,,,0.0,,,0.0,
C:\Users\Gajendra\Desktop\D3_MONAI\Datasets\TCIA_IDC_Prostate_MRI_US_Biopsy\prostate_mri_us_biopsy\Prostate-MRI-US-Biopsy-0247\12724\87940\ab9812ab-f7e1-46aa-b2fc-47a3d690873f.dcm,True,,,,0.0,,,0.0,,,0.0,
C:\Users\Gajendra\Desktop\D3_MONAI\Datasets\TCIA_IDC_Prostate_MRI_US_Biopsy\prostate_mri_us_biopsy\Prostate-MRI-US-Biopsy-0248\62758\52599\b047e778-2b5e-418f-a0df-6e382b874b1a.dcm,True,,,,0.0,,,0.0,,,0.0,
C:\Users\Gajendra\Desktop\D3_MONAI\Datasets\TCIA_IDC_Prostate_MRI_US_Biopsy\prostate_mri_us_biopsy\Prostate-MRI-US-Biopsy-0249\53795\18765\ffa579f5-aa76-4b97-a514-091b2d662e66.dcm,True,,,,0.0,,,0.0,,,0.0,
C:\Users\Gajendra\Desktop\D3_MONAI\Datasets\TCIA_IDC_Prostate_MRI_US_Biopsy\prostate_mri_us_biopsy\Prostate-MRI-US-Biopsy-0250\39478\97675\fa3bc3d1-02c1-44f0-ab33-a843b59be504.dcm,True,,,,0.0,,,0.0,,,0.0,
C:\Users\Gajendra\Desktop\D3_MONAI\Datasets\TCIA_IDC_Prostate_MRI_US_Biopsy\prostate_mri_us_biopsy\Prostate-MRI-US-Biopsy-0251\46591\42363\5766320b-8195-426b-9709-8b0bfec57549.dcm,True,,,,0.0,,,0.0,,,0.0,
C:\Users\Gajendra\Desktop\D3_MONAI\Datasets\TCIA_IDC_Prostate_MRI_US_Biopsy\prostate_mri_us_biopsy\Prostate-MRI-US-Biopsy-0251\46634\37386\8176afbd-ad5d-41ed-915a-f8494b68ad50.dcm,True,,,,0.0,,,0.0,,,0.0,
C:\Users\Gajendra\Desktop\D3_MONAI\Datasets\TCIA_IDC_Prostate_MRI_US_Biopsy\prostate_mri_us_biopsy\Prostate-MRI-US-Biopsy-0252\76018\63293\b66c7b89-2bfa-44ae-870e-bdb0432b928f.dcm,True,,,,0.0,,,0.0,,,0.0,
C:\Users\Gajendra\Desktop\D3_MONAI\Datasets\TCIA_IDC_Prostate_MRI_US_Biopsy\prostate_mri_us_biopsy\Prostate-MRI-US-Biopsy-0252\93067\51623\053d6753-069e-49ef-808c-3b9ab12832a7.dcm,True,,,,0.0,,,0.0,,,0.0,
C:\Users\Gajendra\Desktop\D3_MONAI\Datasets\TCIA_IDC_Prostate_MRI_US_Biopsy\prostate_mri_us_biopsy\Prostate-MRI-US-Biopsy-0252\98849\16228\e48251f8-a38e-4fa1-bde5-3e394d6f4898.dcm,True,,,,0.0,,,0.0,,,0.0,
C:\Users\Gajendra\Desktop\D3_MONAI\Datasets\TCIA_IDC_Prostate_MRI_US_Biopsy\prostate_mri_us_biopsy\Prostate-MRI-US-Biopsy-0253\00907\36805\0adda53d-36f0-4665-a538-794364ce95a9.dcm,True,,,,0.0,,,0.0,,,0.0,
C:\Users\Gajendra\Desktop\D3_MONAI\Datasets\TCIA_IDC_Prostate_MRI_US_Biopsy\prostate_mri_us_biopsy\Prostate-MRI-US-Biopsy-0253\20930\09979\c27202fd-587f-4030-b9f2-0dfbb93512db.dcm,True,,,,0.0,,,0.0,,,0.0,
C:\Users\Gajendra\Desktop\D3_MONAI\Datasets\TCIA_IDC_Prostate_MRI_US_Biopsy\prostate_mri_us_biopsy\Prostate-MRI-US-Biopsy-0253\48819\61635\b418c409-3bba-4ae1-8da1-ab8cee446d1d.dcm,True,,,,0.0,,,0.0,,,0.0,
C:\Users\Gajendra\Desktop\D3_MONAI\Datasets\TCIA_IDC_Prostate_MRI_US_Biopsy\prostate_mri_us_biopsy\Prostate-MRI-US-Biopsy-0253\50293\56165\5193ad75-0d0c-4ed0-af7e-328036a5ae0f.dcm,True,,,,0.0,,,0.0,,,0.0,
C:\Users\Gajendra\Desktop\D3_MONAI\Datasets\TCIA_IDC_Prostate_MRI_US_Biopsy\prostate_mri_us_biopsy\Prostate-MRI-US-Biopsy-0254\68452\34478\2e858d2f-1fef-4bfd-8c91-48576f4949ba.dcm,True,,,,0.0,,,0.0,,,0.0,
C:\Users\Gajendra\Desktop\D3_MONAI\Datasets\TCIA_IDC_Prostate_MRI_US_Biopsy\prostate_mri_us_biopsy\Prostate-MRI-US-Biopsy-0255\82572\99706\ad1b2303-29a8-4eca-8c76-a267f7febbfb.dcm,True,,,,0.0,,,0.0,,,0.0,
C:\Users\Gajendra\Desktop\D3_MONAI\Datasets\TCIA_IDC_Prostate_MRI_US_Biopsy\prostate_mri_us_biopsy\Prostate-MRI-US-Biopsy-0256\05923\28586\b10abcfa-0841-481b-99aa-f105a5fd0430.dcm,True,,,,0.0,,,0.0,,,0.0,
C:\Users\Gajendra\Desktop\D3_MONAI\Datasets\TCIA_IDC_Prostate_MRI_US_Biopsy\prostate_mri_us_biopsy\Prostate-MRI-US-Biopsy-0256\23092\64459\0c4cdd93-ef70-4ac9-a0d9-4b5a05af7d74.dcm,True,,,,0.0,,,0.0,,,0.0,
C:\Users\Gajendra\Desktop\D3_MONAI\Datasets\TCIA_IDC_Prostate_MRI_US_Biopsy\prostate_mri_us_biopsy\Prostate-MRI-US-Biopsy-0257\23450\73725\1e9aba7f-5249-42a0-8de1-9bc8010ecbd8.dcm,True,,,,0.0,,,0.0,,,0.0,
C:\Users\Gajendra\Desktop\D3_MONAI\Datasets\TCIA_IDC_Prostate_MRI_US_Biopsy\prostate_mri_us_biopsy\Prostate-MRI-US-Biopsy-0258\91744\86166\5340a217-6712-455e-a3b2-3e424c2e71d1.dcm,True,,,,0.0,,,0.0,,,0.0,
C:\Users\Gajendra\Desktop\D3_MONAI\Datasets\TCIA_IDC_Prostate_MRI_US_Biopsy\prostate_mri_us_biopsy\Prostate-MRI-US-Biopsy-0259\21436\97132\6102808f-4542-4d41-9e9b-01e7d4170928.dcm,True,,,,0.0,,,0.0,,,0.0,
C:\Users\Gajendra\Desktop\D3_MONAI\Datasets\TCIA_IDC_Prostate_MRI_US_Biopsy\prostate_mri_us_biopsy\Prostate-MRI-US-Biopsy-0260\28396\20757\a0d9a6b0-4698-4e52-82cd-1c81e8f39646.dcm,True,,,,0.0,,,0.0,,,0.0,
C:\Users\Gajendra\Desktop\D3_MONAI\Datasets\TCIA_IDC_Prostate_MRI_US_Biopsy\prostate_mri_us_biopsy\Prostate-MRI-US-Biopsy-0260\50853\72221\5b8f14d7-a07a-4206-a022-3b67169b432b.dcm,True,,,,0.0,,,0.0,,,0.0,
C:\Users\Gajendra\Desktop\D3_MONAI\Datasets\TCIA_IDC_Prostate_MRI_US_Biopsy\prostate_mri_us_biopsy\Prostate-MRI-US-Biopsy-0261\12493\56743\96dbc538-3d8d-42e2-a58b-9207f0fdcfb4.dcm,True,,,,0.0,,,0.0,,,0.0,
C:\Users\Gajendra\Desktop\D3_MONAI\Datasets\TCIA_IDC_Prostate_MRI_US_Biopsy\prostate_mri_us_biopsy\Prostate-MRI-US-Biopsy-0261\46226\99395\c0a7f868-6f72-4197-bcde-4fdfd271b643.dcm,True,,,,0.0,,,0.0,,,0.0,
C:\Users\Gajendra\Desktop\D3_MONAI\Datasets\TCIA_IDC_Prostate_MRI_US_Biopsy\prostate_mri_us_biopsy\Prostate-MRI-US-Biopsy-0261\46826\91907\e12a751c-f8a3-4eb9-a313-42ae822cff02.dcm,True,,,,0.0,,,0.0,,,0.0,
C:\Users\Gajendra\Desktop\D3_MONAI\Datasets\TCIA_IDC_Prostate_MRI_US_Biopsy\prostate_mri_us_biopsy\Prostate-MRI-US-Biopsy-0261\65126\09738\936887d7-30c2-4309-8f6b-d16961f7e9b1.dcm,True,,,,0.0,,,0.0,,,0.0,
C:\Users\Gajendra\Desktop\D3_MONAI\Datasets\TCIA_IDC_Prostate_MRI_US_Biopsy\prostate_mri_us_biopsy\Prostate-MRI-US-Biopsy-0262\50937\60779\60b1b55e-6959-465c-a47a-e4a07ae01646.dcm,True,,,,0.0,,,0.0,,,0.0,
C:\Users\Gajendra\Desktop\D3_MONAI\Datasets\TCIA_IDC_Prostate_MRI_US_Biopsy\prostate_mri_us_biopsy\Prostate-MRI-US-Biopsy-0263\88129\97707\c5a6ff47-5606-475d-8f0f-0eb9b2f12937.dcm,True,,,,0.0,,,0.0,,,0.0,
C:\Users\Gajendra\Desktop\D3_MONAI\Datasets\TCIA_IDC_Prostate_MRI_US_Biopsy\prostate_mri_us_biopsy\Prostate-MRI-US-Biopsy-0264\82526\80415\4f6ba39e-d7af-4c56-b4fb-5f6b413b9e83.dcm,True,,,,0.0,,,0.0,,,0.0,
C:\Users\Gajendra\Desktop\D3_MONAI\Datasets\TCIA_IDC_Prostate_MRI_US_Biopsy\prostate_mri_us_biopsy\Prostate-MRI-US-Biopsy-0265\57459\28818\9bc4da85-bfdf-42bc-978e-dda1c82105db.dcm,True,,,,0.0,,,0.0,,,0.0,
C:\Users\Gajendra\Desktop\D3_MONAI\Datasets\TCIA_IDC_Prostate_MRI_US_Biopsy\prostate_mri_us_biopsy\Prostate-MRI-US-Biopsy-0266\35022\07722\ed68cd64-6343-4ac3-b72c-8fbbba89fe97.dcm,True,,,,0.0,,,0.0,,,0.0,
C:\Users\Gajendra\Desktop\D3_MONAI\Datasets\TCIA_IDC_Prostate_MRI_US_Biopsy\prostate_mri_us_biopsy\Prostate-MRI-US-Biopsy-0267\57323\20250\2ba749fd-ab87-404e-8f4d-5d04ca5efd6b.dcm,True,,,,0.0,,,0.0,,,0.0,
C:\Users\Gajendra\Desktop\D3_MONAI\Datasets\TCIA_IDC_Prostate_MRI_US_Biopsy\prostate_mri_us_biopsy\Prostate-MRI-US-Biopsy-0268\26051\59513\67d18e67-0492-4f0d-bbfc-b8d0a0ee9954.dcm,True,,,,0.0,,,0.0,,,0.0,
C:\Users\Gajendra\Desktop\D3_MONAI\Datasets\TCIA_IDC_Prostate_MRI_US_Biopsy\prostate_mri_us_biopsy\Prostate-MRI-US-Biopsy-0269\27647\21996\72acd48b-757b-48b3-8eb7-69a1644a0651.dcm,True,,,,0.0,,,0.0,,,0.0,
C:\Users\Gajendra\Desktop\D3_MONAI\Datasets\TCIA_IDC_Prostate_MRI_US_Biopsy\prostate_mri_us_biopsy\Prostate-MRI-US-Biopsy-0270\27323\36416\3e74022f-7424-41f3-b521-1afb2cba16b2.dcm,True,,,,0.0,,,0.0,,,0.0,
C:\Users\Gajendra\Desktop\D3_MONAI\Datasets\TCIA_IDC_Prostate_MRI_US_Biopsy\prostate_mri_us_biopsy\Prostate-MRI-US-Biopsy-0271\14811\13140\4ff89ebf-c5a5-45e3-9c72-3c6462be8e9b.dcm,True,,,,0.0,,,0.0,,,0.0,
C:\Users\Gajendra\Desktop\D3_MONAI\Datasets\TCIA_IDC_Prostate_MRI_US_Biopsy\prostate_mri_us_biopsy\Prostate-MRI-US-Biopsy-0272\86922\03482\c7ba43f6-d7ec-44d7-aab0-177c1bf326a9.dcm,True,,,,0.0,,,0.0,,,0.0,
C:\Users\Gajendra\Desktop\D3_MONAI\Datasets\TCIA_IDC_Prostate_MRI_US_Biopsy\prostate_mri_us_biopsy\Prostate-MRI-US-Biopsy-0273\10869\09110\e98d85b9-bb6f-4001-a41c-4976710a8442.dcm,True,,,,0.0,,,0.0,,,0.0,
C:\Users\Gajendra\Desktop\D3_MONAI\Datasets\TCIA_IDC_Prostate_MRI_US_Biopsy\prostate_mri_us_biopsy\Prostate-MRI-US-Biopsy-0274\97885\51295\d6f53263-a773-4ebf-ba2f-901dd715f8c5.dcm,True,,,,0.0,,,0.0,,,0.0,
C:\Users\Gajendra\Desktop\D3_MONAI\Datasets\TCIA_IDC_Prostate_MRI_US_Biopsy\prostate_mri_us_biopsy\Prostate-MRI-US-Biopsy-0275\13292\94265\ea8521de-2b0a-486c-b7a5-06e684bf4a93.dcm,True,,,,0.0,,,0.0,,,0.0,
C:\Users\Gajendra\Desktop\D3_MONAI\Datasets\TCIA_IDC_Prostate_MRI_US_Biopsy\prostate_mri_us_biopsy\Prostate-MRI-US-Biopsy-0275\49278\78996\2eaa6850-4b74-47eb-9738-4598eb32d023.dcm,True,,,,0.0,,,0.0,,,0.0,
C:\Users\Gajendra\Desktop\D3_MONAI\Datasets\TCIA_IDC_Prostate_MRI_US_Biopsy\prostate_mri_us_biopsy\Prostate-MRI-US-Biopsy-0276\49953\51687\02f5d5be-4fe4-4694-bad6-c7d72582197c.dcm,True,,,,0.0,,,0.0,,,0.0,
C:\Users\Gajendra\Desktop\D3_MONAI\Datasets\TCIA_IDC_Prostate_MRI_US_Biopsy\prostate_mri_us_biopsy\Prostate-MRI-US-Biopsy-0277\18069\38756\3180f005-5b88-4ea5-a0d5-eb36c04acde1.dcm,True,,,,0.0,,,0.0,,,0.0,
C:\Users\Gajendra\Desktop\D3_MONAI\Datasets\TCIA_IDC_Prostate_MRI_US_Biopsy\prostate_mri_us_biopsy\Prostate-MRI-US-Biopsy-0277\88764\05562\54c616c3-703c-4fc7-8f9e-b7a863fcbeab.dcm,True,,,,0.0,,,0.0,,,0.0,
C:\Users\Gajendra\Desktop\D3_MONAI\Datasets\TCIA_IDC_Prostate_MRI_US_Biopsy\prostate_mri_us_biopsy\Prostate-MRI-US-Biopsy-0278\23838\51649\9220a447-785e-4115-bf0a-b63b19e02a2e.dcm,True,,,,0.0,,,0.0,,,0.0,
C:\Users\Gajendra\Desktop\D3_MONAI\Datasets\TCIA_IDC_Prostate_MRI_US_Biopsy\prostate_mri_us_biopsy\Prostate-MRI-US-Biopsy-0278\37847\02026\77338403-fbfe-4ada-845d-d7372d9f21f6.dcm,True,,,,0.0,,,0.0,,,0.0,
C:\Users\Gajendra\Desktop\D3_MONAI\Datasets\TCIA_IDC_Prostate_MRI_US_Biopsy\prostate_mri_us_biopsy\Prostate-MRI-US-Biopsy-0278\88461\20961\e5ac0f91-23af-4fc3-b537-d3fde4205230.dcm,True,,,,0.0,,,0.0,,,0.0,
C:\Users\Gajendra\Desktop\D3_MONAI\Datasets\TCIA_IDC_Prostate_MRI_US_Biopsy\prostate_mri_us_biopsy\Prostate-MRI-US-Biopsy-0279\54011\80744\372b7a66-c77c-497d-bb32-dedea65ee27f.dcm,True,,,,0.0,,,0.0,,,0.0,
C:\Users\Gajendra\Desktop\D3_MONAI\Datasets\TCIA_IDC_Prostate_MRI_US_Biopsy\prostate_mri_us_biopsy\Prostate-MRI-US-Biopsy-0280\33966\63574\f2f40a8b-7122-4420-9389-3167e1c06e91.dcm,True,,,,0.0,,,0.0,,,0.0,
C:\Users\Gajendra\Desktop\D3_MONAI\Datasets\TCIA_IDC_Prostate_MRI_US_Biopsy\prostate_mri_us_biopsy\Prostate-MRI-US-Biopsy-0281\37510\68055\11c23976-35fa-4922-9bd5-e95451d1cffd.dcm,True,,,,0.0,,,0.0,,,0.0,
C:\Users\Gajendra\Desktop\D3_MONAI\Datasets\TCIA_IDC_Prostate_MRI_US_Biopsy\prostate_mri_us_biopsy\Prostate-MRI-US-Biopsy-0282\73239\12279\f85e247f-4e30-463d-8267-7cf1fac0a25f.dcm,True,,,,0.0,,,0.0,,,0.0,
C:\Users\Gajendra\Desktop\D3_MONAI\Datasets\TCIA_IDC_Prostate_MRI_US_Biopsy\prostate_mri_us_biopsy\Prostate-MRI-US-Biopsy-0282\91402\89388\b86a98b5-b233-4d26-a59a-206f3febd1fd.dcm,True,,,,0.0,,,0.0,,,0.0,
C:\Users\Gajendra\Desktop\D3_MONAI\Datasets\TCIA_IDC_Prostate_MRI_US_Biopsy\prostate_mri_us_biopsy\Prostate-MRI-US-Biopsy-0283\24282\16416\e5be884b-ba2c-45ae-a0d0-a95561306658.dcm,True,,,,0.0,,,0.0,,,0.0,
C:\Users\Gajendra\Desktop\D3_MONAI\Datasets\TCIA_IDC_Prostate_MRI_US_Biopsy\prostate_mri_us_biopsy\Prostate-MRI-US-Biopsy-0284\06442\87595\b74392ee-e363-49b6-ad85-4db7dc39557c.dcm,True,,,,0.0,,,0.0,,,0.0,
C:\Users\Gajendra\Desktop\D3_MONAI\Datasets\TCIA_IDC_Prostate_MRI_US_Biopsy\prostate_mri_us_biopsy\Prostate-MRI-US-Biopsy-0284\95254\10300\b05398f3-a2c6-4a07-b1ab-dd02c720946a.dcm,True,,,,0.0,,,0.0,,,0.0,
C:\Users\Gajendra\Desktop\D3_MONAI\Datasets\TCIA_IDC_Prostate_MRI_US_Biopsy\prostate_mri_us_biopsy\Prostate-MRI-US-Biopsy-0285\86578\92163\0879a278-e0fb-4839-9378-e34e0a0d7089.dcm,True,,,,0.0,,,0.0,,,0.0,
C:\Users\Gajendra\Desktop\D3_MONAI\Datasets\TCIA_IDC_Prostate_MRI_US_Biopsy\prostate_mri_us_biopsy\Prostate-MRI-US-Biopsy-0286\16258\15148\b8e786d2-3886-4c66-97dc-4efc782ad3a4.dcm,True,,,,0.0,,,0.0,,,0.0,
C:\Users\Gajendra\Desktop\D3_MONAI\Datasets\TCIA_IDC_Prostate_MRI_US_Biopsy\prostate_mri_us_biopsy\Prostate-MRI-US-Biopsy-0286\81927\62655\bb44d868-a9e5-46c0-9daa-6fbb5765c006.dcm,True,,,,0.0,,,0.0,,,0.0,
C:\Users\Gajendra\Desktop\D3_MONAI\Datasets\TCIA_IDC_Prostate_MRI_US_Biopsy\prostate_mri_us_biopsy\Prostate-MRI-US-Biopsy-0286\94583\30017\e441fadf-27a7-45db-88b9-784e0f50cf19.dcm,True,,,,0.0,,,0.0,,,0.0,
C:\Users\Gajendra\Desktop\D3_MONAI\Datasets\TCIA_IDC_Prostate_MRI_US_Biopsy\prostate_mri_us_biopsy\Prostate-MRI-US-Biopsy-0287\10828\15948\95be4c4c-5f89-453a-893e-a9845dec44c2.dcm,True,,,,0.0,,,0.0,,,0.0,
C:\Users\Gajendra\Desktop\D3_MONAI\Datasets\TCIA_IDC_Prostate_MRI_US_Biopsy\prostate_mri_us_biopsy\Prostate-MRI-US-Biopsy-0288\70049\88018\5b87e36c-bfd5-4c8c-af65-7d09249027b9.dcm,True,,,,0.0,,,0.0,,,0.0,
C:\Users\Gajendra\Desktop\D3_MONAI\Datasets\TCIA_IDC_Prostate_MRI_US_Biopsy\prostate_mri_us_biopsy\Prostate-MRI-US-Biopsy-0288\71407\24969\98c8c9ec-6874-40e4-8188-d5f04c799790.dcm,True,,,,0.0,,,0.0,,,0.0,
C:\Users\Gajendra\Desktop\D3_MONAI\Datasets\TCIA_IDC_Prostate_MRI_US_Biopsy\prostate_mri_us_biopsy\Prostate-MRI-US-Biopsy-0288\78911\49508\61ae2f24-b8f9-4ab3-8199-80a4d8665afc.dcm,True,,,,0.0,,,0.0,,,0.0,
C:\Users\Gajendra\Desktop\D3_MONAI\Datasets\TCIA_IDC_Prostate_MRI_US_Biopsy\prostate_mri_us_biopsy\Prostate-MRI-US-Biopsy-0289\05633\32129\af91be84-c18f-444e-992c-0fa48795b2fd.dcm,True,,,,0.0,,,0.0,,,0.0,
C:\Users\Gajendra\Desktop\D3_MONAI\Datasets\TCIA_IDC_Prostate_MRI_US_Biopsy\prostate_mri_us_biopsy\Prostate-MRI-US-Biopsy-0290\17580\85358\edf16c61-fbac-4ae8-90f2-be007802a4b3.dcm,True,,,,0.0,,,0.0,,,0.0,
C:\Users\Gajendra\Desktop\D3_MONAI\Datasets\TCIA_IDC_Prostate_MRI_US_Biopsy\prostate_mri_us_biopsy\Prostate-MRI-US-Biopsy-0290\69561\77319\3a295b4f-934f-4602-a320-4d58b9102b8c.dcm,True,,,,0.0,,,0.0,,,0.0,
C:\Users\Gajendra\Desktop\D3_MONAI\Datasets\TCIA_IDC_Prostate_MRI_US_Biopsy\prostate_mri_us_biopsy\Prostate-MRI-US-Biopsy-0291\53505\30555\34342988-5474-4b57-9fab-4da206e0c526.dcm,True,,,,0.0,,,0.0,,,0.0,
C:\Users\Gajendra\Desktop\D3_MONAI\Datasets\TCIA_IDC_Prostate_MRI_US_Biopsy\prostate_mri_us_biopsy\Prostate-MRI-US-Biopsy-0291\58069\48412\639048e2-bef4-4364-ad12-b3560242007b.dcm,True,,,,0.0,,,0.0,,,0.0,
C:\Users\Gajendra\Desktop\D3_MONAI\Datasets\TCIA_IDC_Prostate_MRI_US_Biopsy\prostate_mri_us_biopsy\Prostate-MRI-US-Biopsy-0292\88400\50394\a20decac-c607-43c4-a676-8a3857fee100.dcm,True,,,,0.0,,,0.0,,,0.0,
C:\Users\Gajendra\Desktop\D3_MONAI\Datasets\TCIA_IDC_Prostate_MRI_US_Biopsy\prostate_mri_us_biopsy\Prostate-MRI-US-Biopsy-0293\53107\27103\52c07626-bbab-4c08-b280-a61eb7bd41ac.dcm,True,,,,0.0,,,0.0,,,0.0,
C:\Users\Gajendra\Desktop\D3_MONAI\Datasets\TCIA_IDC_Prostate_MRI_US_Biopsy\prostate_mri_us_biopsy\Prostate-MRI-US-Biopsy-0293\66652\16970\e272dcf5-e69d-43c3-8465-d3463e4875ae.dcm,True,,,,0.0,,,0.0,,,0.0,
C:\Users\Gajendra\Desktop\D3_MONAI\Datasets\TCIA_IDC_Prostate_MRI_US_Biopsy\prostate_mri_us_biopsy\Prostate-MRI-US-Biopsy-0293\90605\48272\82545f13-d06e-41e4-a690-8bd07715bb93.dcm,True,,,,0.0,,,0.0,,,0.0,
C:\Users\Gajendra\Desktop\D3_MONAI\Datasets\TCIA_IDC_Prostate_MRI_US_Biopsy\prostate_mri_us_biopsy\Prostate-MRI-US-Biopsy-0294\27332\36552\28b12fe7-cb4d-40b8-bd9d-c5bba503d412.dcm,True,,,,0.0,,,0.0,,,0.0,
C:\Users\Gajendra\Desktop\D3_MONAI\Datasets\TCIA_IDC_Prostate_MRI_US_Biopsy\prostate_mri_us_biopsy\Prostate-MRI-US-Biopsy-0295\25184\76277\b2dfb63c-ea32-44c2-a5b6-6820a183fb69.dcm,True,,,,0.0,,,0.0,,,0.0,
C:\Users\Gajendra\Desktop\D3_MONAI\Datasets\TCIA_IDC_Prostate_MRI_US_Biopsy\prostate_mri_us_biopsy\Prostate-MRI-US-Biopsy-0296\07094\81637\fdbb1ebc-9783-4e6e-a34a-f555a2607e36.dcm,True,,,,0.0,,,0.0,,,0.0,
C:\Users\Gajendra\Desktop\D3_MONAI\Datasets\TCIA_IDC_Prostate_MRI_US_Biopsy\prostate_mri_us_biopsy\Prostate-MRI-US-Biopsy-0297\11286\49870\e2509fd0-7cf7-4c0b-8787-a7029f415ad7.dcm,True,,,,0.0,,,0.0,,,0.0,
C:\Users\Gajendra\Desktop\D3_MONAI\Datasets\TCIA_IDC_Prostate_MRI_US_Biopsy\prostate_mri_us_biopsy\Prostate-MRI-US-Biopsy-0297\18797\60320\3a46fc53-2be7-41c9-a181-0a3da5f6a5eb.dcm,True,,,,0.0,,,0.0,,,0.0,
C:\Users\Gajendra\Desktop\D3_MONAI\Datasets\TCIA_IDC_Prostate_MRI_US_Biopsy\prostate_mri_us_biopsy\Prostate-MRI-US-Biopsy-0298\76493\55779\2da9a507-c6af-4361-831f-dbd7fd178de0.dcm,True,,,,0.0,,,0.0,,,0.0,
C:\Users\Gajendra\Desktop\D3_MONAI\Datasets\TCIA_IDC_Prostate_MRI_US_Biopsy\prostate_mri_us_biopsy\Prostate-MRI-US-Biopsy-0299\45656\40999\d53a88c5-1272-4f02-9d9f-1e1382cec854.dcm,True,,,,0.0,,,0.0,,,0.0,
C:\Users\Gajendra\Desktop\D3_MONAI\Datasets\TCIA_IDC_Prostate_MRI_US_Biopsy\prostate_mri_us_biopsy\Prostate-MRI-US-Biopsy-0300\93023\98344\694f752b-f0c9-41a8-94ef-efe4f24bb7fd.dcm,True,,,,0.0,,,0.0,,,0.0,
C:\Users\Gajendra\Desktop\D3_MONAI\Datasets\TCIA_IDC_Prostate_MRI_US_Biopsy\prostate_mri_us_biopsy\Prostate-MRI-US-Biopsy-0301\26862\75007\40664eb8-a0d3-4f6a-9e09-538d3f6ed57a.dcm,True,,,,0.0,,,0.0,,,0.0,
C:\Users\Gajendra\Desktop\D3_MONAI\Datasets\TCIA_IDC_Prostate_MRI_US_Biopsy\prostate_mri_us_biopsy\Prostate-MRI-US-Biopsy-0302\20632\59579\608de9ed-0ad9-4b14-be58-854202c0da76.dcm,True,,,,0.0,,,0.0,,,0.0,
C:\Users\Gajendra\Desktop\D3_MONAI\Datasets\TCIA_IDC_Prostate_MRI_US_Biopsy\prostate_mri_us_biopsy\Prostate-MRI-US-Biopsy-0303\24942\80548\2f8b8618-4ee4-46ba-baba-3ad5ac2dbf99.dcm,True,,,,0.0,,,0.0,,,0.0,
C:\Users\Gajendra\Desktop\D3_MONAI\Datasets\TCIA_IDC_Prostate_MRI_US_Biopsy\prostate_mri_us_biopsy\Prostate-MRI-US-Biopsy-0304\44037\04485\feff9e23-68ca-4055-bf51-f4c08e1d0083.dcm,True,,,,0.0,,,0.0,,,0.0,
C:\Users\Gajendra\Desktop\D3_MONAI\Datasets\TCIA_IDC_Prostate_MRI_US_Biopsy\prostate_mri_us_biopsy\Prostate-MRI-US-Biopsy-0304\71791\34063\269aa6c4-d950-4c32-a827-e630c5ed71ec.dcm,True,,,,0.0,,,0.0,,,0.0,
C:\Users\Gajendra\Desktop\D3_MONAI\Datasets\TCIA_IDC_Prostate_MRI_US_Biopsy\prostate_mri_us_biopsy\Prostate-MRI-US-Biopsy-0305\82671\40535\19f73cfb-fd1c-4c60-863b-026ee5354653.dcm,True,,,,0.0,,,0.0,,,0.0,
C:\Users\Gajendra\Desktop\D3_MONAI\Datasets\TCIA_IDC_Prostate_MRI_US_Biopsy\prostate_mri_us_biopsy\Prostate-MRI-US-Biopsy-0306\77392\73293\d253576a-edc8-444e-a912-aa1caf222dc5.dcm,True,,,,0.0,,,0.0,,,0.0,
C:\Users\Gajendra\Desktop\D3_MONAI\Datasets\TCIA_IDC_Prostate_MRI_US_Biopsy\prostate_mri_us_biopsy\Prostate-MRI-US-Biopsy-0307\87555\93027\9e8e62b3-19d5-4b36-bd8c-1522aa9a355c.dcm,True,,,,0.0,,,0.0,,,0.0,
C:\Users\Gajendra\Desktop\D3_MONAI\Datasets\TCIA_IDC_Prostate_MRI_US_Biopsy\prostate_mri_us_biopsy\Prostate-MRI-US-Biopsy-0308\14329\57836\51189e58-bb30-4fab-8e02-6b4e84df35d6.dcm,True,,,,0.0,,,0.0,,,0.0,
C:\Users\Gajendra\Desktop\D3_MONAI\Datasets\TCIA_IDC_Prostate_MRI_US_Biopsy\prostate_mri_us_biopsy\Prostate-MRI-US-Biopsy-0308\24170\16927\5e184276-6b10-4e74-bf77-5b8bec16509c.dcm,True,,,,0.0,,,0.0,,,0.0,
C:\Users\Gajendra\Desktop\D3_MONAI\Datasets\TCIA_IDC_Prostate_MRI_US_Biopsy\prostate_mri_us_biopsy\Prostate-MRI-US-Biopsy-0309\11953\13640\cc8d24ef-80e1-4229-98e1-377f7f15604f.dcm,True,,,,0.0,,,0.0,,,0.0,
C:\Users\Gajendra\Desktop\D3_MONAI\Datasets\TCIA_IDC_Prostate_MRI_US_Biopsy\prostate_mri_us_biopsy\Prostate-MRI-US-Biopsy-0309\20969\42695\c6b3b42e-2d42-42db-8d8b-c2d4ee0ee9a9.dcm,True,,,,0.0,,,0.0,,,0.0,
C:\Users\Gajendra\Desktop\D3_MONAI\Datasets\TCIA_IDC_Prostate_MRI_US_Biopsy\prostate_mri_us_biopsy\Prostate-MRI-US-Biopsy-0310\30926\22737\11c96405-4a65-418b-a69f-a4e0dfc80d38.dcm,True,,,,0.0,,,0.0,,,0.0,
C:\Users\Gajendra\Desktop\D3_MONAI\Datasets\TCIA_IDC_Prostate_MRI_US_Biopsy\prostate_mri_us_biopsy\Prostate-MRI-US-Biopsy-0311\78507\66406\941e1ae6-ec6b-44f2-b1ef-4ec800c27892.dcm,True,,,,0.0,,,0.0,,,0.0,
C:\Users\Gajendra\Desktop\D3_MONAI\Datasets\TCIA_IDC_Prostate_MRI_US_Biopsy\prostate_mri_us_biopsy\Prostate-MRI-US-Biopsy-0312\16269\86237\a58c6c7f-44aa-4ca1-9b25-89c8f9e3f45a.dcm,True,,,,0.0,,,0.0,,,0.0,
C:\Users\Gajendra\Desktop\D3_MONAI\Datasets\TCIA_IDC_Prostate_MRI_US_Biopsy\prostate_mri_us_biopsy\Prostate-MRI-US-Biopsy-0313\47425\06941\02315093-5380-4c4d-9abf-500ba62d36a2.dcm,True,,,,0.0,,,0.0,,,0.0,
C:\Users\Gajendra\Desktop\D3_MONAI\Datasets\TCIA_IDC_Prostate_MRI_US_Biopsy\prostate_mri_us_biopsy\Prostate-MRI-US-Biopsy-0314\56251\90286\55b94f79-81eb-4f3a-b248-b46f768c19d5.dcm,True,,,,0.0,,,0.0,,,0.0,
C:\Users\Gajendra\Desktop\D3_MONAI\Datasets\TCIA_IDC_Prostate_MRI_US_Biopsy\prostate_mri_us_biopsy\Prostate-MRI-US-Biopsy-0314\82919\47221\d9a68fc3-bff2-49e0-aaec-78a1f9c4e533.dcm,True,,,,0.0,,,0.0,,,0.0,
C:\Users\Gajendra\Desktop\D3_MONAI\Datasets\TCIA_IDC_Prostate_MRI_US_Biopsy\prostate_mri_us_biopsy\Prostate-MRI-US-Biopsy-0315\98316\96960\7a9ecdda-5b5d-4673-8ede-c8c32379d9d8.dcm,True,,,,0.0,,,0.0,,,0.0,
C:\Users\Gajendra\Desktop\D3_MONAI\Datasets\TCIA_IDC_Prostate_MRI_US_Biopsy\prostate_mri_us_biopsy\Prostate-MRI-US-Biopsy-0316\58926\10081\3e37ae7d-cd88-4f95-b6df-ecc053961fa9.dcm,True,,,,0.0,,,0.0,,,0.0,
C:\Users\Gajendra\Desktop\D3_MONAI\Datasets\TCIA_IDC_Prostate_MRI_US_Biopsy\prostate_mri_us_biopsy\Prostate-MRI-US-Biopsy-0317\95937\06361\dd35ec86-bed6-4cb0-a50c-6e51fffea4a4.dcm,True,,,,0.0,,,0.0,,,0.0,
C:\Users\Gajendra\Desktop\D3_MONAI\Datasets\TCIA_IDC_Prostate_MRI_US_Biopsy\prostate_mri_us_biopsy\Prostate-MRI-US-Biopsy-0318\59184\90553\02950176-1199-4f05-9880-e67d5c68e61e.dcm,True,,,,0.0,,,0.0,,,0.0,
C:\Users\Gajendra\Desktop\D3_MONAI\Datasets\TCIA_IDC_Prostate_MRI_US_Biopsy\prostate_mri_us_biopsy\Prostate-MRI-US-Biopsy-0319\42499\95045\648d052e-21a5-4a26-95dd-4076fb3ea1bb.dcm,True,,,,0.0,,,0.0,,,0.0,
C:\Users\Gajendra\Desktop\D3_MONAI\Datasets\TCIA_IDC_Prostate_MRI_US_Biopsy\prostate_mri_us_biopsy\Prostate-MRI-US-Biopsy-0320\23220\64883\8cb8658b-2aaa-42bc-9c34-a49a6dea96cd.dcm,True,,,,0.0,,,0.0,,,0.0,
C:\Users\Gajendra\Desktop\D3_MONAI\Datasets\TCIA_IDC_Prostate_MRI_US_Biopsy\prostate_mri_us_biopsy\Prostate-MRI-US-Biopsy-0320\67101\68987\388496e3-2a2c-4644-ac35-6066891a0519.dcm,True,,,,0.0,,,0.0,,,0.0,
C:\Users\Gajendra\Desktop\D3_MONAI\Datasets\TCIA_IDC_Prostate_MRI_US_Biopsy\prostate_mri_us_biopsy\Prostate-MRI-US-Biopsy-0321\67327\58321\78c5f280-af01-45f7-9252-7567702a7724.dcm,True,,,,0.0,,,0.0,,,0.0,
C:\Users\Gajendra\Desktop\D3_MONAI\Datasets\TCIA_IDC_Prostate_MRI_US_Biopsy\prostate_mri_us_biopsy\Prostate-MRI-US-Biopsy-0322\08553\58500\4e8f783e-32b3-4236-ab78-dc7dc2289105.dcm,True,,,,0.0,,,0.0,,,0.0,
C:\Users\Gajendra\Desktop\D3_MONAI\Datasets\TCIA_IDC_Prostate_MRI_US_Biopsy\prostate_mri_us_biopsy\Prostate-MRI-US-Biopsy-0323\75617\45736\560d7a50-6b7c-44a9-8f84-3bccfdb91c3d.dcm,True,,,,0.0,,,0.0,,,0.0,
C:\Users\Gajendra\Desktop\D3_MONAI\Datasets\TCIA_IDC_Prostate_MRI_US_Biopsy\prostate_mri_us_biopsy\Prostate-MRI-US-Biopsy-0324\90228\80390\fcdcaf4e-1092-463f-a517-e0bfa3382723.dcm,True,,,,0.0,,,0.0,,,0.0,
C:\Users\Gajendra\Desktop\D3_MONAI\Datasets\TCIA_IDC_Prostate_MRI_US_Biopsy\prostate_mri_us_biopsy\Prostate-MRI-US-Biopsy-0325\11985\82616\43bedab4-dc4d-47ac-88ec-e428b9cc8a69.dcm,True,,,,0.0,,,0.0,,,0.0,
C:\Users\Gajendra\Desktop\D3_MONAI\Datasets\TCIA_IDC_Prostate_MRI_US_Biopsy\prostate_mri_us_biopsy\Prostate-MRI-US-Biopsy-0326\01169\23836\56104b7f-526a-421d-a24a-aa60af4b9665.dcm,True,,,,0.0,,,0.0,,,0.0,
C:\Users\Gajendra\Desktop\D3_MONAI\Datasets\TCIA_IDC_Prostate_MRI_US_Biopsy\prostate_mri_us_biopsy\Prostate-MRI-US-Biopsy-0326\01679\33165\6e3f6a74-c749-4a9a-a95a-563b380df861.dcm,True,,,,0.0,,,0.0,,,0.0,
C:\Users\Gajendra\Desktop\D3_MONAI\Datasets\TCIA_IDC_Prostate_MRI_US_Biopsy\prostate_mri_us_biopsy\Prostate-MRI-US-Biopsy-0326\84485\81392\97ae9b33-feee-42f0-866d-997523477cad.dcm,True,,,,0.0,,,0.0,,,0.0,
C:\Users\Gajendra\Desktop\D3_MONAI\Datasets\TCIA_IDC_Prostate_MRI_US_Biopsy\prostate_mri_us_biopsy\Prostate-MRI-US-Biopsy-0327\04499\81888\f46d4f50-fb72-43a4-b396-b7d3d0aeb27c.dcm,True,,,,0.0,,,0.0,,,0.0,
C:\Users\Gajendra\Desktop\D3_MONAI\Datasets\TCIA_IDC_Prostate_MRI_US_Biopsy\prostate_mri_us_biopsy\Prostate-MRI-US-Biopsy-0328\24614\68735\d3dc3eb5-635c-4a6e-8e43-c63ece5ee052.dcm,True,,,,0.0,,,0.0,,,0.0,
C:\Users\Gajendra\Desktop\D3_MONAI\Datasets\TCIA_IDC_Prostate_MRI_US_Biopsy\prostate_mri_us_biopsy\Prostate-MRI-US-Biopsy-0329\62277\77141\d3184312-bae0-4516-aa28-44a065f15f0d.dcm,True,,,,0.0,,,0.0,,,0.0,
C:\Users\Gajendra\Desktop\D3_MONAI\Datasets\TCIA_IDC_Prostate_MRI_US_Biopsy\prostate_mri_us_biopsy\Prostate-MRI-US-Biopsy-0330\47417\94582\70cab0f6-3fe2-4529-9a06-f99339ead2f1.dcm,True,,,,0.0,,,0.0,,,0.0,
C:\Users\Gajendra\Desktop\D3_MONAI\Datasets\TCIA_IDC_Prostate_MRI_US_Biopsy\prostate_mri_us_biopsy\Prostate-MRI-US-Biopsy-0331\14094\69088\35c75601-e612-4d92-b0c6-420d8b3fca26.dcm,True,,,,0.0,,,0.0,,,0.0,
C:\Users\Gajendra\Desktop\D3_MONAI\Datasets\TCIA_IDC_Prostate_MRI_US_Biopsy\prostate_mri_us_biopsy\Prostate-MRI-US-Biopsy-0332\94057\05556\b5424a03-344f-4f05-9929-a45c49980365.dcm,True,,,,0.0,,,0.0,,,0.0,
C:\Users\Gajendra\Desktop\D3_MONAI\Datasets\TCIA_IDC_Prostate_MRI_US_Biopsy\prostate_mri_us_biopsy\Prostate-MRI-US-Biopsy-0333\28386\51631\b5a7f2a3-861e-4a02-b369-66061438b174.dcm,True,,,,0.0,,,0.0,,,0.0,
C:\Users\Gajendra\Desktop\D3_MONAI\Datasets\TCIA_IDC_Prostate_MRI_US_Biopsy\prostate_mri_us_biopsy\Prostate-MRI-US-Biopsy-0333\31949\47083\b70254e9-f02b-4ef7-b72b-5704a8ca0411.dcm,True,,,,0.0,,,0.0,,,0.0,
C:\Users\Gajendra\Desktop\D3_MONAI\Datasets\TCIA_IDC_Prostate_MRI_US_Biopsy\prostate_mri_us_biopsy\Prostate-MRI-US-Biopsy-0333\38072\74414\0ea0a354-8d3f-4636-b3e7-051bfa936e7a.dcm,True,,,,0.0,,,0.0,,,0.0,
C:\Users\Gajendra\Desktop\D3_MONAI\Datasets\TCIA_IDC_Prostate_MRI_US_Biopsy\prostate_mri_us_biopsy\Prostate-MRI-US-Biopsy-0333\68866\23109\4e62d1ba-65db-422f-8fe7-b6c035c753d1.dcm,True,,,,0.0,,,0.0,,,0.0,
C:\Users\Gajendra\Desktop\D3_MONAI\Datasets\TCIA_IDC_Prostate_MRI_US_Biopsy\prostate_mri_us_biopsy\Prostate-MRI-US-Biopsy-0334\86521\43128\25d4f588-09d3-4ac4-b99c-5aff2d913ffc.dcm,True,,,,0.0,,,0.0,,,0.0,
C:\Users\Gajendra\Desktop\D3_MONAI\Datasets\TCIA_IDC_Prostate_MRI_US_Biopsy\prostate_mri_us_biopsy\Prostate-MRI-US-Biopsy-0335\32447\63241\e60623bf-5b7c-4ee7-a434-b026dce8411f.dcm,True,,,,0.0,,,0.0,,,0.0,
C:\Users\Gajendra\Desktop\D3_MONAI\Datasets\TCIA_IDC_Prostate_MRI_US_Biopsy\prostate_mri_us_biopsy\Prostate-MRI-US-Biopsy-0336\25661\44789\be0e62ae-7187-4507-8b62-a3326a316331.dcm,True,,,,0.0,,,0.0,,,0.0,
C:\Users\Gajendra\Desktop\D3_MONAI\Datasets\TCIA_IDC_Prostate_MRI_US_Biopsy\prostate_mri_us_biopsy\Prostate-MRI-US-Biopsy-0336\67692\27969\4a77ef8c-fbf7-4480-b54d-aca7e4b55e45.dcm,True,,,,0.0,,,0.0,,,0.0,
C:\Users\Gajendra\Desktop\D3_MONAI\Datasets\TCIA_IDC_Prostate_MRI_US_Biopsy\prostate_mri_us_biopsy\Prostate-MRI-US-Biopsy-0336\90700\30171\3fd4d7a1-5291-4c0a-86b4-94dd2ceb5473.dcm,True,,,,0.0,,,0.0,,,0.0,
C:\Users\Gajendra\Desktop\D3_MONAI\Datasets\TCIA_IDC_Prostate_MRI_US_Biopsy\prostate_mri_us_biopsy\Prostate-MRI-US-Biopsy-0336\97588\80712\fbca6cbb-5eed-4795-ae2f-f813a3072bef.dcm,True,,,,0.0,,,0.0,,,0.0,
C:\Users\Gajendra\Desktop\D3_MONAI\Datasets\TCIA_IDC_Prostate_MRI_US_Biopsy\prostate_mri_us_biopsy\Prostate-MRI-US-Biopsy-0337\16068\18580\b995838c-c0a9-4f30-ab36-09578b05c6e1.dcm,True,,,,0.0,,,0.0,,,0.0,
C:\Users\Gajendra\Desktop\D3_MONAI\Datasets\TCIA_IDC_Prostate_MRI_US_Biopsy\prostate_mri_us_biopsy\Prostate-MRI-US-Biopsy-0338\97474\54569\78cf3906-ae59-4c87-b622-ad22b912603d.dcm,True,,,,0.0,,,0.0,,,0.0,
C:\Users\Gajendra\Desktop\D3_MONAI\Datasets\TCIA_IDC_Prostate_MRI_US_Biopsy\prostate_mri_us_biopsy\Prostate-MRI-US-Biopsy-0339\84525\79583\a71d3eba-35de-4f79-ae71-dcc86edff461.dcm,True,,,,0.0,,,0.0,,,0.0,
C:\Users\Gajendra\Desktop\D3_MONAI\Datasets\TCIA_IDC_Prostate_MRI_US_Biopsy\prostate_mri_us_biopsy\Prostate-MRI-US-Biopsy-0340\32824\30582\46249382-1b3c-486d-a94e-5c970c65e1d4.dcm,True,,,,0.0,,,0.0,,,0.0,
C:\Users\Gajendra\Desktop\D3_MONAI\Datasets\TCIA_IDC_Prostate_MRI_US_Biopsy\prostate_mri_us_biopsy\Prostate-MRI-US-Biopsy-0341\05058\32016\e2d98024-4cc5-44b7-9796-69c7391deb9a.dcm,True,,,,0.0,,,0.0,,,0.0,
C:\Users\Gajendra\Desktop\D3_MONAI\Datasets\TCIA_IDC_Prostate_MRI_US_Biopsy\prostate_mri_us_biopsy\Prostate-MRI-US-Biopsy-0342\31723\44016\13fc71c6-ef2f-43b4-9e71-d541cf483aba.dcm,True,,,,0.0,,,0.0,,,0.0,
C:\Users\Gajendra\Desktop\D3_MONAI\Datasets\TCIA_IDC_Prostate_MRI_US_Biopsy\prostate_mri_us_biopsy\Prostate-MRI-US-Biopsy-0342\60792\23413\0a29c710-4cd0-44d2-8c9e-9ea1d0b50e2d.dcm,True,,,,0.0,,,0.0,,,0.0,
C:\Users\Gajendra\Desktop\D3_MONAI\Datasets\TCIA_IDC_Prostate_MRI_US_Biopsy\prostate_mri_us_biopsy\Prostate-MRI-US-Biopsy-0342\95812\73073\fcc228ff-a252-4855-9d68-2bbb9aea0766.dcm,True,,,,0.0,,,0.0,,,0.0,
C:\Users\Gajendra\Desktop\D3_MONAI\Datasets\TCIA_IDC_Prostate_MRI_US_Biopsy\prostate_mri_us_biopsy\Prostate-MRI-US-Biopsy-0343\21428\06834\ed6ea563-c3dc-4b64-b58a-8f868c14edff.dcm,True,,,,0.0,,,0.0,,,0.0,
C:\Users\Gajendra\Desktop\D3_MONAI\Datasets\TCIA_IDC_Prostate_MRI_US_Biopsy\prostate_mri_us_biopsy\Prostate-MRI-US-Biopsy-0344\84095\81064\0d6ae5ca-23dc-4400-bd7a-796e54260f6d.dcm,True,,,,0.0,,,0.0,,,0.0,
C:\Users\Gajendra\Desktop\D3_MONAI\Datasets\TCIA_IDC_Prostate_MRI_US_Biopsy\prostate_mri_us_biopsy\Prostate-MRI-US-Biopsy-0345\28297\94283\3320d9d1-da9b-4795-bfb1-6e8a795d1805.dcm,True,,,,0.0,,,0.0,,,0.0,
C:\Users\Gajendra\Desktop\D3_MONAI\Datasets\TCIA_IDC_Prostate_MRI_US_Biopsy\prostate_mri_us_biopsy\Prostate-MRI-US-Biopsy-0346\17891\59932\b9ad5358-f09f-4c1d-8867-571b3d4faf7f.dcm,True,,,,0.0,,,0.0,,,0.0,
C:\Users\Gajendra\Desktop\D3_MONAI\Datasets\TCIA_IDC_Prostate_MRI_US_Biopsy\prostate_mri_us_biopsy\Prostate-MRI-US-Biopsy-0347\96343\51866\faf746a3-31d4-4331-9aa1-7634a5c1d4e9.dcm,True,,,,0.0,,,0.0,,,0.0,
C:\Users\Gajendra\Desktop\D3_MONAI\Datasets\TCIA_IDC_Prostate_MRI_US_Biopsy\prostate_mri_us_biopsy\Prostate-MRI-US-Biopsy-0348\60031\62388\503d5907-6e56-432e-a688-a98698271ed1.dcm,True,,,,0.0,,,0.0,,,0.0,
C:\Users\Gajendra\Desktop\D3_MONAI\Datasets\TCIA_IDC_Prostate_MRI_US_Biopsy\prostate_mri_us_biopsy\Prostate-MRI-US-Biopsy-0349\58423\52634\e92b72b8-14d7-4138-93d4-7a44f548cbef.dcm,True,,,,0.0,,,0.0,,,0.0,
C:\Users\Gajendra\Desktop\D3_MONAI\Datasets\TCIA_IDC_Prostate_MRI_US_Biopsy\prostate_mri_us_biopsy\Prostate-MRI-US-Biopsy-0349\60619\83699\541c9a3d-1ab8-4d30-b838-144b6c48a9c1.dcm,True,,,,0.0,,,0.0,,,0.0,
C:\Users\Gajendra\Desktop\D3_MONAI\Datasets\TCIA_IDC_Prostate_MRI_US_Biopsy\prostate_mri_us_biopsy\Prostate-MRI-US-Biopsy-0349\64376\49648\8c9a8429-fff2-409b-b396-95fc8b37ef13.dcm,True,,,,0.0,,,0.0,,,0.0,
C:\Users\Gajendra\Desktop\D3_MONAI\Datasets\TCIA_IDC_Prostate_MRI_US_Biopsy\prostate_mri_us_biopsy\Prostate-MRI-US-Biopsy-0350\03530\84816\e37bb6d3-5b8c-468a-b93a-ef8fe383673a.dcm,True,,,,0.0,,,0.0,,,0.0,
C:\Users\Gajendra\Desktop\D3_MONAI\Datasets\TCIA_IDC_Prostate_MRI_US_Biopsy\prostate_mri_us_biopsy\Prostate-MRI-US-Biopsy-0350\37868\32840\11c43c0c-fc6d-47f8-8d36-01be6fbd0fc7.dcm,True,,,,0.0,,,0.0,,,0.0,
C:\Users\Gajendra\Desktop\D3_MONAI\Datasets\TCIA_IDC_Prostate_MRI_US_Biopsy\prostate_mri_us_biopsy\Prostate-MRI-US-Biopsy-0351\98804\32600\c0806d90-e00a-4b7d-8fb8-62e36ee5fcdf.dcm,True,,,,0.0,,,0.0,,,0.0,
C:\Users\Gajendra\Desktop\D3_MONAI\Datasets\TCIA_IDC_Prostate_MRI_US_Biopsy\prostate_mri_us_biopsy\Prostate-MRI-US-Biopsy-0352\63124\49274\a5abb9b3-fb2e-48c6-a5a8-a45e1fde6bcd.dcm,True,,,,0.0,,,0.0,,,0.0,
C:\Users\Gajendra\Desktop\D3_MONAI\Datasets\TCIA_IDC_Prostate_MRI_US_Biopsy\prostate_mri_us_biopsy\Prostate-MRI-US-Biopsy-0353\06606\57971\3a8390f9-8781-495e-bf30-f935f54ed5b9.dcm,True,,,,0.0,,,0.0,,,0.0,
C:\Users\Gajendra\Desktop\D3_MONAI\Datasets\TCIA_IDC_Prostate_MRI_US_Biopsy\prostate_mri_us_biopsy\Prostate-MRI-US-Biopsy-0353\71652\00665\7aabf5f8-9a0a-49fc-b85c-4d2972e13cdb.dcm,True,,,,0.0,,,0.0,,,0.0,
C:\Users\Gajendra\Desktop\D3_MONAI\Datasets\TCIA_IDC_Prostate_MRI_US_Biopsy\prostate_mri_us_biopsy\Prostate-MRI-US-Biopsy-0354\10488\72507\0090b15e-e843-4731-8e52-ad030fefb55b.dcm,True,,,,0.0,,,0.0,,,0.0,
C:\Users\Gajendra\Desktop\D3_MONAI\Datasets\TCIA_IDC_Prostate_MRI_US_Biopsy\prostate_mri_us_biopsy\Prostate-MRI-US-Biopsy-0354\76601\92939\3b7ee176-2ee5-4b4a-bf59-783b5d303c9a.dcm,True,,,,0.0,,,0.0,,,0.0,
C:\Users\Gajendra\Desktop\D3_MONAI\Datasets\TCIA_IDC_Prostate_MRI_US_Biopsy\prostate_mri_us_biopsy\Prostate-MRI-US-Biopsy-0355\39892\10976\20162b9a-67ae-4292-9e6a-f4cf14adeb7a.dcm,True,,,,0.0,,,0.0,,,0.0,
C:\Users\Gajendra\Desktop\D3_MONAI\Datasets\TCIA_IDC_Prostate_MRI_US_Biopsy\prostate_mri_us_biopsy\Prostate-MRI-US-Biopsy-0355\66883\80101\331a8e19-5906-4535-8bca-3ed17475745f.dcm,True,,,,0.0,,,0.0,,,0.0,
C:\Users\Gajendra\Desktop\D3_MONAI\Datasets\TCIA_IDC_Prostate_MRI_US_Biopsy\prostate_mri_us_biopsy\Prostate-MRI-US-Biopsy-0355\67755\73189\0e19b0e2-678a-43a9-b51d-1c41c5317a57.dcm,True,,,,0.0,,,0.0,,,0.0,
C:\Users\Gajendra\Desktop\D3_MONAI\Datasets\TCIA_IDC_Prostate_MRI_US_Biopsy\prostate_mri_us_biopsy\Prostate-MRI-US-Biopsy-0356\88366\14826\22c8e3b9-2e4a-45c4-8ac5-fbf2a859f01c.dcm,True,,,,0.0,,,0.0,,,0.0,
C:\Users\Gajendra\Desktop\D3_MONAI\Datasets\TCIA_IDC_Prostate_MRI_US_Biopsy\prostate_mri_us_biopsy\Prostate-MRI-US-Biopsy-0357\26692\50937\cc1c0f4c-6ec4-4f26-9371-43fe416cc9b6.dcm,True,,,,0.0,,,0.0,,,0.0,
C:\Users\Gajendra\Desktop\D3_MONAI\Datasets\TCIA_IDC_Prostate_MRI_US_Biopsy\prostate_mri_us_biopsy\Prostate-MRI-US-Biopsy-0357\35423\05140\e1dfef34-a557-4aaa-8f21-bd98da7962c6.dcm,True,,,,0.0,,,0.0,,,0.0,
C:\Users\Gajendra\Desktop\D3_MONAI\Datasets\TCIA_IDC_Prostate_MRI_US_Biopsy\prostate_mri_us_biopsy\Prostate-MRI-US-Biopsy-0357\37286\70156\ad27a320-1786-4000-8208-843f9d400b24.dcm,True,,,,0.0,,,0.0,,,0.0,
C:\Users\Gajendra\Desktop\D3_MONAI\Datasets\TCIA_IDC_Prostate_MRI_US_Biopsy\prostate_mri_us_biopsy\Prostate-MRI-US-Biopsy-0357\39343\52383\d95d14a5-bf35-476e-898e-a0f4aa04f903.dcm,True,,,,0.0,,,0.0,,,0.0,
C:\Users\Gajendra\Desktop\D3_MONAI\Datasets\TCIA_IDC_Prostate_MRI_US_Biopsy\prostate_mri_us_biopsy\Prostate-MRI-US-Biopsy-0357\77138\95221\609aff17-a321-4c06-bc94-0d1e52656270.dcm,True,,,,0.0,,,0.0,,,0.0,
C:\Users\Gajendra\Desktop\D3_MONAI\Datasets\TCIA_IDC_Prostate_MRI_US_Biopsy\prostate_mri_us_biopsy\Prostate-MRI-US-Biopsy-0358\31813\75891\2e7876f8-7259-423f-ae07-b3527734e69f.dcm,True,,,,0.0,,,0.0,,,0.0,
C:\Users\Gajendra\Desktop\D3_MONAI\Datasets\TCIA_IDC_Prostate_MRI_US_Biopsy\prostate_mri_us_biopsy\Prostate-MRI-US-Biopsy-0358\76989\88712\e3157604-52d3-4857-bc97-b89c797a0c2c.dcm,True,,,,0.0,,,0.0,,,0.0,
C:\Users\Gajendra\Desktop\D3_MONAI\Datasets\TCIA_IDC_Prostate_MRI_US_Biopsy\prostate_mri_us_biopsy\Prostate-MRI-US-Biopsy-0359\14217\03483\fc06e03a-7adb-4e53-a0b8-e50c74274b0a.dcm,True,,,,0.0,,,0.0,,,0.0,
C:\Users\Gajendra\Desktop\D3_MONAI\Datasets\TCIA_IDC_Prostate_MRI_US_Biopsy\prostate_mri_us_biopsy\Prostate-MRI-US-Biopsy-0360\22973\97280\a0e870fa-294c-412f-9250-fa0885abf8ad.dcm,True,,,,0.0,,,0.0,,,0.0,
C:\Users\Gajendra\Desktop\D3_MONAI\Datasets\TCIA_IDC_Prostate_MRI_US_Biopsy\prostate_mri_us_biopsy\Prostate-MRI-US-Biopsy-0361\86740\77116\00e5deb7-2eae-4e0f-8bd0-67f0e52f9fe9.dcm,True,,,,0.0,,,0.0,,,0.0,
C:\Users\Gajendra\Desktop\D3_MONAI\Datasets\TCIA_IDC_Prostate_MRI_US_Biopsy\prostate_mri_us_biopsy\Prostate-MRI-US-Biopsy-0362\05105\30448\8226c801-2677-4f0f-90b3-c7c2e46ecaf7.dcm,True,,,,0.0,,,0.0,,,0.0,
C:\Users\Gajendra\Desktop\D3_MONAI\Datasets\TCIA_IDC_Prostate_MRI_US_Biopsy\prostate_mri_us_biopsy\Prostate-MRI-US-Biopsy-0363\40879\03691\07a01765-b399-4e37-9e1a-c714e20b883e.dcm,True,,,,0.0,,,0.0,,,0.0,
C:\Users\Gajendra\Desktop\D3_MONAI\Datasets\TCIA_IDC_Prostate_MRI_US_Biopsy\prostate_mri_us_biopsy\Prostate-MRI-US-Biopsy-0364\72415\57049\411fa50f-a35b-42e9-adb3-e6857a60f804.dcm,True,,,,0.0,,,0.0,,,0.0,
C:\Users\Gajendra\Desktop\D3_MONAI\Datasets\TCIA_IDC_Prostate_MRI_US_Biopsy\prostate_mri_us_biopsy\Prostate-MRI-US-Biopsy-0365\80793\18354\a5b84061-a51c-4bc8-9482-16f11284c481.dcm,True,,,,0.0,,,0.0,,,0.0,
C:\Users\Gajendra\Desktop\D3_MONAI\Datasets\TCIA_IDC_Prostate_MRI_US_Biopsy\prostate_mri_us_biopsy\Prostate-MRI-US-Biopsy-0366\61653\15346\dbce9dd7-120e-4442-a120-48439b73a125.dcm,True,,,,0.0,,,0.0,,,0.0,
C:\Users\Gajendra\Desktop\D3_MONAI\Datasets\TCIA_IDC_Prostate_MRI_US_Biopsy\prostate_mri_us_biopsy\Prostate-MRI-US-Biopsy-0367\34320\80507\30696584-e526-41cb-8db2-5cc5b3c4866c.dcm,True,,,,0.0,,,0.0,,,0.0,
C:\Users\Gajendra\Desktop\D3_MONAI\Datasets\TCIA_IDC_Prostate_MRI_US_Biopsy\prostate_mri_us_biopsy\Prostate-MRI-US-Biopsy-0368\28429\43160\ef3ffdcf-3fe1-4cbf-a049-9578fbfc1b36.dcm,True,,,,0.0,,,0.0,,,0.0,
C:\Users\Gajendra\Desktop\D3_MONAI\Datasets\TCIA_IDC_Prostate_MRI_US_Biopsy\prostate_mri_us_biopsy\Prostate-MRI-US-Biopsy-0369\43011\34436\f0b4513a-fb2d-4097-b1c7-77a678d09fb4.dcm,True,,,,0.0,,,0.0,,,0.0,
C:\Users\Gajendra\Desktop\D3_MONAI\Datasets\TCIA_IDC_Prostate_MRI_US_Biopsy\prostate_mri_us_biopsy\Prostate-MRI-US-Biopsy-0370\06347\32990\28373518-40ea-4d4c-8b73-feb40969ba60.dcm,True,,,,0.0,,,0.0,,,0.0,
C:\Users\Gajendra\Desktop\D3_MONAI\Datasets\TCIA_IDC_Prostate_MRI_US_Biopsy\prostate_mri_us_biopsy\Prostate-MRI-US-Biopsy-0370\23647\59381\e27d6a87-674f-4d1b-803f-8b6c1e3844f1.dcm,True,,,,0.0,,,0.0,,,0.0,
C:\Users\Gajendra\Desktop\D3_MONAI\Datasets\TCIA_IDC_Prostate_MRI_US_Biopsy\prostate_mri_us_biopsy\Prostate-MRI-US-Biopsy-0370\45191\18192\b8d118df-6cbf-4c2e-a740-19b2167d1854.dcm,True,,,,0.0,,,0.0,,,0.0,
C:\Users\Gajendra\Desktop\D3_MONAI\Datasets\TCIA_IDC_Prostate_MRI_US_Biopsy\prostate_mri_us_biopsy\Prostate-MRI-US-Biopsy-0371\22730\56524\ba041381-ac2f-4957-83b1-947226b8790d.dcm,True,,,,0.0,,,0.0,,,0.0,
C:\Users\Gajendra\Desktop\D3_MONAI\Datasets\TCIA_IDC_Prostate_MRI_US_Biopsy\prostate_mri_us_biopsy\Prostate-MRI-US-Biopsy-0372\87552\78865\7aeb86b7-2482-40db-86dc-635557e522b1.dcm,True,,,,0.0,,,0.0,,,0.0,
C:\Users\Gajendra\Desktop\D3_MONAI\Datasets\TCIA_IDC_Prostate_MRI_US_Biopsy\prostate_mri_us_biopsy\Prostate-MRI-US-Biopsy-0373\69426\33858\a581bb52-cad6-45df-b390-beb8a7175ec1.dcm,True,,,,0.0,,,0.0,,,0.0,
C:\Users\Gajendra\Desktop\D3_MONAI\Datasets\TCIA_IDC_Prostate_MRI_US_Biopsy\prostate_mri_us_biopsy\Prostate-MRI-US-Biopsy-0374\90907\96242\b42ef92d-9dbe-417c-a38c-73f0c212e99c.dcm,True,,,,0.0,,,0.0,,,0.0,
C:\Users\Gajendra\Desktop\D3_MONAI\Datasets\TCIA_IDC_Prostate_MRI_US_Biopsy\prostate_mri_us_biopsy\Prostate-MRI-US-Biopsy-0375\82668\51136\774d55c6-4acb-4b8a-9eaf-40e04b71f864.dcm,True,,,,0.0,,,0.0,,,0.0,
C:\Users\Gajendra\Desktop\D3_MONAI\Datasets\TCIA_IDC_Prostate_MRI_US_Biopsy\prostate_mri_us_biopsy\Prostate-MRI-US-Biopsy-0376\57233\66913\5c043fa3-7533-474a-a80b-0bbf3ced996d.dcm,True,,,,0.0,,,0.0,,,0.0,
C:\Users\Gajendra\Desktop\D3_MONAI\Datasets\TCIA_IDC_Prostate_MRI_US_Biopsy\prostate_mri_us_biopsy\Prostate-MRI-US-Biopsy-0376\94044\73839\247b3468-7e59-459c-b50c-b76d9126d511.dcm,True,,,,0.0,,,0.0,,,0.0,
C:\Users\Gajendra\Desktop\D3_MONAI\Datasets\TCIA_IDC_Prostate_MRI_US_Biopsy\prostate_mri_us_biopsy\Prostate-MRI-US-Biopsy-0377\16720\53302\b8db592b-4ed6-422f-9904-f029ca3b285d.dcm,True,,,,0.0,,,0.0,,,0.0,
C:\Users\Gajendra\Desktop\D3_MONAI\Datasets\TCIA_IDC_Prostate_MRI_US_Biopsy\prostate_mri_us_biopsy\Prostate-MRI-US-Biopsy-0378\55246\47232\e3675850-667c-4dbb-a555-4501d1c16341.dcm,True,,,,0.0,,,0.0,,,0.0,
C:\Users\Gajendra\Desktop\D3_MONAI\Datasets\TCIA_IDC_Prostate_MRI_US_Biopsy\prostate_mri_us_biopsy\Prostate-MRI-US-Biopsy-0379\15097\96363\d067a59b-b210-4448-b3a1-47054a0a1840.dcm,True,,,,0.0,,,0.0,,,0.0,
C:\Users\Gajendra\Desktop\D3_MONAI\Datasets\TCIA_IDC_Prostate_MRI_US_Biopsy\prostate_mri_us_biopsy\Prostate-MRI-US-Biopsy-0380\98028\09637\fb621ffd-5cc7-41f1-b339-4a86f6b7baac.dcm,True,,,,0.0,,,0.0,,,0.0,
C:\Users\Gajendra\Desktop\D3_MONAI\Datasets\TCIA_IDC_Prostate_MRI_US_Biopsy\prostate_mri_us_biopsy\Prostate-MRI-US-Biopsy-0381\07267\79481\f5300f07-7717-4bc8-ac83-83e79204d166.dcm,True,,,,0.0,,,0.0,,,0.0,
C:\Users\Gajendra\Desktop\D3_MONAI\Datasets\TCIA_IDC_Prostate_MRI_US_Biopsy\prostate_mri_us_biopsy\Prostate-MRI-US-Biopsy-0381\18612\17270\0ee7f5fa-5d98-4562-88f5-472beab27080.dcm,True,,,,0.0,,,0.0,,,0.0,
C:\Users\Gajendra\Desktop\D3_MONAI\Datasets\TCIA_IDC_Prostate_MRI_US_Biopsy\prostate_mri_us_biopsy\Prostate-MRI-US-Biopsy-0382\57561\67973\dcb6561d-fc21-4365-aae8-041f75675a4e.dcm,True,,,,0.0,,,0.0,,,0.0,
C:\Users\Gajendra\Desktop\D3_MONAI\Datasets\TCIA_IDC_Prostate_MRI_US_Biopsy\prostate_mri_us_biopsy\Prostate-MRI-US-Biopsy-0382\98116\00190\92923bec-6f1e-4902-a4ef-5b41cb068c9a.dcm,True,,,,0.0,,,0.0,,,0.0,
C:\Users\Gajendra\Desktop\D3_MONAI\Datasets\TCIA_IDC_Prostate_MRI_US_Biopsy\prostate_mri_us_biopsy\Prostate-MRI-US-Biopsy-0383\01886\60739\94710f55-ef2a-47bc-97ec-621cb6b3638d.dcm,True,,,,0.0,,,0.0,,,0.0,
C:\Users\Gajendra\Desktop\D3_MONAI\Datasets\TCIA_IDC_Prostate_MRI_US_Biopsy\prostate_mri_us_biopsy\Prostate-MRI-US-Biopsy-0383\31616\81921\72ef7f19-2ed2-4720-9357-24872f0806f4.dcm,True,,,,0.0,,,0.0,,,0.0,
C:\Users\Gajendra\Desktop\D3_MONAI\Datasets\TCIA_IDC_Prostate_MRI_US_Biopsy\prostate_mri_us_biopsy\Prostate-MRI-US-Biopsy-0383\59175\96869\670a6af7-0dd3-49b3-a0aa-ad4b4968110a.dcm,True,,,,0.0,,,0.0,,,0.0,
C:\Users\Gajendra\Desktop\D3_MONAI\Datasets\TCIA_IDC_Prostate_MRI_US_Biopsy\prostate_mri_us_biopsy\Prostate-MRI-US-Biopsy-0383\65650\53751\2973f26a-b404-469b-82bb-46315519df4d.dcm,True,,,,0.0,,,0.0,,,0.0,
C:\Users\Gajendra\Desktop\D3_MONAI\Datasets\TCIA_IDC_Prostate_MRI_US_Biopsy\prostate_mri_us_biopsy\Prostate-MRI-US-Biopsy-0384\86394\14988\e2a4ccf3-d16e-4afe-9e17-c7610800f645.dcm,True,,,,0.0,,,0.0,,,0.0,
C:\Users\Gajendra\Desktop\D3_MONAI\Datasets\TCIA_IDC_Prostate_MRI_US_Biopsy\prostate_mri_us_biopsy\Prostate-MRI-US-Biopsy-0385\51997\92343\3a2a9eda-1d09-4ae3-acbb-c0ad9cf34959.dcm,True,,,,0.0,,,0.0,,,0.0,
C:\Users\Gajendra\Desktop\D3_MONAI\Datasets\TCIA_IDC_Prostate_MRI_US_Biopsy\prostate_mri_us_biopsy\Prostate-MRI-US-Biopsy-0385\97871\06922\d591e2fe-99c4-4b02-bec0-14a4ec095208.dcm,True,,,,0.0,,,0.0,,,0.0,
C:\Users\Gajendra\Desktop\D3_MONAI\Datasets\TCIA_IDC_Prostate_MRI_US_Biopsy\prostate_mri_us_biopsy\Prostate-MRI-US-Biopsy-0386\00338\28897\c5787340-bd9b-4642-a598-78a63ffda98d.dcm,True,,,,0.0,,,0.0,,,0.0,
C:\Users\Gajendra\Desktop\D3_MONAI\Datasets\TCIA_IDC_Prostate_MRI_US_Biopsy\prostate_mri_us_biopsy\Prostate-MRI-US-Biopsy-0387\15508\45203\7b92a999-f8fd-46c7-ad08-91e0f11b568a.dcm,True,,,,0.0,,,0.0,,,0.0,
C:\Users\Gajendra\Desktop\D3_MONAI\Datasets\TCIA_IDC_Prostate_MRI_US_Biopsy\prostate_mri_us_biopsy\Prostate-MRI-US-Biopsy-0388\56689\72751\83d3a31c-9b13-45e0-a149-c82eb761739b.dcm,True,,,,0.0,,,0.0,,,0.0,
C:\Users\Gajendra\Desktop\D3_MONAI\Datasets\TCIA_IDC_Prostate_MRI_US_Biopsy\prostate_mri_us_biopsy\Prostate-MRI-US-Biopsy-0388\86375\92500\daa09ba7-dadd-41f4-8a95-8c2acdbcd82d.dcm,True,,,,0.0,,,0.0,,,0.0,
C:\Users\Gajendra\Desktop\D3_MONAI\Datasets\TCIA_IDC_Prostate_MRI_US_Biopsy\prostate_mri_us_biopsy\Prostate-MRI-US-Biopsy-0388\89671\82383\cf65c654-c9c0-41c7-a3e8-4e4446170908.dcm,True,,,,0.0,,,0.0,,,0.0,
C:\Users\Gajendra\Desktop\D3_MONAI\Datasets\TCIA_IDC_Prostate_MRI_US_Biopsy\prostate_mri_us_biopsy\Prostate-MRI-US-Biopsy-0389\08757\44712\7c73df2d-0b1b-4ccb-9a53-4c5f6a1b0c17.dcm,True,,,,0.0,,,0.0,,,0.0,
C:\Users\Gajendra\Desktop\D3_MONAI\Datasets\TCIA_IDC_Prostate_MRI_US_Biopsy\prostate_mri_us_biopsy\Prostate-MRI-US-Biopsy-0390\04674\01573\eadba164-e935-474c-95a1-b3995841934a.dcm,True,,,,0.0,,,0.0,,,0.0,
C:\Users\Gajendra\Desktop\D3_MONAI\Datasets\TCIA_IDC_Prostate_MRI_US_Biopsy\prostate_mri_us_biopsy\Prostate-MRI-US-Biopsy-0391\13515\58053\b2e8bacc-a302-488b-8a19-89172e636ec7.dcm,True,,,,0.0,,,0.0,,,0.0,
C:\Users\Gajendra\Desktop\D3_MONAI\Datasets\TCIA_IDC_Prostate_MRI_US_Biopsy\prostate_mri_us_biopsy\Prostate-MRI-US-Biopsy-0391\89912\75833\96003ace-3031-4f16-a0aa-ab757590ca5a.dcm,True,,,,0.0,,,0.0,,,0.0,
C:\Users\Gajendra\Desktop\D3_MONAI\Datasets\TCIA_IDC_Prostate_MRI_US_Biopsy\prostate_mri_us_biopsy\Prostate-MRI-US-Biopsy-0392\35656\82058\11dd3361-bd9a-4866-8605-0b7e9905f6eb.dcm,True,,,,0.0,,,0.0,,,0.0,
C:\Users\Gajendra\Desktop\D3_MONAI\Datasets\TCIA_IDC_Prostate_MRI_US_Biopsy\prostate_mri_us_biopsy\Prostate-MRI-US-Biopsy-0393\53613\19403\7027c3a5-a4f3-4326-84a2-065d96a88f06.dcm,True,,,,0.0,,,0.0,,,0.0,
C:\Users\Gajendra\Desktop\D3_MONAI\Datasets\TCIA_IDC_Prostate_MRI_US_Biopsy\prostate_mri_us_biopsy\Prostate-MRI-US-Biopsy-0394\27470\34059\c3bcc8f5-8a2b-461a-b401-1006d61ca606.dcm,True,,,,0.0,,,0.0,,,0.0,
C:\Users\Gajendra\Desktop\D3_MONAI\Datasets\TCIA_IDC_Prostate_MRI_US_Biopsy\prostate_mri_us_biopsy\Prostate-MRI-US-Biopsy-0395\76320\21217\9b869eaf-21f1-4e22-886f-cf24e68e08ca.dcm,True,,,,0.0,,,0.0,,,0.0,
C:\Users\Gajendra\Desktop\D3_MONAI\Datasets\TCIA_IDC_Prostate_MRI_US_Biopsy\prostate_mri_us_biopsy\Prostate-MRI-US-Biopsy-0396\20923\93031\c73c081a-71bf-44c4-aa8b-d1d89f379d02.dcm,True,,,,0.0,,,0.0,,,0.0,
C:\Users\Gajendra\Desktop\D3_MONAI\Datasets\TCIA_IDC_Prostate_MRI_US_Biopsy\prostate_mri_us_biopsy\Prostate-MRI-US-Biopsy-0397\35685\96502\5fe39b6d-59b7-4ee7-a5c8-0b1716f35d18.dcm,True,,,,0.0,,,0.0,,,0.0,
C:\Users\Gajendra\Desktop\D3_MONAI\Datasets\TCIA_IDC_Prostate_MRI_US_Biopsy\prostate_mri_us_biopsy\Prostate-MRI-US-Biopsy-0398\26223\83727\ac61ffd0-8cc3-43db-8796-d295a729a95d.dcm,True,,,,0.0,,,0.0,,,0.0,
C:\Users\Gajendra\Desktop\D3_MONAI\Datasets\TCIA_IDC_Prostate_MRI_US_Biopsy\prostate_mri_us_biopsy\Prostate-MRI-US-Biopsy-0399\88586\36149\f0da234c-1ea7-41bd-b515-b60923bf9247.dcm,True,,,,0.0,,,0.0,,,0.0,
C:\Users\Gajendra\Desktop\D3_MONAI\Datasets\TCIA_IDC_Prostate_MRI_US_Biopsy\prostate_mri_us_biopsy\Prostate-MRI-US-Biopsy-0400\32191\06437\f020f60e-d6d6-4f39-8d97-21c152f23ad3.dcm,True,,,,0.0,,,0.0,,,0.0,
C:\Users\Gajendra\Desktop\D3_MONAI\Datasets\TCIA_IDC_Prostate_MRI_US_Biopsy\prostate_mri_us_biopsy\Prostate-MRI-US-Biopsy-0400\45725\00906\297334c6-768f-413f-986a-5c16ab1a621b.dcm,True,,,,0.0,,,0.0,,,0.0,
C:\Users\Gajendra\Desktop\D3_MONAI\Datasets\TCIA_IDC_Prostate_MRI_US_Biopsy\prostate_mri_us_biopsy\Prostate-MRI-US-Biopsy-0401\01546\92691\6c833834-7516-45f0-a123-2be8f614afd6.dcm,True,,,,0.0,,,0.0,,,0.0,
C:\Users\Gajendra\Desktop\D3_MONAI\Datasets\TCIA_IDC_Prostate_MRI_US_Biopsy\prostate_mri_us_biopsy\Prostate-MRI-US-Biopsy-0402\67862\72376\39e775bc-6319-4878-b161-26e62e0d0455.dcm,True,,,,0.0,,,0.0,,,0.0,
C:\Users\Gajendra\Desktop\D3_MONAI\Datasets\TCIA_IDC_Prostate_MRI_US_Biopsy\prostate_mri_us_biopsy\Prostate-MRI-US-Biopsy-0403\25691\95926\89b25b05-88bf-47ab-b124-a817bc4268a2.dcm,True,,,,0.0,,,0.0,,,0.0,
C:\Users\Gajendra\Desktop\D3_MONAI\Datasets\TCIA_IDC_Prostate_MRI_US_Biopsy\prostate_mri_us_biopsy\Prostate-MRI-US-Biopsy-0403\52069\06436\71712171-7f0d-4206-a059-5f80b4bb9a10.dcm,True,,,,0.0,,,0.0,,,0.0,
C:\Users\Gajendra\Desktop\D3_MONAI\Datasets\TCIA_IDC_Prostate_MRI_US_Biopsy\prostate_mri_us_biopsy\Prostate-MRI-US-Biopsy-0403\54866\48302\bada8a7a-4951-40d4-90cf-555982d884ba.dcm,True,,,,0.0,,,0.0,,,0.0,
C:\Users\Gajendra\Desktop\D3_MONAI\Datasets\TCIA_IDC_Prostate_MRI_US_Biopsy\prostate_mri_us_biopsy\Prostate-MRI-US-Biopsy-0404\83248\04801\4c1d8976-33b5-4b6f-a3c9-11fb3cf724ef.dcm,True,,,,0.0,,,0.0,,,0.0,
C:\Users\Gajendra\Desktop\D3_MONAI\Datasets\TCIA_IDC_Prostate_MRI_US_Biopsy\prostate_mri_us_biopsy\Prostate-MRI-US-Biopsy-0405\73598\01515\441a90f4-aa73-43a4-a72d-b89e952ee621.dcm,True,,,,0.0,,,0.0,,,0.0,
C:\Users\Gajendra\Desktop\D3_MONAI\Datasets\TCIA_IDC_Prostate_MRI_US_Biopsy\prostate_mri_us_biopsy\Prostate-MRI-US-Biopsy-0406\35978\96241\949a5758-29aa-4d01-a6bd-428a55c69d8c.dcm,True,,,,0.0,,,0.0,,,0.0,
C:\Users\Gajendra\Desktop\D3_MONAI\Datasets\TCIA_IDC_Prostate_MRI_US_Biopsy\prostate_mri_us_biopsy\Prostate-MRI-US-Biopsy-0407\69800\39520\cca07a58-2a5e-4673-b058-80eece7691ef.dcm,True,,,,0.0,,,0.0,,,0.0,
C:\Users\Gajendra\Desktop\D3_MONAI\Datasets\TCIA_IDC_Prostate_MRI_US_Biopsy\prostate_mri_us_biopsy\Prostate-MRI-US-Biopsy-0408\82840\36416\56c2b9f0-996a-475a-9b45-6cb31c53731b.dcm,True,,,,0.0,,,0.0,,,0.0,
C:\Users\Gajendra\Desktop\D3_MONAI\Datasets\TCIA_IDC_Prostate_MRI_US_Biopsy\prostate_mri_us_biopsy\Prostate-MRI-US-Biopsy-0409\73707\86968\f3be2086-8cd0-4928-a5fe-3c86e7e11428.dcm,True,,,,0.0,,,0.0,,,0.0,
C:\Users\Gajendra\Desktop\D3_MONAI\Datasets\TCIA_IDC_Prostate_MRI_US_Biopsy\prostate_mri_us_biopsy\Prostate-MRI-US-Biopsy-0409\78098\64130\8243a150-e866-446e-8758-5f7dbe0c61be.dcm,True,,,,0.0,,,0.0,,,0.0,
C:\Users\Gajendra\Desktop\D3_MONAI\Datasets\TCIA_IDC_Prostate_MRI_US_Biopsy\prostate_mri_us_biopsy\Prostate-MRI-US-Biopsy-0410\06635\16528\35a538c4-91a3-4ece-908f-183290c38752.dcm,True,,,,0.0,,,0.0,,,0.0,
C:\Users\Gajendra\Desktop\D3_MONAI\Datasets\TCIA_IDC_Prostate_MRI_US_Biopsy\prostate_mri_us_biopsy\Prostate-MRI-US-Biopsy-0411\00267\03834\0d8f8d35-2752-4f79-8a71-4a7fcebb6929.dcm,True,,,,0.0,,,0.0,,,0.0,
C:\Users\Gajendra\Desktop\D3_MONAI\Datasets\TCIA_IDC_Prostate_MRI_US_Biopsy\prostate_mri_us_biopsy\Prostate-MRI-US-Biopsy-0411\05060\02145\db6a296c-7c2b-49e9-88e0-750b00e089e8.dcm,True,,,,0.0,,,0.0,,,0.0,
C:\Users\Gajendra\Desktop\D3_MONAI\Datasets\TCIA_IDC_Prostate_MRI_US_Biopsy\prostate_mri_us_biopsy\Prostate-MRI-US-Biopsy-0411\66879\50987\57595d65-dcd1-43ef-a710-cfea60c01f2f.dcm,True,,,,0.0,,,0.0,,,0.0,
C:\Users\Gajendra\Desktop\D3_MONAI\Datasets\TCIA_IDC_Prostate_MRI_US_Biopsy\prostate_mri_us_biopsy\Prostate-MRI-US-Biopsy-0411\83556\42427\42796e17-2c60-498c-90f8-9c646ac7872e.dcm,True,,,,0.0,,,0.0,,,0.0,
C:\Users\Gajendra\Desktop\D3_MONAI\Datasets\TCIA_IDC_Prostate_MRI_US_Biopsy\prostate_mri_us_biopsy\Prostate-MRI-US-Biopsy-0412\23274\13928\aa656c41-35e4-492f-bdb5-c3cbac638785.dcm,True,,,,0.0,,,0.0,,,0.0,
C:\Users\Gajendra\Desktop\D3_MONAI\Datasets\TCIA_IDC_Prostate_MRI_US_Biopsy\prostate_mri_us_biopsy\Prostate-MRI-US-Biopsy-0413\45721\10956\abbf3b07-863b-4534-b424-908a5b2c3cf2.dcm,True,,,,0.0,,,0.0,,,0.0,
C:\Users\Gajendra\Desktop\D3_MONAI\Datasets\TCIA_IDC_Prostate_MRI_US_Biopsy\prostate_mri_us_biopsy\Prostate-MRI-US-Biopsy-0414\32977\12647\bcb69dee-74da-4648-bb3b-827562e9e180.dcm,True,,,,0.0,,,0.0,,,0.0,
C:\Users\Gajendra\Desktop\D3_MONAI\Datasets\TCIA_IDC_Prostate_MRI_US_Biopsy\prostate_mri_us_biopsy\Prostate-MRI-US-Biopsy-0414\43979\32726\61f41c92-879d-42ea-b4d2-9d6b2532d9c6.dcm,True,,,,0.0,,,0.0,,,0.0,
C:\Users\Gajendra\Desktop\D3_MONAI\Datasets\TCIA_IDC_Prostate_MRI_US_Biopsy\prostate_mri_us_biopsy\Prostate-MRI-US-Biopsy-0415\59697\54442\ae00fc2d-b608-455b-9861-4fc46ef40f19.dcm,True,,,,0.0,,,0.0,,,0.0,
C:\Users\Gajendra\Desktop\D3_MONAI\Datasets\TCIA_IDC_Prostate_MRI_US_Biopsy\prostate_mri_us_biopsy\Prostate-MRI-US-Biopsy-0415\88385\04726\cc616746-d290-4cd6-9f41-c4acab92e02c.dcm,True,,,,0.0,,,0.0,,,0.0,
C:\Users\Gajendra\Desktop\D3_MONAI\Datasets\TCIA_IDC_Prostate_MRI_US_Biopsy\prostate_mri_us_biopsy\Prostate-MRI-US-Biopsy-0416\94166\33468\ef5cbed9-4b05-4713-907e-d95edc5600c8.dcm,True,,,,0.0,,,0.0,,,0.0,
C:\Users\Gajendra\Desktop\D3_MONAI\Datasets\TCIA_IDC_Prostate_MRI_US_Biopsy\prostate_mri_us_biopsy\Prostate-MRI-US-Biopsy-0417\55387\80661\dd535af0-ad4a-4869-b879-1b613b07b0d1.dcm,True,,,,0.0,,,0.0,,,0.0,
C:\Users\Gajendra\Desktop\D3_MONAI\Datasets\TCIA_IDC_Prostate_MRI_US_Biopsy\prostate_mri_us_biopsy\Prostate-MRI-US-Biopsy-0417\55733\81461\5faca65e-3fd5-4b7f-b8a0-a829f3d34384.dcm,True,,,,0.0,,,0.0,,,0.0,
C:\Users\Gajendra\Desktop\D3_MONAI\Datasets\TCIA_IDC_Prostate_MRI_US_Biopsy\prostate_mri_us_biopsy\Prostate-MRI-US-Biopsy-0418\09401\10016\a806eae4-e072-4c79-8a15-97d5e5e35831.dcm,True,,,,0.0,,,0.0,,,0.0,
C:\Users\Gajendra\Desktop\D3_MONAI\Datasets\TCIA_IDC_Prostate_MRI_US_Biopsy\prostate_mri_us_biopsy\Prostate-MRI-US-Biopsy-0419\23908\17663\f4b27f95-8e07-4826-b5d6-ac931320c6f0.dcm,True,,,,0.0,,,0.0,,,0.0,
C:\Users\Gajendra\Desktop\D3_MONAI\Datasets\TCIA_IDC_Prostate_MRI_US_Biopsy\prostate_mri_us_biopsy\Prostate-MRI-US-Biopsy-0420\41284\93821\58cd56c1-6be1-4d5e-83e8-15368de52f2e.dcm,True,,,,0.0,,,0.0,,,0.0,
C:\Users\Gajendra\Desktop\D3_MONAI\Datasets\TCIA_IDC_Prostate_MRI_US_Biopsy\prostate_mri_us_biopsy\Prostate-MRI-US-Biopsy-0421\21075\21298\f4d1f9b5-0aeb-4ce2-8f58-d0cde559d6ae.dcm,True,,,,0.0,,,0.0,,,0.0,
C:\Users\Gajendra\Desktop\D3_MONAI\Datasets\TCIA_IDC_Prostate_MRI_US_Biopsy\prostate_mri_us_biopsy\Prostate-MRI-US-Biopsy-0422\55800\41244\5096d1f9-cdc6-4751-bb4b-fe0f8d40ee19.dcm,True,,,,0.0,,,0.0,,,0.0,
C:\Users\Gajendra\Desktop\D3_MONAI\Datasets\TCIA_IDC_Prostate_MRI_US_Biopsy\prostate_mri_us_biopsy\Prostate-MRI-US-Biopsy-0423\27266\31666\9f71a94e-fda5-457d-91a5-a8625427125e.dcm,True,,,,0.0,,,0.0,,,0.0,
C:\Users\Gajendra\Desktop\D3_MONAI\Datasets\TCIA_IDC_Prostate_MRI_US_Biopsy\prostate_mri_us_biopsy\Prostate-MRI-US-Biopsy-0424\81282\25505\7fadd72d-c3bd-4bce-b5d7-f54ddd144d6f.dcm,True,,,,0.0,,,0.0,,,0.0,
C:\Users\Gajendra\Desktop\D3_MONAI\Datasets\TCIA_IDC_Prostate_MRI_US_Biopsy\prostate_mri_us_biopsy\Prostate-MRI-US-Biopsy-0425\86439\90648\11d707b5-915c-4896-914e-0e71a93b03db.dcm,True,,,,0.0,,,0.0,,,0.0,
C:\Users\Gajendra\Desktop\D3_MONAI\Datasets\TCIA_IDC_Prostate_MRI_US_Biopsy\prostate_mri_us_biopsy\Prostate-MRI-US-Biopsy-0425\95472\53544\b4652f3b-c374-442a-8cb8-ca0f6aeb200a.dcm,True,,,,0.0,,,0.0,,,0.0,
C:\Users\Gajendra\Desktop\D3_MONAI\Datasets\TCIA_IDC_Prostate_MRI_US_Biopsy\prostate_mri_us_biopsy\Prostate-MRI-US-Biopsy-0426\19222\12736\6248fc91-1ea3-473c-896b-076ffdea7755.dcm,True,,,,0.0,,,0.0,,,0.0,
C:\Users\Gajendra\Desktop\D3_MONAI\Datasets\TCIA_IDC_Prostate_MRI_US_Biopsy\prostate_mri_us_biopsy\Prostate-MRI-US-Biopsy-0427\95114\99561\552dfeff-4f0a-4429-9572-17249ccb83b7.dcm,True,,,,0.0,,,0.0,,,0.0,
C:\Users\Gajendra\Desktop\D3_MONAI\Datasets\TCIA_IDC_Prostate_MRI_US_Biopsy\prostate_mri_us_biopsy\Prostate-MRI-US-Biopsy-0428\51970\62197\048acf50-1391-4a03-a426-afe54376217c.dcm,True,,,,0.0,,,0.0,,,0.0,
C:\Users\Gajendra\Desktop\D3_MONAI\Datasets\TCIA_IDC_Prostate_MRI_US_Biopsy\prostate_mri_us_biopsy\Prostate-MRI-US-Biopsy-0429\98005\52209\2e55b05e-8f9c-46aa-8cb4-2238891af525.dcm,True,,,,0.0,,,0.0,,,0.0,
C:\Users\Gajendra\Desktop\D3_MONAI\Datasets\TCIA_IDC_Prostate_MRI_US_Biopsy\prostate_mri_us_biopsy\Prostate-MRI-US-Biopsy-0430\38534\35107\3829b1e8-62e4-4372-990d-3d101b2c0ec0.dcm,True,,,,0.0,,,0.0,,,0.0,
C:\Users\Gajendra\Desktop\D3_MONAI\Datasets\TCIA_IDC_Prostate_MRI_US_Biopsy\prostate_mri_us_biopsy\Prostate-MRI-US-Biopsy-0430\42690\30711\6aad49f0-b760-4148-aefc-702bc070025f.dcm,True,,,,0.0,,,0.0,,,0.0,
C:\Users\Gajendra\Desktop\D3_MONAI\Datasets\TCIA_IDC_Prostate_MRI_US_Biopsy\prostate_mri_us_biopsy\Prostate-MRI-US-Biopsy-0430\77837\89109\b101ff7e-ff54-40b0-933a-ec44137542c8.dcm,True,,,,0.0,,,0.0,,,0.0,
C:\Users\Gajendra\Desktop\D3_MONAI\Datasets\TCIA_IDC_Prostate_MRI_US_Biopsy\prostate_mri_us_biopsy\Prostate-MRI-US-Biopsy-0430\86744\20669\2f8298f5-d9ca-4c0e-a887-81422876851f.dcm,True,,,,0.0,,,0.0,,,0.0,
C:\Users\Gajendra\Desktop\D3_MONAI\Datasets\TCIA_IDC_Prostate_MRI_US_Biopsy\prostate_mri_us_biopsy\Prostate-MRI-US-Biopsy-0431\74731\43146\4a0c7123-b746-4391-97db-4c9dc7621fba.dcm,True,,,,0.0,,,0.0,,,0.0,
C:\Users\Gajendra\Desktop\D3_MONAI\Datasets\TCIA_IDC_Prostate_MRI_US_Biopsy\prostate_mri_us_biopsy\Prostate-MRI-US-Biopsy-0432\57797\35944\991354fc-b529-425a-be7a-690ea03b797f.dcm,True,,,,0.0,,,0.0,,,0.0,
C:\Users\Gajendra\Desktop\D3_MONAI\Datasets\TCIA_IDC_Prostate_MRI_US_Biopsy\prostate_mri_us_biopsy\Prostate-MRI-US-Biopsy-0432\76201\84678\6264c10b-ad4a-4118-8353-dd342b4fa345.dcm,True,,,,0.0,,,0.0,,,0.0,
C:\Users\Gajendra\Desktop\D3_MONAI\Datasets\TCIA_IDC_Prostate_MRI_US_Biopsy\prostate_mri_us_biopsy\Prostate-MRI-US-Biopsy-0433\59405\17221\c222bb21-5b7a-4e12-b6e6-78a761a5806f.dcm,True,,,,0.0,,,0.0,,,0.0,
C:\Users\Gajendra\Desktop\D3_MONAI\Datasets\TCIA_IDC_Prostate_MRI_US_Biopsy\prostate_mri_us_biopsy\Prostate-MRI-US-Biopsy-0433\96578\10538\dbac4e32-c0fc-4fed-98a6-8365e1caecef.dcm,True,,,,0.0,,,0.0,,,0.0,
C:\Users\Gajendra\Desktop\D3_MONAI\Datasets\TCIA_IDC_Prostate_MRI_US_Biopsy\prostate_mri_us_biopsy\Prostate-MRI-US-Biopsy-0434\46073\32681\b0a093c2-6089-4040-a015-7833ca5541cf.dcm,True,,,,0.0,,,0.0,,,0.0,
C:\Users\Gajendra\Desktop\D3_MONAI\Datasets\TCIA_IDC_Prostate_MRI_US_Biopsy\prostate_mri_us_biopsy\Prostate-MRI-US-Biopsy-0435\11070\36590\f5af3580-01dc-4bcb-b975-6dd1c1d2b681.dcm,True,,,,0.0,,,0.0,,,0.0,
C:\Users\Gajendra\Desktop\D3_MONAI\Datasets\TCIA_IDC_Prostate_MRI_US_Biopsy\prostate_mri_us_biopsy\Prostate-MRI-US-Biopsy-0436\19204\28066\6aa5d2ba-c7be-4916-b1f8-a339db033f0e.dcm,True,,,,0.0,,,0.0,,,0.0,
C:\Users\Gajendra\Desktop\D3_MONAI\Datasets\TCIA_IDC_Prostate_MRI_US_Biopsy\prostate_mri_us_biopsy\Prostate-MRI-US-Biopsy-0437\68850\26713\c9ea3637-2169-44ca-a908-7db8e0662980.dcm,True,,,,0.0,,,0.0,,,0.0,
C:\Users\Gajendra\Desktop\D3_MONAI\Datasets\TCIA_IDC_Prostate_MRI_US_Biopsy\prostate_mri_us_biopsy\Prostate-MRI-US-Biopsy-0438\72805\41766\cdf38c32-6a01-4e48-81cf-1c4356b06f75.dcm,True,,,,0.0,,,0.0,,,0.0,
C:\Users\Gajendra\Desktop\D3_MONAI\Datasets\TCIA_IDC_Prostate_MRI_US_Biopsy\prostate_mri_us_biopsy\Prostate-MRI-US-Biopsy-0439\23796\49690\6b684506-fa94-4bdb-baa0-e0257f370952.dcm,True,,,,0.0,,,0.0,,,0.0,
C:\Users\Gajendra\Desktop\D3_MONAI\Datasets\TCIA_IDC_Prostate_MRI_US_Biopsy\prostate_mri_us_biopsy\Prostate-MRI-US-Biopsy-0440\51094\78237\a20c7d3e-b888-4ea2-b1a2-8c08c0d59e0d.dcm,True,,,,0.0,,,0.0,,,0.0,
C:\Users\Gajendra\Desktop\D3_MONAI\Datasets\TCIA_IDC_Prostate_MRI_US_Biopsy\prostate_mri_us_biopsy\Prostate-MRI-US-Biopsy-0440\86752\44272\023ca96c-d3d9-4f8a-80b5-20a815524a48.dcm,True,,,,0.0,,,0.0,,,0.0,
C:\Users\Gajendra\Desktop\D3_MONAI\Datasets\TCIA_IDC_Prostate_MRI_US_Biopsy\prostate_mri_us_biopsy\Prostate-MRI-US-Biopsy-0441\52248\31636\13418951-0fa2-4abf-b963-bbb2f181cf8a.dcm,True,,,,0.0,,,0.0,,,0.0,
C:\Users\Gajendra\Desktop\D3_MONAI\Datasets\TCIA_IDC_Prostate_MRI_US_Biopsy\prostate_mri_us_biopsy\Prostate-MRI-US-Biopsy-0441\53348\13478\b3a60923-eb56-4b16-8c41-3aa3f5812cc6.dcm,True,,,,0.0,,,0.0,,,0.0,
C:\Users\Gajendra\Desktop\D3_MONAI\Datasets\TCIA_IDC_Prostate_MRI_US_Biopsy\prostate_mri_us_biopsy\Prostate-MRI-US-Biopsy-0442\17422\56279\83d8f8d2-c72a-4f2d-b29d-18161ddc2952.dcm,True,,,,0.0,,,0.0,,,0.0,
C:\Users\Gajendra\Desktop\D3_MONAI\Datasets\TCIA_IDC_Prostate_MRI_US_Biopsy\prostate_mri_us_biopsy\Prostate-MRI-US-Biopsy-0442\39839\17071\8143e1be-2da1-413d-875e-0a249d013455.dcm,True,,,,0.0,,,0.0,,,0.0,
C:\Users\Gajendra\Desktop\D3_MONAI\Datasets\TCIA_IDC_Prostate_MRI_US_Biopsy\prostate_mri_us_biopsy\Prostate-MRI-US-Biopsy-0442\49917\16193\69154ead-7462-400e-82b4-957c03cd09aa.dcm,True,,,,0.0,,,0.0,,,0.0,
C:\Users\Gajendra\Desktop\D3_MONAI\Datasets\TCIA_IDC_Prostate_MRI_US_Biopsy\prostate_mri_us_biopsy\Prostate-MRI-US-Biopsy-0442\71803\26260\338b8b72-9760-40c8-b43a-59872a13d2df.dcm,True,,,,0.0,,,0.0,,,0.0,
C:\Users\Gajendra\Desktop\D3_MONAI\Datasets\TCIA_IDC_Prostate_MRI_US_Biopsy\prostate_mri_us_biopsy\Prostate-MRI-US-Biopsy-0442\79911\64646\b62b16ab-7112-4a4c-a4cf-e9c6f97bd83e.dcm,True,,,,0.0,,,0.0,,,0.0,
C:\Users\Gajendra\Desktop\D3_MONAI\Datasets\TCIA_IDC_Prostate_MRI_US_Biopsy\prostate_mri_us_biopsy\Prostate-MRI-US-Biopsy-0443\34631\45359\1b29ba63-9c1f-441f-a409-71897b3b575a.dcm,True,,,,0.0,,,0.0,,,0.0,
C:\Users\Gajendra\Desktop\D3_MONAI\Datasets\TCIA_IDC_Prostate_MRI_US_Biopsy\prostate_mri_us_biopsy\Prostate-MRI-US-Biopsy-0444\13095\16609\f077adf9-5d92-40bd-9c73-e05e77b00990.dcm,True,,,,0.0,,,0.0,,,0.0,
C:\Users\Gajendra\Desktop\D3_MONAI\Datasets\TCIA_IDC_Prostate_MRI_US_Biopsy\prostate_mri_us_biopsy\Prostate-MRI-US-Biopsy-0444\42125\92687\56b47ccc-fa6b-4894-9f07-69ae5989ef90.dcm,True,,,,0.0,,,0.0,,,0.0,
C:\Users\Gajendra\Desktop\D3_MONAI\Datasets\TCIA_IDC_Prostate_MRI_US_Biopsy\prostate_mri_us_biopsy\Prostate-MRI-US-Biopsy-0444\60295\93013\c83660ca-511f-4c7d-a1c2-fd98ec2734f9.dcm,True,,,,0.0,,,0.0,,,0.0,
C:\Users\Gajendra\Desktop\D3_MONAI\Datasets\TCIA_IDC_Prostate_MRI_US_Biopsy\prostate_mri_us_biopsy\Prostate-MRI-US-Biopsy-0444\70190\01747\6c9f96f6-aac8-4995-b9c6-d64bb0e8b38d.dcm,True,,,,0.0,,,0.0,,,0.0,
C:\Users\Gajendra\Desktop\D3_MONAI\Datasets\TCIA_IDC_Prostate_MRI_US_Biopsy\prostate_mri_us_biopsy\Prostate-MRI-US-Biopsy-0445\22026\40399\a3ee3317-32dc-4f65-b344-3f01e7578fc4.dcm,True,,,,0.0,,,0.0,,,0.0,
C:\Users\Gajendra\Desktop\D3_MONAI\Datasets\TCIA_IDC_Prostate_MRI_US_Biopsy\prostate_mri_us_biopsy\Prostate-MRI-US-Biopsy-0445\86657\15738\2a338ca0-ab8a-4a6b-9bc8-0ff0017d9306.dcm,True,,,,0.0,,,0.0,,,0.0,
C:\Users\Gajendra\Desktop\D3_MONAI\Datasets\TCIA_IDC_Prostate_MRI_US_Biopsy\prostate_mri_us_biopsy\Prostate-MRI-US-Biopsy-0446\08067\40312\ffd16270-cdd7-45ca-a3e9-2d744a3d59ea.dcm,True,,,,0.0,,,0.0,,,0.0,
C:\Users\Gajendra\Desktop\D3_MONAI\Datasets\TCIA_IDC_Prostate_MRI_US_Biopsy\prostate_mri_us_biopsy\Prostate-MRI-US-Biopsy-0446\33390\51982\b87714d0-3a44-4515-b118-ea451d71911e.dcm,True,,,,0.0,,,0.0,,,0.0,
C:\Users\Gajendra\Desktop\D3_MONAI\Datasets\TCIA_IDC_Prostate_MRI_US_Biopsy\prostate_mri_us_biopsy\Prostate-MRI-US-Biopsy-0446\72522\28361\154dfe1b-067d-4cc1-98c8-c4650c239134.dcm,True,,,,0.0,,,0.0,,,0.0,
C:\Users\Gajendra\Desktop\D3_MONAI\Datasets\TCIA_IDC_Prostate_MRI_US_Biopsy\prostate_mri_us_biopsy\Prostate-MRI-US-Biopsy-0447\74224\53648\4aec98bd-3182-4f11-a8e8-d4a32a06e0a1.dcm,True,,,,0.0,,,0.0,,,0.0,
C:\Users\Gajendra\Desktop\D3_MONAI\Datasets\TCIA_IDC_Prostate_MRI_US_Biopsy\prostate_mri_us_biopsy\Prostate-MRI-US-Biopsy-0448\82805\15736\77d899a3-74da-4b86-bbf8-d3429741a0ad.dcm,True,,,,0.0,,,0.0,,,0.0,
C:\Users\Gajendra\Desktop\D3_MONAI\Datasets\TCIA_IDC_Prostate_MRI_US_Biopsy\prostate_mri_us_biopsy\Prostate-MRI-US-Biopsy-0448\93622\60599\20dbed4d-c69c-4f5d-9f1c-791874d3f866.dcm,True,,,,0.0,,,0.0,,,0.0,
C:\Users\Gajendra\Desktop\D3_MONAI\Datasets\TCIA_IDC_Prostate_MRI_US_Biopsy\prostate_mri_us_biopsy\Prostate-MRI-US-Biopsy-0449\13605\46357\22354714-7cfb-44fc-97a1-0ec316d3bc01.dcm,True,,,,0.0,,,0.0,,,0.0,
C:\Users\Gajendra\Desktop\D3_MONAI\Datasets\TCIA_IDC_Prostate_MRI_US_Biopsy\prostate_mri_us_biopsy\Prostate-MRI-US-Biopsy-0450\72134\94604\5d973b00-b40d-4dad-8b76-bc6b3d974258.dcm,True,,,,0.0,,,0.0,,,0.0,
C:\Users\Gajendra\Desktop\D3_MONAI\Datasets\TCIA_IDC_Prostate_MRI_US_Biopsy\prostate_mri_us_biopsy\Prostate-MRI-US-Biopsy-0451\26121\19247\faed60b3-5184-4b24-8917-3b6bf5a36158.dcm,True,,,,0.0,,,0.0,,,0.0,
C:\Users\Gajendra\Desktop\D3_MONAI\Datasets\TCIA_IDC_Prostate_MRI_US_Biopsy\prostate_mri_us_biopsy\Prostate-MRI-US-Biopsy-0451\97982\20584\3c21502e-96e2-40f2-8af2-826f7d61196f.dcm,True,,,,0.0,,,0.0,,,0.0,
C:\Users\Gajendra\Desktop\D3_MONAI\Datasets\TCIA_IDC_Prostate_MRI_US_Biopsy\prostate_mri_us_biopsy\Prostate-MRI-US-Biopsy-0452\72972\24729\4b1068bb-1844-455a-baa8-0b088ca65d9a.dcm,True,,,,0.0,,,0.0,,,0.0,
C:\Users\Gajendra\Desktop\D3_MONAI\Datasets\TCIA_IDC_Prostate_MRI_US_Biopsy\prostate_mri_us_biopsy\Prostate-MRI-US-Biopsy-0452\82054\78455\55417b95-66c5-49d4-8065-32acc38fd966.dcm,True,,,,0.0,,,0.0,,,0.0,
C:\Users\Gajendra\Desktop\D3_MONAI\Datasets\TCIA_IDC_Prostate_MRI_US_Biopsy\prostate_mri_us_biopsy\Prostate-MRI-US-Biopsy-0453\71008\10832\74a7e0ca-f4b8-4b56-9aaf-ceada9e489d0.dcm,True,,,,0.0,,,0.0,,,0.0,
C:\Users\Gajendra\Desktop\D3_MONAI\Datasets\TCIA_IDC_Prostate_MRI_US_Biopsy\prostate_mri_us_biopsy\Prostate-MRI-US-Biopsy-0454\55331\94228\1396475a-49d0-48f2-8fa1-838c7ac52576.dcm,True,,,,0.0,,,0.0,,,0.0,
C:\Users\Gajendra\Desktop\D3_MONAI\Datasets\TCIA_IDC_Prostate_MRI_US_Biopsy\prostate_mri_us_biopsy\Prostate-MRI-US-Biopsy-0455\71667\99563\ead2bec7-0d74-41c6-8aca-8e4da1aa1e34.dcm,True,,,,0.0,,,0.0,,,0.0,
C:\Users\Gajendra\Desktop\D3_MONAI\Datasets\TCIA_IDC_Prostate_MRI_US_Biopsy\prostate_mri_us_biopsy\Prostate-MRI-US-Biopsy-0456\41809\47027\673cd2b3-38fa-4732-ab08-4a80b53840b6.dcm,True,,,,0.0,,,0.0,,,0.0,
C:\Users\Gajendra\Desktop\D3_MONAI\Datasets\TCIA_IDC_Prostate_MRI_US_Biopsy\prostate_mri_us_biopsy\Prostate-MRI-US-Biopsy-0456\79769\42930\32f1a6f0-b6a8-49ec-a8e9-7ac799e2e1a6.dcm,True,,,,0.0,,,0.0,,,0.0,
C:\Users\Gajendra\Desktop\D3_MONAI\Datasets\TCIA_IDC_Prostate_MRI_US_Biopsy\prostate_mri_us_biopsy\Prostate-MRI-US-Biopsy-0457\34150\37768\2ea348b5-5dc2-4af4-a9f2-1b2c83e83ee4.dcm,True,,,,0.0,,,0.0,,,0.0,
C:\Users\Gajendra\Desktop\D3_MONAI\Datasets\TCIA_IDC_Prostate_MRI_US_Biopsy\prostate_mri_us_biopsy\Prostate-MRI-US-Biopsy-0457\99550\01300\c6a5a127-1fb9-4298-ba48-4cca10b1926e.dcm,True,,,,0.0,,,0.0,,,0.0,
C:\Users\Gajendra\Desktop\D3_MONAI\Datasets\TCIA_IDC_Prostate_MRI_US_Biopsy\prostate_mri_us_biopsy\Prostate-MRI-US-Biopsy-0458\14510\41808\ba99d189-330d-4ade-94c3-7565c02ff699.dcm,True,,,,0.0,,,0.0,,,0.0,
C:\Users\Gajendra\Desktop\D3_MONAI\Datasets\TCIA_IDC_Prostate_MRI_US_Biopsy\prostate_mri_us_biopsy\Prostate-MRI-US-Biopsy-0459\51517\17468\fa8a92bd-da57-4ba2-91c3-4c49ab4f04ec.dcm,True,,,,0.0,,,0.0,,,0.0,
C:\Users\Gajendra\Desktop\D3_MONAI\Datasets\TCIA_IDC_Prostate_MRI_US_Biopsy\prostate_mri_us_biopsy\Prostate-MRI-US-Biopsy-0459\51570\06098\e6fe2572-2360-464e-916a-9c996cbe3034.dcm,True,,,,0.0,,,0.0,,,0.0,
C:\Users\Gajendra\Desktop\D3_MONAI\Datasets\TCIA_IDC_Prostate_MRI_US_Biopsy\prostate_mri_us_biopsy\Prostate-MRI-US-Biopsy-0459\86596\91817\c6b44dca-b31b-4dbd-966d-da32666653e6.dcm,True,,,,0.0,,,0.0,,,0.0,
C:\Users\Gajendra\Desktop\D3_MONAI\Datasets\TCIA_IDC_Prostate_MRI_US_Biopsy\prostate_mri_us_biopsy\Prostate-MRI-US-Biopsy-0460\00188\79644\7865b255-00c8-42a4-80d1-0225b3793c05.dcm,True,,,,0.0,,,0.0,,,0.0,
C:\Users\Gajendra\Desktop\D3_MONAI\Datasets\TCIA_IDC_Prostate_MRI_US_Biopsy\prostate_mri_us_biopsy\Prostate-MRI-US-Biopsy-0461\78885\62922\b9421019-806a-4c50-a8e6-a92d385ce432.dcm,True,,,,0.0,,,0.0,,,0.0,
C:\Users\Gajendra\Desktop\D3_MONAI\Datasets\TCIA_IDC_Prostate_MRI_US_Biopsy\prostate_mri_us_biopsy\Prostate-MRI-US-Biopsy-0461\86871\01349\56bfa42c-14a3-4f06-bd1c-57205c3d3848.dcm,True,,,,0.0,,,0.0,,,0.0,
C:\Users\Gajendra\Desktop\D3_MONAI\Datasets\TCIA_IDC_Prostate_MRI_US_Biopsy\prostate_mri_us_biopsy\Prostate-MRI-US-Biopsy-0462\93824\83119\a39a81f7-b250-4387-aa7d-6b893264811c.dcm,True,,,,0.0,,,0.0,,,0.0,
C:\Users\Gajendra\Desktop\D3_MONAI\Datasets\TCIA_IDC_Prostate_MRI_US_Biopsy\prostate_mri_us_biopsy\Prostate-MRI-US-Biopsy-0463\22942\94968\15fad7f3-b4b5-4b5b-8587-14105da11f6a.dcm,True,,,,0.0,,,0.0,,,0.0,
C:\Users\Gajendra\Desktop\D3_MONAI\Datasets\TCIA_IDC_Prostate_MRI_US_Biopsy\prostate_mri_us_biopsy\Prostate-MRI-US-Biopsy-0464\66611\70852\5ad43dca-1050-4603-8e88-8852c9372c9d.dcm,True,,,,0.0,,,0.0,,,0.0,
C:\Users\Gajendra\Desktop\D3_MONAI\Datasets\TCIA_IDC_Prostate_MRI_US_Biopsy\prostate_mri_us_biopsy\Prostate-MRI-US-Biopsy-0465\49904\16187\80c02b0c-4d58-401e-b165-df5507d3e44c.dcm,True,,,,0.0,,,0.0,,,0.0,
C:\Users\Gajendra\Desktop\D3_MONAI\Datasets\TCIA_IDC_Prostate_MRI_US_Biopsy\prostate_mri_us_biopsy\Prostate-MRI-US-Biopsy-0466\61607\71655\bdaa0767-ba8f-4c9f-9c67-80d814a1b24c.dcm,True,,,,0.0,,,0.0,,,0.0,
C:\Users\Gajendra\Desktop\D3_MONAI\Datasets\TCIA_IDC_Prostate_MRI_US_Biopsy\prostate_mri_us_biopsy\Prostate-MRI-US-Biopsy-0467\86772\45851\fe385ac5-6f81-4cc4-afe5-cd43ff1291ad.dcm,True,,,,0.0,,,0.0,,,0.0,
C:\Users\Gajendra\Desktop\D3_MONAI\Datasets\TCIA_IDC_Prostate_MRI_US_Biopsy\prostate_mri_us_biopsy\Prostate-MRI-US-Biopsy-0468\32697\33133\e8d75168-2a2f-46c8-9c90-ae1b007580a3.dcm,True,,,,0.0,,,0.0,,,0.0,
C:\Users\Gajendra\Desktop\D3_MONAI\Datasets\TCIA_IDC_Prostate_MRI_US_Biopsy\prostate_mri_us_biopsy\Prostate-MRI-US-Biopsy-0469\11926\65606\202df8b4-8709-498a-9d17-8fe6100131d2.dcm,True,,,,0.0,,,0.0,,,0.0,
C:\Users\Gajendra\Desktop\D3_MONAI\Datasets\TCIA_IDC_Prostate_MRI_US_Biopsy\prostate_mri_us_biopsy\Prostate-MRI-US-Biopsy-0469\33736\70043\a2f2ddf6-3907-481b-91da-3b130630889f.dcm,True,,,,0.0,,,0.0,,,0.0,
C:\Users\Gajendra\Desktop\D3_MONAI\Datasets\TCIA_IDC_Prostate_MRI_US_Biopsy\prostate_mri_us_biopsy\Prostate-MRI-US-Biopsy-0469\84609\91230\ac985546-af31-479c-874c-e04ec0d49d9b.dcm,True,,,,0.0,,,0.0,,,0.0,
C:\Users\Gajendra\Desktop\D3_MONAI\Datasets\TCIA_IDC_Prostate_MRI_US_Biopsy\prostate_mri_us_biopsy\Prostate-MRI-US-Biopsy-0470\41799\67609\83aff35c-060d-4305-943a-7fc03ac8fffc.dcm,True,,,,0.0,,,0.0,,,0.0,
C:\Users\Gajendra\Desktop\D3_MONAI\Datasets\TCIA_IDC_Prostate_MRI_US_Biopsy\prostate_mri_us_biopsy\Prostate-MRI-US-Biopsy-0471\34533\15490\41fc1ddf-31c3-44eb-ba0a-49733d4de756.dcm,True,,,,0.0,,,0.0,,,0.0,
C:\Users\Gajendra\Desktop\D3_MONAI\Datasets\TCIA_IDC_Prostate_MRI_US_Biopsy\prostate_mri_us_biopsy\Prostate-MRI-US-Biopsy-0471\45486\19855\c60bcd45-48c5-41e7-98c1-afd3f9493f83.dcm,True,,,,0.0,,,0.0,,,0.0,
C:\Users\Gajendra\Desktop\D3_MONAI\Datasets\TCIA_IDC_Prostate_MRI_US_Biopsy\prostate_mri_us_biopsy\Prostate-MRI-US-Biopsy-0472\37748\02412\e78040aa-10a0-459c-958c-08479a96aafe.dcm,True,,,,0.0,,,0.0,,,0.0,
C:\Users\Gajendra\Desktop\D3_MONAI\Datasets\TCIA_IDC_Prostate_MRI_US_Biopsy\prostate_mri_us_biopsy\Prostate-MRI-US-Biopsy-0473\40971\19256\395a93ba-a4fb-450d-990b-a02f9079463f.dcm,True,,,,0.0,,,0.0,,,0.0,
C:\Users\Gajendra\Desktop\D3_MONAI\Datasets\TCIA_IDC_Prostate_MRI_US_Biopsy\prostate_mri_us_biopsy\Prostate-MRI-US-Biopsy-0473\78870\35672\c4c345b1-e74e-4533-892c-40f1c3732463.dcm,True,,,,0.0,,,0.0,,,0.0,
C:\Users\Gajendra\Desktop\D3_MONAI\Datasets\TCIA_IDC_Prostate_MRI_US_Biopsy\prostate_mri_us_biopsy\Prostate-MRI-US-Biopsy-0473\97729\13439\be7e7ef0-4db2-4d13-a128-4cad050e1449.dcm,True,,,,0.0,,,0.0,,,0.0,
C:\Users\Gajendra\Desktop\D3_MONAI\Datasets\TCIA_IDC_Prostate_MRI_US_Biopsy\prostate_mri_us_biopsy\Prostate-MRI-US-Biopsy-0474\98430\43628\afd48096-7b16-43f0-95fb-e71404c8b867.dcm,True,,,,0.0,,,0.0,,,0.0,
C:\Users\Gajendra\Desktop\D3_MONAI\Datasets\TCIA_IDC_Prostate_MRI_US_Biopsy\prostate_mri_us_biopsy\Prostate-MRI-US-Biopsy-0475\03280\83792\aae73b58-5b83-4c9e-9b8e-c08b085070d5.dcm,True,,,,0.0,,,0.0,,,0.0,
C:\Users\Gajendra\Desktop\D3_MONAI\Datasets\TCIA_IDC_Prostate_MRI_US_Biopsy\prostate_mri_us_biopsy\Prostate-MRI-US-Biopsy-0475\28490\27254\0e2e4baf-4b6a-4a46-be70-5341173df5fc.dcm,True,,,,0.0,,,0.0,,,0.0,
C:\Users\Gajendra\Desktop\D3_MONAI\Datasets\TCIA_IDC_Prostate_MRI_US_Biopsy\prostate_mri_us_biopsy\Prostate-MRI-US-Biopsy-0475\81459\09918\87197cb7-3d58-43b7-abf9-4be9c47af385.dcm,True,,,,0.0,,,0.0,,,0.0,
C:\Users\Gajendra\Desktop\D3_MONAI\Datasets\TCIA_IDC_Prostate_MRI_US_Biopsy\prostate_mri_us_biopsy\Prostate-MRI-US-Biopsy-0475\96344\81656\687fabb7-30db-4de0-b80a-0d207ecf9180.dcm,True,,,,0.0,,,0.0,,,0.0,
C:\Users\Gajendra\Desktop\D3_MONAI\Datasets\TCIA_IDC_Prostate_MRI_US_Biopsy\prostate_mri_us_biopsy\Prostate-MRI-US-Biopsy-0476\08995\79343\af7dbd2b-0be4-44bf-bf1d-34cb0af30d73.dcm,True,,,,0.0,,,0.0,,,0.0,
C:\Users\Gajendra\Desktop\D3_MONAI\Datasets\TCIA_IDC_Prostate_MRI_US_Biopsy\prostate_mri_us_biopsy\Prostate-MRI-US-Biopsy-0476\86852\79470\f355de9e-f02c-4426-ab0e-e1e3470f12af.dcm,True,,,,0.0,,,0.0,,,0.0,
C:\Users\Gajendra\Desktop\D3_MONAI\Datasets\TCIA_IDC_Prostate_MRI_US_Biopsy\prostate_mri_us_biopsy\Prostate-MRI-US-Biopsy-0477\10783\38744\a99c8ff2-e81d-4ff1-b559-23d26f4a326f.dcm,True,,,,0.0,,,0.0,,,0.0,
C:\Users\Gajendra\Desktop\D3_MONAI\Datasets\TCIA_IDC_Prostate_MRI_US_Biopsy\prostate_mri_us_biopsy\Prostate-MRI-US-Biopsy-0478\51661\83704\0796f2df-e5b6-4cee-9910-5f2caa20a174.dcm,True,,,,0.0,,,0.0,,,0.0,
C:\Users\Gajendra\Desktop\D3_MONAI\Datasets\TCIA_IDC_Prostate_MRI_US_Biopsy\prostate_mri_us_biopsy\Prostate-MRI-US-Biopsy-0478\53302\21976\fb50f07a-8f15-45e1-b7dd-b4be98239014.dcm,True,,,,0.0,,,0.0,,,0.0,
C:\Users\Gajendra\Desktop\D3_MONAI\Datasets\TCIA_IDC_Prostate_MRI_US_Biopsy\prostate_mri_us_biopsy\Prostate-MRI-US-Biopsy-0478\88794\31179\9beb6321-f10b-4e9c-854c-0171e99d1c32.dcm,True,,,,0.0,,,0.0,,,0.0,
C:\Users\Gajendra\Desktop\D3_MONAI\Datasets\TCIA_IDC_Prostate_MRI_US_Biopsy\prostate_mri_us_biopsy\Prostate-MRI-US-Biopsy-0479\54794\59330\445434d2-a0e7-41ed-bf09-3f4e9c35e604.dcm,True,,,,0.0,,,0.0,,,0.0,
C:\Users\Gajendra\Desktop\D3_MONAI\Datasets\TCIA_IDC_Prostate_MRI_US_Biopsy\prostate_mri_us_biopsy\Prostate-MRI-US-Biopsy-0480\04901\86505\af3154e4-b1db-4402-a40f-5e06ad3036a4.dcm,True,,,,0.0,,,0.0,,,0.0,
C:\Users\Gajendra\Desktop\D3_MONAI\Datasets\TCIA_IDC_Prostate_MRI_US_Biopsy\prostate_mri_us_biopsy\Prostate-MRI-US-Biopsy-0480\29081\27425\698ed068-5436-4a7d-883d-a4d03f23c3e7.dcm,True,,,,0.0,,,0.0,,,0.0,
C:\Users\Gajendra\Desktop\D3_MONAI\Datasets\TCIA_IDC_Prostate_MRI_US_Biopsy\prostate_mri_us_biopsy\Prostate-MRI-US-Biopsy-0480\53164\61705\b582af7c-2dd1-434f-97da-786cfcb70a31.dcm,True,,,,0.0,,,0.0,,,0.0,
C:\Users\Gajendra\Desktop\D3_MONAI\Datasets\TCIA_IDC_Prostate_MRI_US_Biopsy\prostate_mri_us_biopsy\Prostate-MRI-US-Biopsy-0481\63143\20889\1a0a854e-4cdf-46b1-9e63-296f540a8476.dcm,True,,,,0.0,,,0.0,,,0.0,
C:\Users\Gajendra\Desktop\D3_MONAI\Datasets\TCIA_IDC_Prostate_MRI_US_Biopsy\prostate_mri_us_biopsy\Prostate-MRI-US-Biopsy-0482\53580\73602\6f347e96-7d87-4b11-8b5f-2aea14e8909a.dcm,True,,,,0.0,,,0.0,,,0.0,
C:\Users\Gajendra\Desktop\D3_MONAI\Datasets\TCIA_IDC_Prostate_MRI_US_Biopsy\prostate_mri_us_biopsy\Prostate-MRI-US-Biopsy-0483\11725\42921\f3629e8b-fd50-457c-9870-e84e8fd6f17b.dcm,True,,,,0.0,,,0.0,,,0.0,
C:\Users\Gajendra\Desktop\D3_MONAI\Datasets\TCIA_IDC_Prostate_MRI_US_Biopsy\prostate_mri_us_biopsy\Prostate-MRI-US-Biopsy-0483\80955\91816\a1903474-7723-498e-987d-d9e289af195d.dcm,True,,,,0.0,,,0.0,,,0.0,
C:\Users\Gajendra\Desktop\D3_MONAI\Datasets\TCIA_IDC_Prostate_MRI_US_Biopsy\prostate_mri_us_biopsy\Prostate-MRI-US-Biopsy-0484\14456\44118\ae0a15dc-4e26-4a62-ad71-6486dc464f67.dcm,True,,,,0.0,,,0.0,,,0.0,
C:\Users\Gajendra\Desktop\D3_MONAI\Datasets\TCIA_IDC_Prostate_MRI_US_Biopsy\prostate_mri_us_biopsy\Prostate-MRI-US-Biopsy-0484\17271\95882\030b3f3e-07d1-400c-864d-c5827ec9ef1e.dcm,True,,,,0.0,,,0.0,,,0.0,
C:\Users\Gajendra\Desktop\D3_MONAI\Datasets\TCIA_IDC_Prostate_MRI_US_Biopsy\prostate_mri_us_biopsy\Prostate-MRI-US-Biopsy-0484\57264\84993\6efab9e3-37d2-41ca-a69b-b1dcfe2c16e0.dcm,True,,,,0.0,,,0.0,,,0.0,
C:\Users\Gajendra\Desktop\D3_MONAI\Datasets\TCIA_IDC_Prostate_MRI_US_Biopsy\prostate_mri_us_biopsy\Prostate-MRI-US-Biopsy-0485\13590\98174\0ef44bae-8c95-4e30-959b-a925612cc757.dcm,True,,,,0.0,,,0.0,,,0.0,
C:\Users\Gajendra\Desktop\D3_MONAI\Datasets\TCIA_IDC_Prostate_MRI_US_Biopsy\prostate_mri_us_biopsy\Prostate-MRI-US-Biopsy-0486\98651\34772\9f7c494c-301c-407c-8c55-de8a99587167.dcm,True,,,,0.0,,,0.0,,,0.0,
C:\Users\Gajendra\Desktop\D3_MONAI\Datasets\TCIA_IDC_Prostate_MRI_US_Biopsy\prostate_mri_us_biopsy\Prostate-MRI-US-Biopsy-0487\66029\23560\ab3db8c9-ca5e-4350-a367-c5dac05ee0a0.dcm,True,,,,0.0,,,0.0,,,0.0,
C:\Users\Gajendra\Desktop\D3_MONAI\Datasets\TCIA_IDC_Prostate_MRI_US_Biopsy\prostate_mri_us_biopsy\Prostate-MRI-US-Biopsy-0488\72003\45682\aaececfc-5fb6-48b4-8522-420983ed7b73.dcm,True,,,,0.0,,,0.0,,,0.0,
C:\Users\Gajendra\Desktop\D3_MONAI\Datasets\TCIA_IDC_Prostate_MRI_US_Biopsy\prostate_mri_us_biopsy\Prostate-MRI-US-Biopsy-0488\93458\47393\c58bb9dc-5286-404f-ba54-5f7f98ad5476.dcm,True,,,,0.0,,,0.0,,,0.0,
C:\Users\Gajendra\Desktop\D3_MONAI\Datasets\TCIA_IDC_Prostate_MRI_US_Biopsy\prostate_mri_us_biopsy\Prostate-MRI-US-Biopsy-0489\80758\44772\c3c2212a-11ea-4c93-accb-dace90ec2655.dcm,True,,,,0.0,,,0.0,,,0.0,
C:\Users\Gajendra\Desktop\D3_MONAI\Datasets\TCIA_IDC_Prostate_MRI_US_Biopsy\prostate_mri_us_biopsy\Prostate-MRI-US-Biopsy-0490\41062\02945\563713cc-288b-4777-bc23-1a3139393c25.dcm,True,,,,0.0,,,0.0,,,0.0,
C:\Users\Gajendra\Desktop\D3_MONAI\Datasets\TCIA_IDC_Prostate_MRI_US_Biopsy\prostate_mri_us_biopsy\Prostate-MRI-US-Biopsy-0491\55165\25013\6116ba07-5b88-4520-82eb-53c689d3e217.dcm,True,,,,0.0,,,0.0,,,0.0,
C:\Users\Gajendra\Desktop\D3_MONAI\Datasets\TCIA_IDC_Prostate_MRI_US_Biopsy\prostate_mri_us_biopsy\Prostate-MRI-US-Biopsy-0492\24800\87198\c8bfc5ef-1d26-4fc5-a235-62c9f17e2b05.dcm,True,,,,0.0,,,0.0,,,0.0,
C:\Users\Gajendra\Desktop\D3_MONAI\Datasets\TCIA_IDC_Prostate_MRI_US_Biopsy\prostate_mri_us_biopsy\Prostate-MRI-US-Biopsy-0492\40121\81882\064cf30b-b83b-4973-b8a4-c0175ac66be9.dcm,True,,,,0.0,,,0.0,,,0.0,
C:\Users\Gajendra\Desktop\D3_MONAI\Datasets\TCIA_IDC_Prostate_MRI_US_Biopsy\prostate_mri_us_biopsy\Prostate-MRI-US-Biopsy-0493\64981\93102\70eadc5a-ba63-46d9-ab35-e5d4ea59b4ad.dcm,True,,,,0.0,,,0.0,,,0.0,
C:\Users\Gajendra\Desktop\D3_MONAI\Datasets\TCIA_IDC_Prostate_MRI_US_Biopsy\prostate_mri_us_biopsy\Prostate-MRI-US-Biopsy-0494\37524\55671\5b4d7aed-9685-4c71-8c64-f76d9b30223d.dcm,True,,,,0.0,,,0.0,,,0.0,
C:\Users\Gajendra\Desktop\D3_MONAI\Datasets\TCIA_IDC_Prostate_MRI_US_Biopsy\prostate_mri_us_biopsy\Prostate-MRI-US-Biopsy-0495\35643\05432\df81aeca-f4c9-4ac6-bfd1-f90b7a73de0c.dcm,True,,,,0.0,,,0.0,,,0.0,
C:\Users\Gajendra\Desktop\D3_MONAI\Datasets\TCIA_IDC_Prostate_MRI_US_Biopsy\prostate_mri_us_biopsy\Prostate-MRI-US-Biopsy-0496\46571\38352\ad60c38c-69c9-4fb2-992c-045680adff63.dcm,True,,,,0.0,,,0.0,,,0.0,
C:\Users\Gajendra\Desktop\D3_MONAI\Datasets\TCIA_IDC_Prostate_MRI_US_Biopsy\prostate_mri_us_biopsy\Prostate-MRI-US-Biopsy-0496\65318\87911\876ed9ba-9aa1-40ca-8604-ffbfc7c0b0f8.dcm,True,,,,0.0,,,0.0,,,0.0,
C:\Users\Gajendra\Desktop\D3_MONAI\Datasets\TCIA_IDC_Prostate_MRI_US_Biopsy\prostate_mri_us_biopsy\Prostate-MRI-US-Biopsy-0497\10434\29515\e4843012-4a93-4e7d-9616-7bcd84083aa5.dcm,True,,,,0.0,,,0.0,,,0.0,
C:\Users\Gajendra\Desktop\D3_MONAI\Datasets\TCIA_IDC_Prostate_MRI_US_Biopsy\prostate_mri_us_biopsy\Prostate-MRI-US-Biopsy-0497\70196\16940\b94729ce-b58b-42a1-b7f0-a30b9ffcf2e7.dcm,True,,,,0.0,,,0.0,,,0.0,
C:\Users\Gajendra\Desktop\D3_MONAI\Datasets\TCIA_IDC_Prostate_MRI_US_Biopsy\prostate_mri_us_biopsy\Prostate-MRI-US-Biopsy-0498\15489\46995\2c848c18-f18b-449f-9049-235a32359ccf.dcm,True,,,,0.0,,,0.0,,,0.0,
C:\Users\Gajendra\Desktop\D3_MONAI\Datasets\TCIA_IDC_Prostate_MRI_US_Biopsy\prostate_mri_us_biopsy\Prostate-MRI-US-Biopsy-0499\66540\00120\41a788dc-c429-4691-b479-5502a5241fa0.dcm,True,,,,0.0,,,0.0,,,0.0,
C:\Users\Gajendra\Desktop\D3_MONAI\Datasets\TCIA_IDC_Prostate_MRI_US_Biopsy\prostate_mri_us_biopsy\Prostate-MRI-US-Biopsy-0500\76880\03876\755bcfc3-b276-483b-a821-2f9a309b37db.dcm,True,,,,0.0,,,0.0,,,0.0,
C:\Users\Gajendra\Desktop\D3_MONAI\Datasets\TCIA_IDC_Prostate_MRI_US_Biopsy\prostate_mri_us_biopsy\Prostate-MRI-US-Biopsy-0501\35240\24975\75a4affd-fd80-428a-ae26-37482aab26e9.dcm,True,,,,0.0,,,0.0,,,0.0,
C:\Users\Gajendra\Desktop\D3_MONAI\Datasets\TCIA_IDC_Prostate_MRI_US_Biopsy\prostate_mri_us_biopsy\Prostate-MRI-US-Biopsy-0501\35626\21806\d703c653-8446-4053-a1c6-af9dc772f8a2.dcm,True,,,,0.0,,,0.0,,,0.0,
C:\Users\Gajendra\Desktop\D3_MONAI\Datasets\TCIA_IDC_Prostate_MRI_US_Biopsy\prostate_mri_us_biopsy\Prostate-MRI-US-Biopsy-0501\57569\90336\fb3db8e8-e2ad-4a0d-9ea2-e41dfa29781b.dcm,True,,,,0.0,,,0.0,,,0.0,
C:\Users\Gajendra\Desktop\D3_MONAI\Datasets\TCIA_IDC_Prostate_MRI_US_Biopsy\prostate_mri_us_biopsy\Prostate-MRI-US-Biopsy-0501\77062\88935\f417c195-ff23-4fcc-8d72-4998ff5a5e80.dcm,True,,,,0.0,,,0.0,,,0.0,
C:\Users\Gajendra\Desktop\D3_MONAI\Datasets\TCIA_IDC_Prostate_MRI_US_Biopsy\prostate_mri_us_biopsy\Prostate-MRI-US-Biopsy-0502\04891\64610\4f50bf0d-d83b-409f-86ce-5e13c7ea4b18.dcm,True,,,,0.0,,,0.0,,,0.0,
C:\Users\Gajendra\Desktop\D3_MONAI\Datasets\TCIA_IDC_Prostate_MRI_US_Biopsy\prostate_mri_us_biopsy\Prostate-MRI-US-Biopsy-0503\91523\30176\7a8646cf-a168-4615-af7f-6fa854e6f0dc.dcm,True,,,,0.0,,,0.0,,,0.0,
C:\Users\Gajendra\Desktop\D3_MONAI\Datasets\TCIA_IDC_Prostate_MRI_US_Biopsy\prostate_mri_us_biopsy\Prostate-MRI-US-Biopsy-0504\09922\55819\1dc7c661-7f02-4aa9-9fd0-cbf59fa3431d.dcm,True,,,,0.0,,,0.0,,,0.0,
C:\Users\Gajendra\Desktop\D3_MONAI\Datasets\TCIA_IDC_Prostate_MRI_US_Biopsy\prostate_mri_us_biopsy\Prostate-MRI-US-Biopsy-0505\61113\14638\2c22b2c4-6c61-4649-bfc7-abb50005d3c9.dcm,True,,,,0.0,,,0.0,,,0.0,
C:\Users\Gajendra\Desktop\D3_MONAI\Datasets\TCIA_IDC_Prostate_MRI_US_Biopsy\prostate_mri_us_biopsy\Prostate-MRI-US-Biopsy-0506\09666\27745\e273e655-5c51-4bca-9207-1e1442054f1d.dcm,True,,,,0.0,,,0.0,,,0.0,
C:\Users\Gajendra\Desktop\D3_MONAI\Datasets\TCIA_IDC_Prostate_MRI_US_Biopsy\prostate_mri_us_biopsy\Prostate-MRI-US-Biopsy-0507\23640\80712\787cecbe-4a4b-4c4e-8013-3cd0a15d461c.dcm,True,,,,0.0,,,0.0,,,0.0,
C:\Users\Gajendra\Desktop\D3_MONAI\Datasets\TCIA_IDC_Prostate_MRI_US_Biopsy\prostate_mri_us_biopsy\Prostate-MRI-US-Biopsy-0507\61737\96715\56245d73-d7ab-40fe-b723-d06373b90488.dcm,True,,,,0.0,,,0.0,,,0.0,
C:\Users\Gajendra\Desktop\D3_MONAI\Datasets\TCIA_IDC_Prostate_MRI_US_Biopsy\prostate_mri_us_biopsy\Prostate-MRI-US-Biopsy-0507\95601\70723\2509abc3-713c-489b-af41-067977458b0a.dcm,True,,,,0.0,,,0.0,,,0.0,
C:\Users\Gajendra\Desktop\D3_MONAI\Datasets\TCIA_IDC_Prostate_MRI_US_Biopsy\prostate_mri_us_biopsy\Prostate-MRI-US-Biopsy-0507\98906\24196\bcb87c8f-f845-4c0f-9b7b-a292de5760cb.dcm,True,,,,0.0,,,0.0,,,0.0,
C:\Users\Gajendra\Desktop\D3_MONAI\Datasets\TCIA_IDC_Prostate_MRI_US_Biopsy\prostate_mri_us_biopsy\Prostate-MRI-US-Biopsy-0508\97800\17521\ceb811dc-6345-4345-b422-00d07d0d5d8c.dcm,True,,,,0.0,,,0.0,,,0.0,
C:\Users\Gajendra\Desktop\D3_MONAI\Datasets\TCIA_IDC_Prostate_MRI_US_Biopsy\prostate_mri_us_biopsy\Prostate-MRI-US-Biopsy-0509\60467\98597\c4b89106-8c1d-4630-ae5f-23137c01be38.dcm,True,,,,0.0,,,0.0,,,0.0,
C:\Users\Gajendra\Desktop\D3_MONAI\Datasets\TCIA_IDC_Prostate_MRI_US_Biopsy\prostate_mri_us_biopsy\Prostate-MRI-US-Biopsy-0509\80791\28159\4914ce6b-9f93-4380-b85c-532f551be4be.dcm,True,,,,0.0,,,0.0,,,0.0,
C:\Users\Gajendra\Desktop\D3_MONAI\Datasets\TCIA_IDC_Prostate_MRI_US_Biopsy\prostate_mri_us_biopsy\Prostate-MRI-US-Biopsy-0510\49312\20099\8880073a-ea26-41d3-b3e3-7c24505eddcb.dcm,True,,,,0.0,,,0.0,,,0.0,
C:\Users\Gajendra\Desktop\D3_MONAI\Datasets\TCIA_IDC_Prostate_MRI_US_Biopsy\prostate_mri_us_biopsy\Prostate-MRI-US-Biopsy-0510\59990\71657\4fa04647-3169-4472-b86e-20022bbc87a0.dcm,True,,,,0.0,,,0.0,,,0.0,
C:\Users\Gajendra\Desktop\D3_MONAI\Datasets\TCIA_IDC_Prostate_MRI_US_Biopsy\prostate_mri_us_biopsy\Prostate-MRI-US-Biopsy-0511\01102\83039\a6941a77-211d-4099-b6f7-e541be17b302.dcm,True,,,,0.0,,,0.0,,,0.0,
C:\Users\Gajendra\Desktop\D3_MONAI\Datasets\TCIA_IDC_Prostate_MRI_US_Biopsy\prostate_mri_us_biopsy\Prostate-MRI-US-Biopsy-0511\24874\79123\71ebe9e5-07c9-454f-9ed8-5802160f090b.dcm,True,,,,0.0,,,0.0,,,0.0,
C:\Users\Gajendra\Desktop\D3_MONAI\Datasets\TCIA_IDC_Prostate_MRI_US_Biopsy\prostate_mri_us_biopsy\Prostate-MRI-US-Biopsy-0511\90647\69166\912a65bf-2c47-4865-96f2-fc6bd4ed10d5.dcm,True,,,,0.0,,,0.0,,,0.0,
C:\Users\Gajendra\Desktop\D3_MONAI\Datasets\TCIA_IDC_Prostate_MRI_US_Biopsy\prostate_mri_us_biopsy\Prostate-MRI-US-Biopsy-0511\98785\71177\93f2be7b-5fd4-4afe-a5cc-bad71d9145f3.dcm,True,,,,0.0,,,0.0,,,0.0,
C:\Users\Gajendra\Desktop\D3_MONAI\Datasets\TCIA_IDC_Prostate_MRI_US_Biopsy\prostate_mri_us_biopsy\Prostate-MRI-US-Biopsy-0512\58835\31099\fd4ff3ce-96a8-4bbe-b893-eecf5c4a0129.dcm,True,,,,0.0,,,0.0,,,0.0,
C:\Users\Gajendra\Desktop\D3_MONAI\Datasets\TCIA_IDC_Prostate_MRI_US_Biopsy\prostate_mri_us_biopsy\Prostate-MRI-US-Biopsy-0512\71931\72887\1249eadb-b585-4478-843f-35d3538aba4c.dcm,True,,,,0.0,,,0.0,,,0.0,
C:\Users\Gajendra\Desktop\D3_MONAI\Datasets\TCIA_IDC_Prostate_MRI_US_Biopsy\prostate_mri_us_biopsy\Prostate-MRI-US-Biopsy-0513\22586\17129\f9c06bfa-adc6-46e6-9c96-b066ddf11fac.dcm,True,,,,0.0,,,0.0,,,0.0,
C:\Users\Gajendra\Desktop\D3_MONAI\Datasets\TCIA_IDC_Prostate_MRI_US_Biopsy\prostate_mri_us_biopsy\Prostate-MRI-US-Biopsy-0514\75872\74897\e59f1f50-8f22-4a71-bcc5-8dab3932940c.dcm,True,,,,0.0,,,0.0,,,0.0,
C:\Users\Gajendra\Desktop\D3_MONAI\Datasets\TCIA_IDC_Prostate_MRI_US_Biopsy\prostate_mri_us_biopsy\Prostate-MRI-US-Biopsy-0515\26290\92698\54219dfc-ddde-4322-b757-0da82eea90c2.dcm,True,,,,0.0,,,0.0,,,0.0,
C:\Users\Gajendra\Desktop\D3_MONAI\Datasets\TCIA_IDC_Prostate_MRI_US_Biopsy\prostate_mri_us_biopsy\Prostate-MRI-US-Biopsy-0515\49539\82026\d80a5bfd-bce3-43ea-b0b1-c4986ee59fbc.dcm,True,,,,0.0,,,0.0,,,0.0,
C:\Users\Gajendra\Desktop\D3_MONAI\Datasets\TCIA_IDC_Prostate_MRI_US_Biopsy\prostate_mri_us_biopsy\Prostate-MRI-US-Biopsy-0516\42365\70520\d0c56670-3e8b-4310-ba83-e50e326f8fea.dcm,True,,,,0.0,,,0.0,,,0.0,
C:\Users\Gajendra\Desktop\D3_MONAI\Datasets\TCIA_IDC_Prostate_MRI_US_Biopsy\prostate_mri_us_biopsy\Prostate-MRI-US-Biopsy-0516\70960\09021\f8ceabea-ad85-4ca0-8f23-83f03aed94de.dcm,True,,,,0.0,,,0.0,,,0.0,
C:\Users\Gajendra\Desktop\D3_MONAI\Datasets\TCIA_IDC_Prostate_MRI_US_Biopsy\prostate_mri_us_biopsy\Prostate-MRI-US-Biopsy-0516\82971\83125\60c46361-e69f-431b-abb2-a19c31bb1069.dcm,True,,,,0.0,,,0.0,,,0.0,
C:\Users\Gajendra\Desktop\D3_MONAI\Datasets\TCIA_IDC_Prostate_MRI_US_Biopsy\prostate_mri_us_biopsy\Prostate-MRI-US-Biopsy-0517\02798\02597\36a4dec8-fa62-4b32-8b9f-0255be665815.dcm,True,,,,0.0,,,0.0,,,0.0,
C:\Users\Gajendra\Desktop\D3_MONAI\Datasets\TCIA_IDC_Prostate_MRI_US_Biopsy\prostate_mri_us_biopsy\Prostate-MRI-US-Biopsy-0517\09992\03481\424ce9e8-f8c3-4b66-b25b-038d1b98c308.dcm,True,,,,0.0,,,0.0,,,0.0,
C:\Users\Gajendra\Desktop\D3_MONAI\Datasets\TCIA_IDC_Prostate_MRI_US_Biopsy\prostate_mri_us_biopsy\Prostate-MRI-US-Biopsy-0517\42413\79930\ecc34ef6-a7cf-4f05-b1e3-d4bc77fb26d2.dcm,True,,,,0.0,,,0.0,,,0.0,
C:\Users\Gajendra\Desktop\D3_MONAI\Datasets\TCIA_IDC_Prostate_MRI_US_Biopsy\prostate_mri_us_biopsy\Prostate-MRI-US-Biopsy-0517\85861\11969\833f7036-ad9c-4b97-8bc4-1b65b2574042.dcm,True,,,,0.0,,,0.0,,,0.0,
C:\Users\Gajendra\Desktop\D3_MONAI\Datasets\TCIA_IDC_Prostate_MRI_US_Biopsy\prostate_mri_us_biopsy\Prostate-MRI-US-Biopsy-0518\01513\28595\cfd915ec-a50f-49c6-b03b-7f0b2cbc4ada.dcm,True,,,,0.0,,,0.0,,,0.0,
C:\Users\Gajendra\Desktop\D3_MONAI\Datasets\TCIA_IDC_Prostate_MRI_US_Biopsy\prostate_mri_us_biopsy\Prostate-MRI-US-Biopsy-0519\42789\17859\77dc8a67-969b-4cbc-8df0-29318d0a6bc1.dcm,True,,,,0.0,,,0.0,,,0.0,
C:\Users\Gajendra\Desktop\D3_MONAI\Datasets\TCIA_IDC_Prostate_MRI_US_Biopsy\prostate_mri_us_biopsy\Prostate-MRI-US-Biopsy-0519\76516\29463\2afd561c-fbca-4dcc-a22e-84e725f3612d.dcm,True,,,,0.0,,,0.0,,,0.0,
C:\Users\Gajendra\Desktop\D3_MONAI\Datasets\TCIA_IDC_Prostate_MRI_US_Biopsy\prostate_mri_us_biopsy\Prostate-MRI-US-Biopsy-0520\76657\84728\e860a13e-5ed4-475f-894d-0af0c39cfc37.dcm,True,,,,0.0,,,0.0,,,0.0,
C:\Users\Gajendra\Desktop\D3_MONAI\Datasets\TCIA_IDC_Prostate_MRI_US_Biopsy\prostate_mri_us_biopsy\Prostate-MRI-US-Biopsy-0521\29064\12539\ecfc619e-14c9-479b-83a9-076fe96f52db.dcm,True,,,,0.0,,,0.0,,,0.0,
C:\Users\Gajendra\Desktop\D3_MONAI\Datasets\TCIA_IDC_Prostate_MRI_US_Biopsy\prostate_mri_us_biopsy\Prostate-MRI-US-Biopsy-0521\53201\38319\567470fc-200d-4840-80de-e3bb9f656dd4.dcm,True,,,,0.0,,,0.0,,,0.0,
C:\Users\Gajendra\Desktop\D3_MONAI\Datasets\TCIA_IDC_Prostate_MRI_US_Biopsy\prostate_mri_us_biopsy\Prostate-MRI-US-Biopsy-0521\58648\30043\df49f2b5-078c-4bc3-8001-1e287dd3396d.dcm,True,,,,0.0,,,0.0,,,0.0,
C:\Users\Gajendra\Desktop\D3_MONAI\Datasets\TCIA_IDC_Prostate_MRI_US_Biopsy\prostate_mri_us_biopsy\Prostate-MRI-US-Biopsy-0522\43867\97918\cf6e6d7b-c16a-4d29-a8a8-0830aec9925d.dcm,True,,,,0.0,,,0.0,,,0.0,
C:\Users\Gajendra\Desktop\D3_MONAI\Datasets\TCIA_IDC_Prostate_MRI_US_Biopsy\prostate_mri_us_biopsy\Prostate-MRI-US-Biopsy-0522\57696\27127\5b838c54-1d75-4f45-9d33-bd208a943a98.dcm,True,,,,0.0,,,0.0,,,0.0,
C:\Users\Gajendra\Desktop\D3_MONAI\Datasets\TCIA_IDC_Prostate_MRI_US_Biopsy\prostate_mri_us_biopsy\Prostate-MRI-US-Biopsy-0523\30894\22144\e9e8720a-f15c-46be-9cb7-9e45fbb49ffb.dcm,True,,,,0.0,,,0.0,,,0.0,
C:\Users\Gajendra\Desktop\D3_MONAI\Datasets\TCIA_IDC_Prostate_MRI_US_Biopsy\prostate_mri_us_biopsy\Prostate-MRI-US-Biopsy-0523\34656\36524\0e52e929-0120-45ab-b13c-d735b499a598.dcm,True,,,,0.0,,,0.0,,,0.0,
C:\Users\Gajendra\Desktop\D3_MONAI\Datasets\TCIA_IDC_Prostate_MRI_US_Biopsy\prostate_mri_us_biopsy\Prostate-MRI-US-Biopsy-0523\40355\79733\bc134e89-516c-493e-be2e-3bd305dfea24.dcm,True,,,,0.0,,,0.0,,,0.0,
C:\Users\Gajendra\Desktop\D3_MONAI\Datasets\TCIA_IDC_Prostate_MRI_US_Biopsy\prostate_mri_us_biopsy\Prostate-MRI-US-Biopsy-0523\56758\61633\7a9ccaf6-7ae9-4b15-b379-302ae9428130.dcm,True,,,,0.0,,,0.0,,,0.0,
C:\Users\Gajendra\Desktop\D3_MONAI\Datasets\TCIA_IDC_Prostate_MRI_US_Biopsy\prostate_mri_us_biopsy\Prostate-MRI-US-Biopsy-0523\75382\70429\1ca2d3da-f174-422a-a623-9a74eda0f878.dcm,True,,,,0.0,,,0.0,,,0.0,
C:\Users\Gajendra\Desktop\D3_MONAI\Datasets\TCIA_IDC_Prostate_MRI_US_Biopsy\prostate_mri_us_biopsy\Prostate-MRI-US-Biopsy-0524\25339\22143\c3b30f1a-c706-46b9-b4ba-47c5d934e051.dcm,True,,,,0.0,,,0.0,,,0.0,
C:\Users\Gajendra\Desktop\D3_MONAI\Datasets\TCIA_IDC_Prostate_MRI_US_Biopsy\prostate_mri_us_biopsy\Prostate-MRI-US-Biopsy-0525\11775\34416\d8b5a065-959b-4de3-afbb-4e9ba63de229.dcm,True,,,,0.0,,,0.0,,,0.0,
C:\Users\Gajendra\Desktop\D3_MONAI\Datasets\TCIA_IDC_Prostate_MRI_US_Biopsy\prostate_mri_us_biopsy\Prostate-MRI-US-Biopsy-0525\39969\52174\0f106879-b323-4303-9f75-6d6d7f8d797c.dcm,True,,,,0.0,,,0.0,,,0.0,
C:\Users\Gajendra\Desktop\D3_MONAI\Datasets\TCIA_IDC_Prostate_MRI_US_Biopsy\prostate_mri_us_biopsy\Prostate-MRI-US-Biopsy-0525\70895\96847\07d3352c-3ea7-4c74-96da-588459b14380.dcm,True,,,,0.0,,,0.0,,,0.0,
C:\Users\Gajendra\Desktop\D3_MONAI\Datasets\TCIA_IDC_Prostate_MRI_US_Biopsy\prostate_mri_us_biopsy\Prostate-MRI-US-Biopsy-0525\98724\03902\0e3b6e57-1683-4b45-8f97-487fd1db76ba.dcm,True,,,,0.0,,,0.0,,,0.0,
C:\Users\Gajendra\Desktop\D3_MONAI\Datasets\TCIA_IDC_Prostate_MRI_US_Biopsy\prostate_mri_us_biopsy\Prostate-MRI-US-Biopsy-0526\11370\99304\09306db8-4f99-496e-93e4-f95279fb26cf.dcm,True,,,,0.0,,,0.0,,,0.0,
C:\Users\Gajendra\Desktop\D3_MONAI\Datasets\TCIA_IDC_Prostate_MRI_US_Biopsy\prostate_mri_us_biopsy\Prostate-MRI-US-Biopsy-0527\29592\59187\6f72edff-e21a-422f-85b7-58e60fcac990.dcm,True,,,,0.0,,,0.0,,,0.0,
C:\Users\Gajendra\Desktop\D3_MONAI\Datasets\TCIA_IDC_Prostate_MRI_US_Biopsy\prostate_mri_us_biopsy\Prostate-MRI-US-Biopsy-0528\30069\08248\0e5e57bd-6e1f-46ea-b691-251408da7f51.dcm,True,,,,0.0,,,0.0,,,0.0,
C:\Users\Gajendra\Desktop\D3_MONAI\Datasets\TCIA_IDC_Prostate_MRI_US_Biopsy\prostate_mri_us_biopsy\Prostate-MRI-US-Biopsy-0528\52719\92268\4f970ff4-9d86-46b4-b82f-db48264c94f6.dcm,True,,,,0.0,,,0.0,,,0.0,
C:\Users\Gajendra\Desktop\D3_MONAI\Datasets\TCIA_IDC_Prostate_MRI_US_Biopsy\prostate_mri_us_biopsy\Prostate-MRI-US-Biopsy-0529\11519\75299\343ecb93-8cbe-4d8a-92e1-d93cb4172697.dcm,True,,,,0.0,,,0.0,,,0.0,
C:\Users\Gajendra\Desktop\D3_MONAI\Datasets\TCIA_IDC_Prostate_MRI_US_Biopsy\prostate_mri_us_biopsy\Prostate-MRI-US-Biopsy-0529\18082\52583\51380310-e530-4a5f-88db-e28ae23482f0.dcm,True,,,,0.0,,,0.0,,,0.0,
C:\Users\Gajendra\Desktop\D3_MONAI\Datasets\TCIA_IDC_Prostate_MRI_US_Biopsy\prostate_mri_us_biopsy\Prostate-MRI-US-Biopsy-0529\20841\16123\69a16ec1-ea90-4176-891b-07962e36ab55.dcm,True,,,,0.0,,,0.0,,,0.0,
C:\Users\Gajendra\Desktop\D3_MONAI\Datasets\TCIA_IDC_Prostate_MRI_US_Biopsy\prostate_mri_us_biopsy\Prostate-MRI-US-Biopsy-0529\75291\12768\71fba6ea-3073-424c-81d5-98a767b83de2.dcm,True,,,,0.0,,,0.0,,,0.0,
C:\Users\Gajendra\Desktop\D3_MONAI\Datasets\TCIA_IDC_Prostate_MRI_US_Biopsy\prostate_mri_us_biopsy\Prostate-MRI-US-Biopsy-0530\86137\02526\ece27fbd-35ab-4745-96e6-4ebbc8e33bc9.dcm,True,,,,0.0,,,0.0,,,0.0,
C:\Users\Gajendra\Desktop\D3_MONAI\Datasets\TCIA_IDC_Prostate_MRI_US_Biopsy\prostate_mri_us_biopsy\Prostate-MRI-US-Biopsy-0531\03777\22559\11177b71-2c51-4ab2-ae66-d4346aa1ec56.dcm,True,,,,0.0,,,0.0,,,0.0,
C:\Users\Gajendra\Desktop\D3_MONAI\Datasets\TCIA_IDC_Prostate_MRI_US_Biopsy\prostate_mri_us_biopsy\Prostate-MRI-US-Biopsy-0531\77806\42771\831a8aeb-a07f-42ee-bf9a-39da752d964c.dcm,True,,,,0.0,,,0.0,,,0.0,
C:\Users\Gajendra\Desktop\D3_MONAI\Datasets\TCIA_IDC_Prostate_MRI_US_Biopsy\prostate_mri_us_biopsy\Prostate-MRI-US-Biopsy-0531\91184\14790\241fc2ee-a6bd-4723-b20d-983a4840aa7f.dcm,True,,,,0.0,,,0.0,,,0.0,
C:\Users\Gajendra\Desktop\D3_MONAI\Datasets\TCIA_IDC_Prostate_MRI_US_Biopsy\prostate_mri_us_biopsy\Prostate-MRI-US-Biopsy-0532\48066\92843\826cd9ab-bd1e-4587-954a-0d69c8609b5b.dcm,True,,,,0.0,,,0.0,,,0.0,
C:\Users\Gajendra\Desktop\D3_MONAI\Datasets\TCIA_IDC_Prostate_MRI_US_Biopsy\prostate_mri_us_biopsy\Prostate-MRI-US-Biopsy-0533\45774\89476\dff6c6d1-6585-4fba-b08d-a6084d286bd6.dcm,True,,,,0.0,,,0.0,,,0.0,
C:\Users\Gajendra\Desktop\D3_MONAI\Datasets\TCIA_IDC_Prostate_MRI_US_Biopsy\prostate_mri_us_biopsy\Prostate-MRI-US-Biopsy-0534\10687\88934\39283698-0dca-49bc-9cb2-28e980402045.dcm,True,,,,0.0,,,0.0,,,0.0,
C:\Users\Gajendra\Desktop\D3_MONAI\Datasets\TCIA_IDC_Prostate_MRI_US_Biopsy\prostate_mri_us_biopsy\Prostate-MRI-US-Biopsy-0534\85888\30014\8b41efe0-64f6-47a8-bc6a-e8f414a4e2f9.dcm,True,,,,0.0,,,0.0,,,0.0,
C:\Users\Gajendra\Desktop\D3_MONAI\Datasets\TCIA_IDC_Prostate_MRI_US_Biopsy\prostate_mri_us_biopsy\Prostate-MRI-US-Biopsy-0535\13832\08757\0a4715da-bb2b-4c70-ac9b-3b930b7e6376.dcm,True,,,,0.0,,,0.0,,,0.0,
C:\Users\Gajendra\Desktop\D3_MONAI\Datasets\TCIA_IDC_Prostate_MRI_US_Biopsy\prostate_mri_us_biopsy\Prostate-MRI-US-Biopsy-0536\43211\55633\53612a82-ac1a-4584-9a16-7930c01aa2b1.dcm,True,,,,0.0,,,0.0,,,0.0,
C:\Users\Gajendra\Desktop\D3_MONAI\Datasets\TCIA_IDC_Prostate_MRI_US_Biopsy\prostate_mri_us_biopsy\Prostate-MRI-US-Biopsy-0537\82852\48288\09cc9f41-ca34-459e-b3e8-fb34c661225b.dcm,True,,,,0.0,,,0.0,,,0.0,
C:\Users\Gajendra\Desktop\D3_MONAI\Datasets\TCIA_IDC_Prostate_MRI_US_Biopsy\prostate_mri_us_biopsy\Prostate-MRI-US-Biopsy-0537\93558\46175\728735db-f416-48e4-bc07-202b4ce37cb9.dcm,True,,,,0.0,,,0.0,,,0.0,
C:\Users\Gajendra\Desktop\D3_MONAI\Datasets\TCIA_IDC_Prostate_MRI_US_Biopsy\prostate_mri_us_biopsy\Prostate-MRI-US-Biopsy-0537\96385\13141\d3f7adee-4369-4eeb-931d-af692dcfe19a.dcm,True,,,,0.0,,,0.0,,,0.0,
C:\Users\Gajendra\Desktop\D3_MONAI\Datasets\TCIA_IDC_Prostate_MRI_US_Biopsy\prostate_mri_us_biopsy\Prostate-MRI-US-Biopsy-0538\08912\02129\c7f5dd48-7883-432f-a2a3-fde18b9749ad.dcm,True,,,,0.0,,,0.0,,,0.0,
C:\Users\Gajendra\Desktop\D3_MONAI\Datasets\TCIA_IDC_Prostate_MRI_US_Biopsy\prostate_mri_us_biopsy\Prostate-MRI-US-Biopsy-0539\15577\67820\79f54f28-4adf-4b59-b2c0-56ab18ce8b38.dcm,True,,,,0.0,,,0.0,,,0.0,
C:\Users\Gajendra\Desktop\D3_MONAI\Datasets\TCIA_IDC_Prostate_MRI_US_Biopsy\prostate_mri_us_biopsy\Prostate-MRI-US-Biopsy-0539\73071\31962\11939d88-9950-4fc2-bfde-ddf4da768899.dcm,True,,,,0.0,,,0.0,,,0.0,
C:\Users\Gajendra\Desktop\D3_MONAI\Datasets\TCIA_IDC_Prostate_MRI_US_Biopsy\prostate_mri_us_biopsy\Prostate-MRI-US-Biopsy-0540\22096\11030\fe0c8235-c8b2-43c2-82f8-ee7712c7c9f7.dcm,True,,,,0.0,,,0.0,,,0.0,
C:\Users\Gajendra\Desktop\D3_MONAI\Datasets\TCIA_IDC_Prostate_MRI_US_Biopsy\prostate_mri_us_biopsy\Prostate-MRI-US-Biopsy-0541\97617\68611\49f4a1af-79d0-4eae-8b58-0f1e498d4689.dcm,True,,,,0.0,,,0.0,,,0.0,
C:\Users\Gajendra\Desktop\D3_MONAI\Datasets\TCIA_IDC_Prostate_MRI_US_Biopsy\prostate_mri_us_biopsy\Prostate-MRI-US-Biopsy-0542\00390\32293\6dabaa72-cbba-4f06-88d7-dc33ab342610.dcm,True,,,,0.0,,,0.0,,,0.0,
C:\Users\Gajendra\Desktop\D3_MONAI\Datasets\TCIA_IDC_Prostate_MRI_US_Biopsy\prostate_mri_us_biopsy\Prostate-MRI-US-Biopsy-0542\19031\73905\837e280c-4613-4173-9f5c-64b7ff46a000.dcm,True,,,,0.0,,,0.0,,,0.0,
C:\Users\Gajendra\Desktop\D3_MONAI\Datasets\TCIA_IDC_Prostate_MRI_US_Biopsy\prostate_mri_us_biopsy\Prostate-MRI-US-Biopsy-0543\03599\25770\efee04eb-5c8e-473a-9f5b-d27509682912.dcm,True,,,,0.0,,,0.0,,,0.0,
C:\Users\Gajendra\Desktop\D3_MONAI\Datasets\TCIA_IDC_Prostate_MRI_US_Biopsy\prostate_mri_us_biopsy\Prostate-MRI-US-Biopsy-0543\79417\72908\bb2067ae-89d5-4682-9bda-c221566a235f.dcm,True,,,,0.0,,,0.0,,,0.0,
C:\Users\Gajendra\Desktop\D3_MONAI\Datasets\TCIA_IDC_Prostate_MRI_US_Biopsy\prostate_mri_us_biopsy\Prostate-MRI-US-Biopsy-0544\69505\14640\49bff26c-ce8a-41ce-abe7-508fabb5301d.dcm,True,,,,0.0,,,0.0,,,0.0,
C:\Users\Gajendra\Desktop\D3_MONAI\Datasets\TCIA_IDC_Prostate_MRI_US_Biopsy\prostate_mri_us_biopsy\Prostate-MRI-US-Biopsy-0545\17021\05702\33d3d1a5-4d54-4a0c-8c3a-fbabb39d0e6b.dcm,True,,,,0.0,,,0.0,,,0.0,
C:\Users\Gajendra\Desktop\D3_MONAI\Datasets\TCIA_IDC_Prostate_MRI_US_Biopsy\prostate_mri_us_biopsy\Prostate-MRI-US-Biopsy-0545\45634\47738\db5d99b1-6be6-48e5-836e-1a256a855372.dcm,True,,,,0.0,,,0.0,,,0.0,
C:\Users\Gajendra\Desktop\D3_MONAI\Datasets\TCIA_IDC_Prostate_MRI_US_Biopsy\prostate_mri_us_biopsy\Prostate-MRI-US-Biopsy-0546\06679\52691\24a65619-cafd-4c02-a0f6-fed1f6900437.dcm,True,,,,0.0,,,0.0,,,0.0,
C:\Users\Gajendra\Desktop\D3_MONAI\Datasets\TCIA_IDC_Prostate_MRI_US_Biopsy\prostate_mri_us_biopsy\Prostate-MRI-US-Biopsy-0546\23708\77431\cdcb3658-c866-4ddb-b849-802834785092.dcm,True,,,,0.0,,,0.0,,,0.0,
C:\Users\Gajendra\Desktop\D3_MONAI\Datasets\TCIA_IDC_Prostate_MRI_US_Biopsy\prostate_mri_us_biopsy\Prostate-MRI-US-Biopsy-0546\67671\74370\f16b34a1-dd57-4e33-9874-0636c89d075b.dcm,True,,,,0.0,,,0.0,,,0.0,
C:\Users\Gajendra\Desktop\D3_MONAI\Datasets\TCIA_IDC_Prostate_MRI_US_Biopsy\prostate_mri_us_biopsy\Prostate-MRI-US-Biopsy-0547\12901\38805\2ad09a47-e010-4e1e-9dd8-dff127320850.dcm,True,,,,0.0,,,0.0,,,0.0,
C:\Users\Gajendra\Desktop\D3_MONAI\Datasets\TCIA_IDC_Prostate_MRI_US_Biopsy\prostate_mri_us_biopsy\Prostate-MRI-US-Biopsy-0548\03742\84847\886f94c2-8e5c-4fde-a17f-4431ece4af2a.dcm,True,,,,0.0,,,0.0,,,0.0,
C:\Users\Gajendra\Desktop\D3_MONAI\Datasets\TCIA_IDC_Prostate_MRI_US_Biopsy\prostate_mri_us_biopsy\Prostate-MRI-US-Biopsy-0548\64689\76138\2bed070f-751c-43f9-9ef6-61cb2a9d1c1c.dcm,True,,,,0.0,,,0.0,,,0.0,
C:\Users\Gajendra\Desktop\D3_MONAI\Datasets\TCIA_IDC_Prostate_MRI_US_Biopsy\prostate_mri_us_biopsy\Prostate-MRI-US-Biopsy-0548\66236\48338\30028fdc-09ff-4d7e-a3de-f69484d9914f.dcm,True,,,,0.0,,,0.0,,,0.0,
C:\Users\Gajendra\Desktop\D3_MONAI\Datasets\TCIA_IDC_Prostate_MRI_US_Biopsy\prostate_mri_us_biopsy\Prostate-MRI-US-Biopsy-0548\77470\98668\47b4326d-4a55-44fa-b59f-e17b34a0c2bd.dcm,True,,,,0.0,,,0.0,,,0.0,
C:\Users\Gajendra\Desktop\D3_MONAI\Datasets\TCIA_IDC_Prostate_MRI_US_Biopsy\prostate_mri_us_biopsy\Prostate-MRI-US-Biopsy-0549\79877\52205\2b41b645-0fe7-44fa-908b-f9b1f2e7e9b0.dcm,True,,,,0.0,,,0.0,,,0.0,
C:\Users\Gajendra\Desktop\D3_MONAI\Datasets\TCIA_IDC_Prostate_MRI_US_Biopsy\prostate_mri_us_biopsy\Prostate-MRI-US-Biopsy-0549\89822\79043\c8967778-70f5-4110-aadd-1646503cad99.dcm,True,,,,0.0,,,0.0,,,0.0,
C:\Users\Gajendra\Desktop\D3_MONAI\Datasets\TCIA_IDC_Prostate_MRI_US_Biopsy\prostate_mri_us_biopsy\Prostate-MRI-US-Biopsy-0550\31713\43563\934e92cc-1f86-4417-b403-5aa51f0c0ebb.dcm,True,,,,0.0,,,0.0,,,0.0,
C:\Users\Gajendra\Desktop\D3_MONAI\Datasets\TCIA_IDC_Prostate_MRI_US_Biopsy\prostate_mri_us_biopsy\Prostate-MRI-US-Biopsy-0550\99240\32885\8c7698ed-7e5b-42b2-9e57-170b94fd781c.dcm,True,,,,0.0,,,0.0,,,0.0,
C:\Users\Gajendra\Desktop\D3_MONAI\Datasets\TCIA_IDC_Prostate_MRI_US_Biopsy\prostate_mri_us_biopsy\Prostate-MRI-US-Biopsy-0551\23163\09225\65c92471-e88d-4388-971d-dbb04ed08247.dcm,True,,,,0.0,,,0.0,,,0.0,
C:\Users\Gajendra\Desktop\D3_MONAI\Datasets\TCIA_IDC_Prostate_MRI_US_Biopsy\prostate_mri_us_biopsy\Prostate-MRI-US-Biopsy-0551\84197\41092\6ddbf90c-81b2-43ec-b12b-72f15104af7f.dcm,True,,,,0.0,,,0.0,,,0.0,
C:\Users\Gajendra\Desktop\D3_MONAI\Datasets\TCIA_IDC_Prostate_MRI_US_Biopsy\prostate_mri_us_biopsy\Prostate-MRI-US-Biopsy-0551\90238\08513\dbef15e8-8a63-4a77-ad76-d351b29d81ba.dcm,True,,,,0.0,,,0.0,,,0.0,
C:\Users\Gajendra\Desktop\D3_MONAI\Datasets\TCIA_IDC_Prostate_MRI_US_Biopsy\prostate_mri_us_biopsy\Prostate-MRI-US-Biopsy-0552\76015\34783\260d0331-7e1a-4430-974c-9bf5f1e80d90.dcm,True,,,,0.0,,,0.0,,,0.0,
C:\Users\Gajendra\Desktop\D3_MONAI\Datasets\TCIA_IDC_Prostate_MRI_US_Biopsy\prostate_mri_us_biopsy\Prostate-MRI-US-Biopsy-0553\01591\87627\48154eee-17fa-4ec8-97ac-9638bec4d0f5.dcm,True,,,,0.0,,,0.0,,,0.0,
C:\Users\Gajendra\Desktop\D3_MONAI\Datasets\TCIA_IDC_Prostate_MRI_US_Biopsy\prostate_mri_us_biopsy\Prostate-MRI-US-Biopsy-0553\59562\95302\dab18b61-fccf-4df1-829f-aa53d44293d6.dcm,True,,,,0.0,,,0.0,,,0.0,
C:\Users\Gajendra\Desktop\D3_MONAI\Datasets\TCIA_IDC_Prostate_MRI_US_Biopsy\prostate_mri_us_biopsy\Prostate-MRI-US-Biopsy-0554\83924\58779\088e4cae-0eec-49da-93c8-7e6e4ebb8534.dcm,True,,,,0.0,,,0.0,,,0.0,
C:\Users\Gajendra\Desktop\D3_MONAI\Datasets\TCIA_IDC_Prostate_MRI_US_Biopsy\prostate_mri_us_biopsy\Prostate-MRI-US-Biopsy-0555\41968\63869\2ea0c13d-fd93-402f-aadf-6ee9d1bd8d1d.dcm,True,,,,0.0,,,0.0,,,0.0,
C:\Users\Gajendra\Desktop\D3_MONAI\Datasets\TCIA_IDC_Prostate_MRI_US_Biopsy\prostate_mri_us_biopsy\Prostate-MRI-US-Biopsy-0555\68433\70045\9aa4fe51-291a-4e5a-b4c8-315a4821817e.dcm,True,,,,0.0,,,0.0,,,0.0,
C:\Users\Gajendra\Desktop\D3_MONAI\Datasets\TCIA_IDC_Prostate_MRI_US_Biopsy\prostate_mri_us_biopsy\Prostate-MRI-US-Biopsy-0556\34935\20673\b93c3904-ff0e-43d5-ac2f-21b1f258689d.dcm,True,,,,0.0,,,0.0,,,0.0,
C:\Users\Gajendra\Desktop\D3_MONAI\Datasets\TCIA_IDC_Prostate_MRI_US_Biopsy\prostate_mri_us_biopsy\Prostate-MRI-US-Biopsy-0556\49807\23205\93b1ccd0-3f2f-4fa7-9df7-6d8dc4e69833.dcm,True,,,,0.0,,,0.0,,,0.0,
C:\Users\Gajendra\Desktop\D3_MONAI\Datasets\TCIA_IDC_Prostate_MRI_US_Biopsy\prostate_mri_us_biopsy\Prostate-MRI-US-Biopsy-0557\44424\41533\5ee4dc96-8040-400c-bb4f-660c6e745708.dcm,True,,,,0.0,,,0.0,,,0.0,
C:\Users\Gajendra\Desktop\D3_MONAI\Datasets\TCIA_IDC_Prostate_MRI_US_Biopsy\prostate_mri_us_biopsy\Prostate-MRI-US-Biopsy-0557\74944\92018\43deb4f7-152f-4b3d-9662-5cbe4f20ecc1.dcm,True,,,,0.0,,,0.0,,,0.0,
C:\Users\Gajendra\Desktop\D3_MONAI\Datasets\TCIA_IDC_Prostate_MRI_US_Biopsy\prostate_mri_us_biopsy\Prostate-MRI-US-Biopsy-0558\01120\62734\3148e1cf-de4f-4f7e-8a59-dcd3eb7a54df.dcm,True,,,,0.0,,,0.0,,,0.0,
C:\Users\Gajendra\Desktop\D3_MONAI\Datasets\TCIA_IDC_Prostate_MRI_US_Biopsy\prostate_mri_us_biopsy\Prostate-MRI-US-Biopsy-0558\91337\83353\9d703e10-e78f-4a55-91e0-aeb45c57427c.dcm,True,,,,0.0,,,0.0,,,0.0,
C:\Users\Gajendra\Desktop\D3_MONAI\Datasets\TCIA_IDC_Prostate_MRI_US_Biopsy\prostate_mri_us_biopsy\Prostate-MRI-US-Biopsy-0559\03095\25823\35df0fff-d235-4204-9edc-46c4e7e11830.dcm,True,,,,0.0,,,0.0,,,0.0,
C:\Users\Gajendra\Desktop\D3_MONAI\Datasets\TCIA_IDC_Prostate_MRI_US_Biopsy\prostate_mri_us_biopsy\Prostate-MRI-US-Biopsy-0559\17306\96107\67fa2d60-835f-4cad-aabf-18f5488b19ba.dcm,True,,,,0.0,,,0.0,,,0.0,
C:\Users\Gajendra\Desktop\D3_MONAI\Datasets\TCIA_IDC_Prostate_MRI_US_Biopsy\prostate_mri_us_biopsy\Prostate-MRI-US-Biopsy-0559\42998\53784\8742b956-ef75-492d-b531-5da0e02b76fd.dcm,True,,,,0.0,,,0.0,,,0.0,
C:\Users\Gajendra\Desktop\D3_MONAI\Datasets\TCIA_IDC_Prostate_MRI_US_Biopsy\prostate_mri_us_biopsy\Prostate-MRI-US-Biopsy-0560\98956\64600\3d1517e4-9249-4489-a2f7-b27a3f54e80c.dcm,True,,,,0.0,,,0.0,,,0.0,
C:\Users\Gajendra\Desktop\D3_MONAI\Datasets\TCIA_IDC_Prostate_MRI_US_Biopsy\prostate_mri_us_biopsy\Prostate-MRI-US-Biopsy-0561\17152\50733\003949b0-f30b-4f4d-871c-a228e739c37c.dcm,True,,,,0.0,,,0.0,,,0.0,
C:\Users\Gajendra\Desktop\D3_MONAI\Datasets\TCIA_IDC_Prostate_MRI_US_Biopsy\prostate_mri_us_biopsy\Prostate-MRI-US-Biopsy-0562\63822\73823\fb52121b-2655-4111-b436-1557453a5b62.dcm,True,,,,0.0,,,0.0,,,0.0,
C:\Users\Gajendra\Desktop\D3_MONAI\Datasets\TCIA_IDC_Prostate_MRI_US_Biopsy\prostate_mri_us_biopsy\Prostate-MRI-US-Biopsy-0562\74427\49802\a54d3fa2-f9d1-43cd-98ff-bd4e587e6112.dcm,True,,,,0.0,,,0.0,,,0.0,
C:\Users\Gajendra\Desktop\D3_MONAI\Datasets\TCIA_IDC_Prostate_MRI_US_Biopsy\prostate_mri_us_biopsy\Prostate-MRI-US-Biopsy-0563\67260\56523\3121daf8-54bc-4f7a-84a0-f218c1c264bf.dcm,True,,,,0.0,,,0.0,,,0.0,
C:\Users\Gajendra\Desktop\D3_MONAI\Datasets\TCIA_IDC_Prostate_MRI_US_Biopsy\prostate_mri_us_biopsy\Prostate-MRI-US-Biopsy-0563\72150\80495\90a34637-0802-40e4-a2e3-b68bb1fc0e16.dcm,True,,,,0.0,,,0.0,,,0.0,
C:\Users\Gajendra\Desktop\D3_MONAI\Datasets\TCIA_IDC_Prostate_MRI_US_Biopsy\prostate_mri_us_biopsy\Prostate-MRI-US-Biopsy-0564\92271\55911\ff13c400-0fe6-454c-ac90-69c2b0ca1688.dcm,True,,,,0.0,,,0.0,,,0.0,
C:\Users\Gajendra\Desktop\D3_MONAI\Datasets\TCIA_IDC_Prostate_MRI_US_Biopsy\prostate_mri_us_biopsy\Prostate-MRI-US-Biopsy-0565\18601\95041\8f1118de-8fbf-4c34-9d58-3846b147830c.dcm,True,,,,0.0,,,0.0,,,0.0,
C:\Users\Gajendra\Desktop\D3_MONAI\Datasets\TCIA_IDC_Prostate_MRI_US_Biopsy\prostate_mri_us_biopsy\Prostate-MRI-US-Biopsy-0565\19119\32714\d406cd1e-41a0-41c2-bb11-a74d9390bc17.dcm,True,,,,0.0,,,0.0,,,0.0,
C:\Users\Gajendra\Desktop\D3_MONAI\Datasets\TCIA_IDC_Prostate_MRI_US_Biopsy\prostate_mri_us_biopsy\Prostate-MRI-US-Biopsy-0565\26901\61259\f7e2f768-7e7e-4136-b981-1f1662cbfbf9.dcm,True,,,,0.0,,,0.0,,,0.0,
C:\Users\Gajendra\Desktop\D3_MONAI\Datasets\TCIA_IDC_Prostate_MRI_US_Biopsy\prostate_mri_us_biopsy\Prostate-MRI-US-Biopsy-0566\11577\00495\75f79148-36da-48e4-8510-2ef92b52a4b1.dcm,True,,,,0.0,,,0.0,,,0.0,
C:\Users\Gajendra\Desktop\D3_MONAI\Datasets\TCIA_IDC_Prostate_MRI_US_Biopsy\prostate_mri_us_biopsy\Prostate-MRI-US-Biopsy-0566\82358\16130\fb52fb64-3f7a-4441-9483-6019dd71df7b.dcm,True,,,,0.0,,,0.0,,,0.0,
C:\Users\Gajendra\Desktop\D3_MONAI\Datasets\TCIA_IDC_Prostate_MRI_US_Biopsy\prostate_mri_us_biopsy\Prostate-MRI-US-Biopsy-0567\28510\49248\c94a11ac-0c15-4cfc-8cca-76bc757cd6e0.dcm,True,,,,0.0,,,0.0,,,0.0,
C:\Users\Gajendra\Desktop\D3_MONAI\Datasets\TCIA_IDC_Prostate_MRI_US_Biopsy\prostate_mri_us_biopsy\Prostate-MRI-US-Biopsy-0567\45805\76289\c2272fb1-a426-4b1b-a7ca-633611ee2ba2.dcm,True,,,,0.0,,,0.0,,,0.0,
C:\Users\Gajendra\Desktop\D3_MONAI\Datasets\TCIA_IDC_Prostate_MRI_US_Biopsy\prostate_mri_us_biopsy\Prostate-MRI-US-Biopsy-0568\01573\36381\63ce4bd1-9767-423a-8231-fc9c54289a6b.dcm,True,,,,0.0,,,0.0,,,0.0,
C:\Users\Gajendra\Desktop\D3_MONAI\Datasets\TCIA_IDC_Prostate_MRI_US_Biopsy\prostate_mri_us_biopsy\Prostate-MRI-US-Biopsy-0568\08155\38185\52d2c28e-3693-4a53-8b26-6ea3acaa98bc.dcm,True,,,,0.0,,,0.0,,,0.0,
C:\Users\Gajendra\Desktop\D3_MONAI\Datasets\TCIA_IDC_Prostate_MRI_US_Biopsy\prostate_mri_us_biopsy\Prostate-MRI-US-Biopsy-0569\29196\38846\d775416a-ea82-49a4-86f0-1e13fb8ac5f4.dcm,True,,,,0.0,,,0.0,,,0.0,
C:\Users\Gajendra\Desktop\D3_MONAI\Datasets\TCIA_IDC_Prostate_MRI_US_Biopsy\prostate_mri_us_biopsy\Prostate-MRI-US-Biopsy-0569\43399\30968\4c6aa6a0-74e5-4a88-9ea7-58871443be57.dcm,True,,,,0.0,,,0.0,,,0.0,
C:\Users\Gajendra\Desktop\D3_MONAI\Datasets\TCIA_IDC_Prostate_MRI_US_Biopsy\prostate_mri_us_biopsy\Prostate-MRI-US-Biopsy-0570\32872\39601\0cf0d979-a29e-4e51-a73a-91cc380b9ff7.dcm,True,,,,0.0,,,0.0,,,0.0,
C:\Users\Gajendra\Desktop\D3_MONAI\Datasets\TCIA_IDC_Prostate_MRI_US_Biopsy\prostate_mri_us_biopsy\Prostate-MRI-US-Biopsy-0570\64553\73321\f18e23ba-7650-4356-8a63-7ed452b4f2e8.dcm,True,,,,0.0,,,0.0,,,0.0,
C:\Users\Gajendra\Desktop\D3_MONAI\Datasets\TCIA_IDC_Prostate_MRI_US_Biopsy\prostate_mri_us_biopsy\Prostate-MRI-US-Biopsy-0571\28835\74145\0458d507-d76a-498f-9b83-fb80ba364709.dcm,True,,,,0.0,,,0.0,,,0.0,
C:\Users\Gajendra\Desktop\D3_MONAI\Datasets\TCIA_IDC_Prostate_MRI_US_Biopsy\prostate_mri_us_biopsy\Prostate-MRI-US-Biopsy-0571\55835\35884\2d12d0b0-fad2-4600-8192-b08dd26f8abf.dcm,True,,,,0.0,,,0.0,,,0.0,
C:\Users\Gajendra\Desktop\D3_MONAI\Datasets\TCIA_IDC_Prostate_MRI_US_Biopsy\prostate_mri_us_biopsy\Prostate-MRI-US-Biopsy-0571\91225\26353\05dc9de5-6777-47f7-b612-89ebd7e26854.dcm,True,,,,0.0,,,0.0,,,0.0,
C:\Users\Gajendra\Desktop\D3_MONAI\Datasets\TCIA_IDC_Prostate_MRI_US_Biopsy\prostate_mri_us_biopsy\Prostate-MRI-US-Biopsy-0572\12047\65767\fafb074e-7dbc-42b9-b591-b2561a6ff13c.dcm,True,,,,0.0,,,0.0,,,0.0,
C:\Users\Gajendra\Desktop\D3_MONAI\Datasets\TCIA_IDC_Prostate_MRI_US_Biopsy\prostate_mri_us_biopsy\Prostate-MRI-US-Biopsy-0573\08410\83600\f4c13867-b2d0-4779-8045-493ce553ca42.dcm,True,,,,0.0,,,0.0,,,0.0,
C:\Users\Gajendra\Desktop\D3_MONAI\Datasets\TCIA_IDC_Prostate_MRI_US_Biopsy\prostate_mri_us_biopsy\Prostate-MRI-US-Biopsy-0574\34219\53249\12f13402-b21b-4ae1-b9bf-1e67d8412c8f.dcm,True,,,,0.0,,,0.0,,,0.0,
C:\Users\Gajendra\Desktop\D3_MONAI\Datasets\TCIA_IDC_Prostate_MRI_US_Biopsy\prostate_mri_us_biopsy\Prostate-MRI-US-Biopsy-0574\36087\63789\96b3c0de-b39c-406a-93a4-b15cd998984d.dcm,True,,,,0.0,,,0.0,,,0.0,
C:\Users\Gajendra\Desktop\D3_MONAI\Datasets\TCIA_IDC_Prostate_MRI_US_Biopsy\prostate_mri_us_biopsy\Prostate-MRI-US-Biopsy-0574\89471\49071\8d13f3f0-cec4-4f5c-bf7d-a9df2d25c8cc.dcm,True,,,,0.0,,,0.0,,,0.0,
C:\Users\Gajendra\Desktop\D3_MONAI\Datasets\TCIA_IDC_Prostate_MRI_US_Biopsy\prostate_mri_us_biopsy\Prostate-MRI-US-Biopsy-0575\14560\24492\e6b4fb19-2a88-424d-9427-2e09858f4aef.dcm,True,,,,0.0,,,0.0,,,0.0,
C:\Users\Gajendra\Desktop\D3_MONAI\Datasets\TCIA_IDC_Prostate_MRI_US_Biopsy\prostate_mri_us_biopsy\Prostate-MRI-US-Biopsy-0575\51139\47567\d4e7d82c-5277-4983-8e53-95a125428039.dcm,True,,,,0.0,,,0.0,,,0.0,
C:\Users\Gajendra\Desktop\D3_MONAI\Datasets\TCIA_IDC_Prostate_MRI_US_Biopsy\prostate_mri_us_biopsy\Prostate-MRI-US-Biopsy-0576\84843\30907\d6de5694-b819-4193-9f69-300d2c892aac.dcm,True,,,,0.0,,,0.0,,,0.0,
C:\Users\Gajendra\Desktop\D3_MONAI\Datasets\TCIA_IDC_Prostate_MRI_US_Biopsy\prostate_mri_us_biopsy\Prostate-MRI-US-Biopsy-0577\13136\38895\a4f215f8-ed28-4e82-b6e9-251b292142cc.dcm,True,,,,0.0,,,0.0,,,0.0,
C:\Users\Gajendra\Desktop\D3_MONAI\Datasets\TCIA_IDC_Prostate_MRI_US_Biopsy\prostate_mri_us_biopsy\Prostate-MRI-US-Biopsy-0577\31298\23562\782c424c-c8f5-4d57-8db0-55e1d492bacb.dcm,True,,,,0.0,,,0.0,,,0.0,
C:\Users\Gajendra\Desktop\D3_MONAI\Datasets\TCIA_IDC_Prostate_MRI_US_Biopsy\prostate_mri_us_biopsy\Prostate-MRI-US-Biopsy-0577\56327\75538\bd93b50a-e7e2-4834-9d93-9ee8d38a96f8.dcm,True,,,,0.0,,,0.0,,,0.0,
C:\Users\Gajendra\Desktop\D3_MONAI\Datasets\TCIA_IDC_Prostate_MRI_US_Biopsy\prostate_mri_us_biopsy\Prostate-MRI-US-Biopsy-0577\78443\66333\5b1859ef-203f-421e-aa48-ef9e0675d3fc.dcm,True,,,,0.0,,,0.0,,,0.0,
C:\Users\Gajendra\Desktop\D3_MONAI\Datasets\TCIA_IDC_Prostate_MRI_US_Biopsy\prostate_mri_us_biopsy\Prostate-MRI-US-Biopsy-0578\49962\64340\d603370f-c182-4ae2-9534-9c9ba09669da.dcm,True,,,,0.0,,,0.0,,,0.0,
C:\Users\Gajendra\Desktop\D3_MONAI\Datasets\TCIA_IDC_Prostate_MRI_US_Biopsy\prostate_mri_us_biopsy\Prostate-MRI-US-Biopsy-0579\18534\35106\9490ba7c-c1dd-430a-b90f-e39ea75c9cae.dcm,True,,,,0.0,,,0.0,,,0.0,
C:\Users\Gajendra\Desktop\D3_MONAI\Datasets\TCIA_IDC_Prostate_MRI_US_Biopsy\prostate_mri_us_biopsy\Prostate-MRI-US-Biopsy-0579\49446\40845\785d045f-6567-4169-b761-f6eb7aaa3e89.dcm,True,,,,0.0,,,0.0,,,0.0,
C:\Users\Gajendra\Desktop\D3_MONAI\Datasets\TCIA_IDC_Prostate_MRI_US_Biopsy\prostate_mri_us_biopsy\Prostate-MRI-US-Biopsy-0580\38862\97403\c88b5359-3c82-4ae2-aefe-ec61779072ae.dcm,True,,,,0.0,,,0.0,,,0.0,
C:\Users\Gajendra\Desktop\D3_MONAI\Datasets\TCIA_IDC_Prostate_MRI_US_Biopsy\prostate_mri_us_biopsy\Prostate-MRI-US-Biopsy-0581\08958\35188\9bf671e6-58d8-41be-8d6b-a45a18ba0cec.dcm,True,,,,0.0,,,0.0,,,0.0,
C:\Users\Gajendra\Desktop\D3_MONAI\Datasets\TCIA_IDC_Prostate_MRI_US_Biopsy\prostate_mri_us_biopsy\Prostate-MRI-US-Biopsy-0582\32108\20048\8cf35661-6642-4e00-b751-9c0ff3269695.dcm,True,,,,0.0,,,0.0,,,0.0,
C:\Users\Gajendra\Desktop\D3_MONAI\Datasets\TCIA_IDC_Prostate_MRI_US_Biopsy\prostate_mri_us_biopsy\Prostate-MRI-US-Biopsy-0583\52054\56213\59c0bf84-7ba0-43d0-a2b8-4ac90d52cc46.dcm,True,,,,0.0,,,0.0,,,0.0,
C:\Users\Gajendra\Desktop\D3_MONAI\Datasets\TCIA_IDC_Prostate_MRI_US_Biopsy\prostate_mri_us_biopsy\Prostate-MRI-US-Biopsy-0583\97227\30889\74bfa29a-ca7a-43d9-ba8b-bd8522f47275.dcm,True,,,,0.0,,,0.0,,,0.0,
C:\Users\Gajendra\Desktop\D3_MONAI\Datasets\TCIA_IDC_Prostate_MRI_US_Biopsy\prostate_mri_us_biopsy\Prostate-MRI-US-Biopsy-0584\43946\52894\eaa7004e-4326-4c3d-a762-adcecfd2996c.dcm,True,,,,0.0,,,0.0,,,0.0,
C:\Users\Gajendra\Desktop\D3_MONAI\Datasets\TCIA_IDC_Prostate_MRI_US_Biopsy\prostate_mri_us_biopsy\Prostate-MRI-US-Biopsy-0585\02650\66688\cae659cc-3fc5-44cb-b6ee-3c17897568f9.dcm,True,,,,0.0,,,0.0,,,0.0,
C:\Users\Gajendra\Desktop\D3_MONAI\Datasets\TCIA_IDC_Prostate_MRI_US_Biopsy\prostate_mri_us_biopsy\Prostate-MRI-US-Biopsy-0585\03010\98217\9df7bbee-60ad-4f1c-9ced-b5768b091f25.dcm,True,,,,0.0,,,0.0,,,0.0,
C:\Users\Gajendra\Desktop\D3_MONAI\Datasets\TCIA_IDC_Prostate_MRI_US_Biopsy\prostate_mri_us_biopsy\Prostate-MRI-US-Biopsy-0585\37232\25889\a6a58d76-9ac3-4475-9aef-0b949a244f86.dcm,True,,,,0.0,,,0.0,,,0.0,
C:\Users\Gajendra\Desktop\D3_MONAI\Datasets\TCIA_IDC_Prostate_MRI_US_Biopsy\prostate_mri_us_biopsy\Prostate-MRI-US-Biopsy-0585\41779\73095\9c34aa3e-3acd-4fc7-a36e-86a151bfc3c0.dcm,True,,,,0.0,,,0.0,,,0.0,
C:\Users\Gajendra\Desktop\D3_MONAI\Datasets\TCIA_IDC_Prostate_MRI_US_Biopsy\prostate_mri_us_biopsy\Prostate-MRI-US-Biopsy-0586\60298\63353\b3943453-4050-43b4-8bb6-b35ff9561430.dcm,True,,,,0.0,,,0.0,,,0.0,
C:\Users\Gajendra\Desktop\D3_MONAI\Datasets\TCIA_IDC_Prostate_MRI_US_Biopsy\prostate_mri_us_biopsy\Prostate-MRI-US-Biopsy-0586\61697\95021\e4a207e1-179d-4758-aed0-6c9fa18bf563.dcm,True,,,,0.0,,,0.0,,,0.0,
C:\Users\Gajendra\Desktop\D3_MONAI\Datasets\TCIA_IDC_Prostate_MRI_US_Biopsy\prostate_mri_us_biopsy\Prostate-MRI-US-Biopsy-0587\58990\24324\661599f2-adb3-4bd8-aa62-aa470a2df4f1.dcm,True,,,,0.0,,,0.0,,,0.0,
C:\Users\Gajendra\Desktop\D3_MONAI\Datasets\TCIA_IDC_Prostate_MRI_US_Biopsy\prostate_mri_us_biopsy\Prostate-MRI-US-Biopsy-0587\93931\89430\f294d5cf-0233-4774-8938-eedb1ae25e2b.dcm,True,,,,0.0,,,0.0,,,0.0,
C:\Users\Gajendra\Desktop\D3_MONAI\Datasets\TCIA_IDC_Prostate_MRI_US_Biopsy\prostate_mri_us_biopsy\Prostate-MRI-US-Biopsy-0588\08530\78355\958ed15e-b4c1-46cb-8036-37fab2b1c555.dcm,True,,,,0.0,,,0.0,,,0.0,
C:\Users\Gajendra\Desktop\D3_MONAI\Datasets\TCIA_IDC_Prostate_MRI_US_Biopsy\prostate_mri_us_biopsy\Prostate-MRI-US-Biopsy-0588\21575\30931\998fe891-7f60-4bc4-afdb-df6e683d6c3a.dcm,True,,,,0.0,,,0.0,,,0.0,
C:\Users\Gajendra\Desktop\D3_MONAI\Datasets\TCIA_IDC_Prostate_MRI_US_Biopsy\prostate_mri_us_biopsy\Prostate-MRI-US-Biopsy-0588\30614\47339\f161470d-d633-4115-bc7a-1bde07f631fd.dcm,True,,,,0.0,,,0.0,,,0.0,
C:\Users\Gajendra\Desktop\D3_MONAI\Datasets\TCIA_IDC_Prostate_MRI_US_Biopsy\prostate_mri_us_biopsy\Prostate-MRI-US-Biopsy-0589\57853\76995\2ba81fcd-cdd1-4857-88e5-c039d23b4055.dcm,True,,,,0.0,,,0.0,,,0.0,
C:\Users\Gajendra\Desktop\D3_MONAI\Datasets\TCIA_IDC_Prostate_MRI_US_Biopsy\prostate_mri_us_biopsy\Prostate-MRI-US-Biopsy-0590\39304\20291\562bb082-394e-488d-94d9-44581c44c40f.dcm,True,,,,0.0,,,0.0,,,0.0,
C:\Users\Gajendra\Desktop\D3_MONAI\Datasets\TCIA_IDC_Prostate_MRI_US_Biopsy\prostate_mri_us_biopsy\Prostate-MRI-US-Biopsy-0590\50937\96324\f8c8b589-7b84-450d-a022-e785c3f2ac4b.dcm,True,,,,0.0,,,0.0,,,0.0,
C:\Users\Gajendra\Desktop\D3_MONAI\Datasets\TCIA_IDC_Prostate_MRI_US_Biopsy\prostate_mri_us_biopsy\Prostate-MRI-US-Biopsy-0590\71283\46880\ab034531-d2d0-4d3b-8c9d-0d3711aad2f3.dcm,True,,,,0.0,,,0.0,,,0.0,
C:\Users\Gajendra\Desktop\D3_MONAI\Datasets\TCIA_IDC_Prostate_MRI_US_Biopsy\prostate_mri_us_biopsy\Prostate-MRI-US-Biopsy-0591\94951\37013\cd99baf7-9b22-4372-8e7b-5024565e774e.dcm,True,,,,0.0,,,0.0,,,0.0,
C:\Users\Gajendra\Desktop\D3_MONAI\Datasets\TCIA_IDC_Prostate_MRI_US_Biopsy\prostate_mri_us_biopsy\Prostate-MRI-US-Biopsy-0592\08062\13479\5394f868-094a-46df-8ddb-353d8d51c1a3.dcm,True,,,,0.0,,,0.0,,,0.0,
C:\Users\Gajendra\Desktop\D3_MONAI\Datasets\TCIA_IDC_Prostate_MRI_US_Biopsy\prostate_mri_us_biopsy\Prostate-MRI-US-Biopsy-0593\15851\15265\17e30a60-e5c3-4706-85db-ae43c331a972.dcm,True,,,,0.0,,,0.0,,,0.0,
C:\Users\Gajendra\Desktop\D3_MONAI\Datasets\TCIA_IDC_Prostate_MRI_US_Biopsy\prostate_mri_us_biopsy\Prostate-MRI-US-Biopsy-0593\72529\64889\7bd13b5d-d4a2-48ad-ab34-4bafe8856460.dcm,True,,,,0.0,,,0.0,,,0.0,
C:\Users\Gajendra\Desktop\D3_MONAI\Datasets\TCIA_IDC_Prostate_MRI_US_Biopsy\prostate_mri_us_biopsy\Prostate-MRI-US-Biopsy-0594\00187\06004\ad146d26-b81e-4886-8ecf-2d0241a95cf8.dcm,True,,,,0.0,,,0.0,,,0.0,
C:\Users\Gajendra\Desktop\D3_MONAI\Datasets\TCIA_IDC_Prostate_MRI_US_Biopsy\prostate_mri_us_biopsy\Prostate-MRI-US-Biopsy-0594\28711\95493\7ef7b7ae-c1c6-4d3d-90bc-1ff947a2a11e.dcm,True,,,,0.0,,,0.0,,,0.0,
C:\Users\Gajendra\Desktop\D3_MONAI\Datasets\TCIA_IDC_Prostate_MRI_US_Biopsy\prostate_mri_us_biopsy\Prostate-MRI-US-Biopsy-0594\66746\45207\38525047-1927-4d92-8692-34a96c5a86a1.dcm,True,,,,0.0,,,0.0,,,0.0,
C:\Users\Gajendra\Desktop\D3_MONAI\Datasets\TCIA_IDC_Prostate_MRI_US_Biopsy\prostate_mri_us_biopsy\Prostate-MRI-US-Biopsy-0595\30803\87180\f4b809f3-7f0d-4647-9d6d-1a2543395106.dcm,True,,,,0.0,,,0.0,,,0.0,
C:\Users\Gajendra\Desktop\D3_MONAI\Datasets\TCIA_IDC_Prostate_MRI_US_Biopsy\prostate_mri_us_biopsy\Prostate-MRI-US-Biopsy-0596\11629\91762\e5a69487-6b9f-4559-ad2f-3ff6051364c4.dcm,True,,,,0.0,,,0.0,,,0.0,
C:\Users\Gajendra\Desktop\D3_MONAI\Datasets\TCIA_IDC_Prostate_MRI_US_Biopsy\prostate_mri_us_biopsy\Prostate-MRI-US-Biopsy-0596\24413\59949\6f35eef3-69aa-4336-9e48-2f36be8e67af.dcm,True,,,,0.0,,,0.0,,,0.0,
C:\Users\Gajendra\Desktop\D3_MONAI\Datasets\TCIA_IDC_Prostate_MRI_US_Biopsy\prostate_mri_us_biopsy\Prostate-MRI-US-Biopsy-0596\61718\17814\353d9233-ce9f-4bbc-93f0-867bea76c50e.dcm,True,,,,0.0,,,0.0,,,0.0,
C:\Users\Gajendra\Desktop\D3_MONAI\Datasets\TCIA_IDC_Prostate_MRI_US_Biopsy\prostate_mri_us_biopsy\Prostate-MRI-US-Biopsy-0597\28386\24297\0629adb7-ebcb-4813-b9ed-9b4599aa1110.dcm,True,,,,0.0,,,0.0,,,0.0,
C:\Users\Gajendra\Desktop\D3_MONAI\Datasets\TCIA_IDC_Prostate_MRI_US_Biopsy\prostate_mri_us_biopsy\Prostate-MRI-US-Biopsy-0597\44929\09273\2da569f4-620e-4d26-8fc9-abda27d6bf40.dcm,True,,,,0.0,,,0.0,,,0.0,
C:\Users\Gajendra\Desktop\D3_MONAI\Datasets\TCIA_IDC_Prostate_MRI_US_Biopsy\prostate_mri_us_biopsy\Prostate-MRI-US-Biopsy-0597\46428\15347\b1ab0c9b-399f-4b77-b24a-aa3c4072f376.dcm,True,,,,0.0,,,0.0,,,0.0,
C:\Users\Gajendra\Desktop\D3_MONAI\Datasets\TCIA_IDC_Prostate_MRI_US_Biopsy\prostate_mri_us_biopsy\Prostate-MRI-US-Biopsy-0598\49300\50426\3e778407-161d-4560-9138-7bb1690e0952.dcm,True,,,,0.0,,,0.0,,,0.0,
C:\Users\Gajendra\Desktop\D3_MONAI\Datasets\TCIA_IDC_Prostate_MRI_US_Biopsy\prostate_mri_us_biopsy\Prostate-MRI-US-Biopsy-0599\82253\04188\5d789a45-e0eb-4cce-91c1-0b70b889e118.dcm,True,,,,0.0,,,0.0,,,0.0,
C:\Users\Gajendra\Desktop\D3_MONAI\Datasets\TCIA_IDC_Prostate_MRI_US_Biopsy\prostate_mri_us_biopsy\Prostate-MRI-US-Biopsy-0599\98195\15648\3f992266-2909-4a72-b53c-2be641981be8.dcm,True,,,,0.0,,,0.0,,,0.0,
C:\Users\Gajendra\Desktop\D3_MONAI\Datasets\TCIA_IDC_Prostate_MRI_US_Biopsy\prostate_mri_us_biopsy\Prostate-MRI-US-Biopsy-0600\06267\77721\a43bb24b-6c7b-4612-b25d-699a604cafff.dcm,True,,,,0.0,,,0.0,,,0.0,
C:\Users\Gajendra\Desktop\D3_MONAI\Datasets\TCIA_IDC_Prostate_MRI_US_Biopsy\prostate_mri_us_biopsy\Prostate-MRI-US-Biopsy-0601\93507\93289\6722e6ea-00c0-4831-9dec-6422d1ebc016.dcm,True,,,,0.0,,,0.0,,,0.0,
C:\Users\Gajendra\Desktop\D3_MONAI\Datasets\TCIA_IDC_Prostate_MRI_US_Biopsy\prostate_mri_us_biopsy\Prostate-MRI-US-Biopsy-0602\47952\56492\c9d3c481-6ae1-4de9-a891-710f4e0ad93e.dcm,True,,,,0.0,,,0.0,,,0.0,
C:\Users\Gajendra\Desktop\D3_MONAI\Datasets\TCIA_IDC_Prostate_MRI_US_Biopsy\prostate_mri_us_biopsy\Prostate-MRI-US-Biopsy-0602\62690\60294\bb46f29b-3eaf-491e-80f4-7894ce7df49b.dcm,True,,,,0.0,,,0.0,,,0.0,
C:\Users\Gajendra\Desktop\D3_MONAI\Datasets\TCIA_IDC_Prostate_MRI_US_Biopsy\prostate_mri_us_biopsy\Prostate-MRI-US-Biopsy-0603\44572\79123\ae973b30-5e20-490b-9623-0e052e8221c0.dcm,True,,,,0.0,,,0.0,,,0.0,
C:\Users\Gajendra\Desktop\D3_MONAI\Datasets\TCIA_IDC_Prostate_MRI_US_Biopsy\prostate_mri_us_biopsy\Prostate-MRI-US-Biopsy-0604\05572\35159\adcfca7f-56b5-430f-8ee6-ccb40c9c92cb.dcm,True,,,,0.0,,,0.0,,,0.0,
C:\Users\Gajendra\Desktop\D3_MONAI\Datasets\TCIA_IDC_Prostate_MRI_US_Biopsy\prostate_mri_us_biopsy\Prostate-MRI-US-Biopsy-0604\06378\42728\8902ea5f-1c90-4d1d-9aca-ecd5b0cc4446.dcm,True,,,,0.0,,,0.0,,,0.0,
C:\Users\Gajendra\Desktop\D3_MONAI\Datasets\TCIA_IDC_Prostate_MRI_US_Biopsy\prostate_mri_us_biopsy\Prostate-MRI-US-Biopsy-0604\49678\22389\435590cd-e273-459a-b92e-c5a1a334cab0.dcm,True,,,,0.0,,,0.0,,,0.0,
C:\Users\Gajendra\Desktop\D3_MONAI\Datasets\TCIA_IDC_Prostate_MRI_US_Biopsy\prostate_mri_us_biopsy\Prostate-MRI-US-Biopsy-0604\93965\89238\5da755ee-7de8-4687-b0f0-d9ef9df6531a.dcm,True,,,,0.0,,,0.0,,,0.0,
C:\Users\Gajendra\Desktop\D3_MONAI\Datasets\TCIA_IDC_Prostate_MRI_US_Biopsy\prostate_mri_us_biopsy\Prostate-MRI-US-Biopsy-0605\92478\79143\d56270d2-3520-4d0f-a0a7-1e50bd3925e8.dcm,True,,,,0.0,,,0.0,,,0.0,
C:\Users\Gajendra\Desktop\D3_MONAI\Datasets\TCIA_IDC_Prostate_MRI_US_Biopsy\prostate_mri_us_biopsy\Prostate-MRI-US-Biopsy-0606\08194\27858\3044bc2b-c372-45db-87ee-ccca749a015f.dcm,True,,,,0.0,,,0.0,,,0.0,
C:\Users\Gajendra\Desktop\D3_MONAI\Datasets\TCIA_IDC_Prostate_MRI_US_Biopsy\prostate_mri_us_biopsy\Prostate-MRI-US-Biopsy-0607\95377\91732\2c460363-8cd4-4486-8c64-2be6ad9415a0.dcm,True,,,,0.0,,,0.0,,,0.0,
C:\Users\Gajendra\Desktop\D3_MONAI\Datasets\TCIA_IDC_Prostate_MRI_US_Biopsy\prostate_mri_us_biopsy\Prostate-MRI-US-Biopsy-0608\37558\41080\cb134f63-234a-49b4-a387-68691ca12b13.dcm,True,,,,0.0,,,0.0,,,0.0,
C:\Users\Gajendra\Desktop\D3_MONAI\Datasets\TCIA_IDC_Prostate_MRI_US_Biopsy\prostate_mri_us_biopsy\Prostate-MRI-US-Biopsy-0608\58497\97617\4d945893-7ea5-432d-a6df-9c23a57e70a8.dcm,True,,,,0.0,,,0.0,,,0.0,
C:\Users\Gajendra\Desktop\D3_MONAI\Datasets\TCIA_IDC_Prostate_MRI_US_Biopsy\prostate_mri_us_biopsy\Prostate-MRI-US-Biopsy-0609\18385\93984\be185654-c82f-462a-9141-40d78a91f4d1.dcm,True,,,,0.0,,,0.0,,,0.0,
C:\Users\Gajendra\Desktop\D3_MONAI\Datasets\TCIA_IDC_Prostate_MRI_US_Biopsy\prostate_mri_us_biopsy\Prostate-MRI-US-Biopsy-0610\26526\37982\b7ee2fe8-b012-4c3e-8e90-14de22c561b7.dcm,True,,,,0.0,,,0.0,,,0.0,
C:\Users\Gajendra\Desktop\D3_MONAI\Datasets\TCIA_IDC_Prostate_MRI_US_Biopsy\prostate_mri_us_biopsy\Prostate-MRI-US-Biopsy-0610\27092\73003\27327f56-1a05-4a6a-a458-b008d5c85abe.dcm,True,,,,0.0,,,0.0,,,0.0,
C:\Users\Gajendra\Desktop\D3_MONAI\Datasets\TCIA_IDC_Prostate_MRI_US_Biopsy\prostate_mri_us_biopsy\Prostate-MRI-US-Biopsy-0610\64899\26213\ca464f2f-0979-463c-9655-cca715e306f2.dcm,True,,,,0.0,,,0.0,,,0.0,
C:\Users\Gajendra\Desktop\D3_MONAI\Datasets\TCIA_IDC_Prostate_MRI_US_Biopsy\prostate_mri_us_biopsy\Prostate-MRI-US-Biopsy-0610\64929\71511\826bf0f4-5e42-4193-a463-bf05cfa48747.dcm,True,,,,0.0,,,0.0,,,0.0,
C:\Users\Gajendra\Desktop\D3_MONAI\Datasets\TCIA_IDC_Prostate_MRI_US_Biopsy\prostate_mri_us_biopsy\Prostate-MRI-US-Biopsy-0611\73028\30637\12f77e1f-da0c-4125-900d-6f9c6af16eec.dcm,True,,,,0.0,,,0.0,,,0.0,
C:\Users\Gajendra\Desktop\D3_MONAI\Datasets\TCIA_IDC_Prostate_MRI_US_Biopsy\prostate_mri_us_biopsy\Prostate-MRI-US-Biopsy-0612\59099\49900\0b0d68ec-d362-4f26-981b-7b1df2d6db8b.dcm,True,,,,0.0,,,0.0,,,0.0,
C:\Users\Gajendra\Desktop\D3_MONAI\Datasets\TCIA_IDC_Prostate_MRI_US_Biopsy\prostate_mri_us_biopsy\Prostate-MRI-US-Biopsy-0612\94265\95391\241b9ec9-6049-4971-bc68-5212babaf32a.dcm,True,,,,0.0,,,0.0,,,0.0,
C:\Users\Gajendra\Desktop\D3_MONAI\Datasets\TCIA_IDC_Prostate_MRI_US_Biopsy\prostate_mri_us_biopsy\Prostate-MRI-US-Biopsy-0613\04728\24064\b26a88fb-2f94-4971-b9bb-ec675b207ec5.dcm,True,,,,0.0,,,0.0,,,0.0,
C:\Users\Gajendra\Desktop\D3_MONAI\Datasets\TCIA_IDC_Prostate_MRI_US_Biopsy\prostate_mri_us_biopsy\Prostate-MRI-US-Biopsy-0613\84979\38226\ad177be1-f885-4cd3-baee-5fadae2ecede.dcm,True,,,,0.0,,,0.0,,,0.0,
C:\Users\Gajendra\Desktop\D3_MONAI\Datasets\TCIA_IDC_Prostate_MRI_US_Biopsy\prostate_mri_us_biopsy\Prostate-MRI-US-Biopsy-0614\19460\83599\7a7bbf1e-c6e0-4baf-a707-02a0cd22353d.dcm,True,,,,0.0,,,0.0,,,0.0,
C:\Users\Gajendra\Desktop\D3_MONAI\Datasets\TCIA_IDC_Prostate_MRI_US_Biopsy\prostate_mri_us_biopsy\Prostate-MRI-US-Biopsy-0614\42375\79511\2eb418ee-2bda-47a1-aa63-5b14a68c2df8.dcm,True,,,,0.0,,,0.0,,,0.0,
C:\Users\Gajendra\Desktop\D3_MONAI\Datasets\TCIA_IDC_Prostate_MRI_US_Biopsy\prostate_mri_us_biopsy\Prostate-MRI-US-Biopsy-0614\67604\65678\a301d45c-d8b8-485a-8ff7-0405aca8c807.dcm,True,,,,0.0,,,0.0,,,0.0,
C:\Users\Gajendra\Desktop\D3_MONAI\Datasets\TCIA_IDC_Prostate_MRI_US_Biopsy\prostate_mri_us_biopsy\Prostate-MRI-US-Biopsy-0615\59362\90452\b005bf77-f840-4d2b-bd6e-762cddb98cf9.dcm,True,,,,0.0,,,0.0,,,0.0,
C:\Users\Gajendra\Desktop\D3_MONAI\Datasets\TCIA_IDC_Prostate_MRI_US_Biopsy\prostate_mri_us_biopsy\Prostate-MRI-US-Biopsy-0616\84249\21828\270f8cab-282e-40a7-8924-e3b9ff3e2cd2.dcm,True,,,,0.0,,,0.0,,,0.0,
C:\Users\Gajendra\Desktop\D3_MONAI\Datasets\TCIA_IDC_Prostate_MRI_US_Biopsy\prostate_mri_us_biopsy\Prostate-MRI-US-Biopsy-0617\69151\48215\dd3c4afd-367a-4fab-8732-905c569aa145.dcm,True,,,,0.0,,,0.0,,,0.0,
C:\Users\Gajendra\Desktop\D3_MONAI\Datasets\TCIA_IDC_Prostate_MRI_US_Biopsy\prostate_mri_us_biopsy\Prostate-MRI-US-Biopsy-0618\12669\54393\09a9de1b-a311-41cd-9320-99a48cc1668f.dcm,True,,,,0.0,,,0.0,,,0.0,
C:\Users\Gajendra\Desktop\D3_MONAI\Datasets\TCIA_IDC_Prostate_MRI_US_Biopsy\prostate_mri_us_biopsy\Prostate-MRI-US-Biopsy-0619\11373\79564\6521b38c-c013-401f-999c-67b018950f71.dcm,True,,,,0.0,,,0.0,,,0.0,
C:\Users\Gajendra\Desktop\D3_MONAI\Datasets\TCIA_IDC_Prostate_MRI_US_Biopsy\prostate_mri_us_biopsy\Prostate-MRI-US-Biopsy-0619\71542\18475\f643aa5c-1a05-4d17-9d3e-50f2c571596d.dcm,True,,,,0.0,,,0.0,,,0.0,
C:\Users\Gajendra\Desktop\D3_MONAI\Datasets\TCIA_IDC_Prostate_MRI_US_Biopsy\prostate_mri_us_biopsy\Prostate-MRI-US-Biopsy-0619\77824\23733\01df4aed-1e90-41e2-a266-8356fad9ce49.dcm,True,,,,0.0,,,0.0,,,0.0,
C:\Users\Gajendra\Desktop\D3_MONAI\Datasets\TCIA_IDC_Prostate_MRI_US_Biopsy\prostate_mri_us_biopsy\Prostate-MRI-US-Biopsy-0620\35381\79494\b75e1fcf-46cd-4adf-9459-f3aaf9ca64a2.dcm,True,,,,0.0,,,0.0,,,0.0,
C:\Users\Gajendra\Desktop\D3_MONAI\Datasets\TCIA_IDC_Prostate_MRI_US_Biopsy\prostate_mri_us_biopsy\Prostate-MRI-US-Biopsy-0620\76088\76327\7d4557e5-2112-4ea6-b702-0ead7d7db2c5.dcm,True,,,,0.0,,,0.0,,,0.0,
C:\Users\Gajendra\Desktop\D3_MONAI\Datasets\TCIA_IDC_Prostate_MRI_US_Biopsy\prostate_mri_us_biopsy\Prostate-MRI-US-Biopsy-0621\61061\48640\d59d9c78-3e31-4042-b52a-2e15e93ec01f.dcm,True,,,,0.0,,,0.0,,,0.0,
C:\Users\Gajendra\Desktop\D3_MONAI\Datasets\TCIA_IDC_Prostate_MRI_US_Biopsy\prostate_mri_us_biopsy\Prostate-MRI-US-Biopsy-0622\45225\20932\c8c651f7-6156-4520-8598-897c1ee8ebf9.dcm,True,,,,0.0,,,0.0,,,0.0,
C:\Users\Gajendra\Desktop\D3_MONAI\Datasets\TCIA_IDC_Prostate_MRI_US_Biopsy\prostate_mri_us_biopsy\Prostate-MRI-US-Biopsy-0623\30968\43652\ef5302ac-0b83-4e30-b74a-e4bf2d6a4340.dcm,True,,,,0.0,,,0.0,,,0.0,
C:\Users\Gajendra\Desktop\D3_MONAI\Datasets\TCIA_IDC_Prostate_MRI_US_Biopsy\prostate_mri_us_biopsy\Prostate-MRI-US-Biopsy-0624\77499\85801\05434c62-4234-45ee-b4b6-9e881c544739.dcm,True,,,,0.0,,,0.0,,,0.0,
C:\Users\Gajendra\Desktop\D3_MONAI\Datasets\TCIA_IDC_Prostate_MRI_US_Biopsy\prostate_mri_us_biopsy\Prostate-MRI-US-Biopsy-0625\44640\18237\feac10aa-fa3b-4a26-a24b-d8423a909761.dcm,True,,,,0.0,,,0.0,,,0.0,
C:\Users\Gajendra\Desktop\D3_MONAI\Datasets\TCIA_IDC_Prostate_MRI_US_Biopsy\prostate_mri_us_biopsy\Prostate-MRI-US-Biopsy-0626\41260\60076\f10d5eb3-adf6-4fc2-b31a-9de1b1915061.dcm,True,,,,0.0,,,0.0,,,0.0,
C:\Users\Gajendra\Desktop\D3_MONAI\Datasets\TCIA_IDC_Prostate_MRI_US_Biopsy\prostate_mri_us_biopsy\Prostate-MRI-US-Biopsy-0626\75222\58174\cdb52d75-2df3-410c-8521-e6e24702d7b0.dcm,True,,,,0.0,,,0.0,,,0.0,
C:\Users\Gajendra\Desktop\D3_MONAI\Datasets\TCIA_IDC_Prostate_MRI_US_Biopsy\prostate_mri_us_biopsy\Prostate-MRI-US-Biopsy-0627\41481\67199\e1e4f66b-84a4-4dc6-98b9-ccd335056d23.dcm,True,,,,0.0,,,0.0,,,0.0,
C:\Users\Gajendra\Desktop\D3_MONAI\Datasets\TCIA_IDC_Prostate_MRI_US_Biopsy\prostate_mri_us_biopsy\Prostate-MRI-US-Biopsy-0628\80516\63684\562d7af7-36c9-442d-a630-cba1d96dccc2.dcm,True,,,,0.0,,,0.0,,,0.0,
C:\Users\Gajendra\Desktop\D3_MONAI\Datasets\TCIA_IDC_Prostate_MRI_US_Biopsy\prostate_mri_us_biopsy\Prostate-MRI-US-Biopsy-0629\76168\44152\d4388031-0b20-446e-bcab-fb84580c02c4.dcm,True,,,,0.0,,,0.0,,,0.0,
C:\Users\Gajendra\Desktop\D3_MONAI\Datasets\TCIA_IDC_Prostate_MRI_US_Biopsy\prostate_mri_us_biopsy\Prostate-MRI-US-Biopsy-0630\30465\92392\b27f94dc-3f84-443b-a5d2-b59b59a95913.dcm,True,,,,0.0,,,0.0,,,0.0,
C:\Users\Gajendra\Desktop\D3_MONAI\Datasets\TCIA_IDC_Prostate_MRI_US_Biopsy\prostate_mri_us_biopsy\Prostate-MRI-US-Biopsy-0631\11784\46962\dad11fad-6c0c-465f-9652-766f671e96e7.dcm,True,,,,0.0,,,0.0,,,0.0,
C:\Users\Gajendra\Desktop\D3_MONAI\Datasets\TCIA_IDC_Prostate_MRI_US_Biopsy\prostate_mri_us_biopsy\Prostate-MRI-US-Biopsy-0632\44498\55641\79842438-d68a-422b-a863-b6c7000d04ef.dcm,True,,,,0.0,,,0.0,,,0.0,
C:\Users\Gajendra\Desktop\D3_MONAI\Datasets\TCIA_IDC_Prostate_MRI_US_Biopsy\prostate_mri_us_biopsy\Prostate-MRI-US-Biopsy-0632\84646\41185\21a8db45-b3b1-4ec0-b151-04b3ca5de6bf.dcm,True,,,,0.0,,,0.0,,,0.0,
C:\Users\Gajendra\Desktop\D3_MONAI\Datasets\TCIA_IDC_Prostate_MRI_US_Biopsy\prostate_mri_us_biopsy\Prostate-MRI-US-Biopsy-0633\22295\51959\0f42bd0b-b143-4c7b-b044-a6f14af11b14.dcm,True,,,,0.0,,,0.0,,,0.0,
C:\Users\Gajendra\Desktop\D3_MONAI\Datasets\TCIA_IDC_Prostate_MRI_US_Biopsy\prostate_mri_us_biopsy\Prostate-MRI-US-Biopsy-0633\62196\01630\2da1c336-c565-41d4-b0ca-2dd0e34627fa.dcm,True,,,,0.0,,,0.0,,,0.0,
C:\Users\Gajendra\Desktop\D3_MONAI\Datasets\TCIA_IDC_Prostate_MRI_US_Biopsy\prostate_mri_us_biopsy\Prostate-MRI-US-Biopsy-0633\66568\04736\e817bf7e-b989-452e-b58c-3371ef231906.dcm,True,,,,0.0,,,0.0,,,0.0,
C:\Users\Gajendra\Desktop\D3_MONAI\Datasets\TCIA_IDC_Prostate_MRI_US_Biopsy\prostate_mri_us_biopsy\Prostate-MRI-US-Biopsy-0634\44403\34353\68cea36a-1a51-4f9a-acd1-acfe2294b8ef.dcm,True,,,,0.0,,,0.0,,,0.0,
C:\Users\Gajendra\Desktop\D3_MONAI\Datasets\TCIA_IDC_Prostate_MRI_US_Biopsy\prostate_mri_us_biopsy\Prostate-MRI-US-Biopsy-0634\51279\88012\69a7202a-118d-49d0-913e-6504ee9d25f0.dcm,True,,,,0.0,,,0.0,,,0.0,
C:\Users\Gajendra\Desktop\D3_MONAI\Datasets\TCIA_IDC_Prostate_MRI_US_Biopsy\prostate_mri_us_biopsy\Prostate-MRI-US-Biopsy-0635\21544\77935\80b0fe5d-85f6-483a-8b35-6b6ce4f0ccf3.dcm,True,,,,0.0,,,0.0,,,0.0,
C:\Users\Gajendra\Desktop\D3_MONAI\Datasets\TCIA_IDC_Prostate_MRI_US_Biopsy\prostate_mri_us_biopsy\Prostate-MRI-US-Biopsy-0635\50834\47278\9794967f-d72c-48e8-bcf6-054e7fea817c.dcm,True,,,,0.0,,,0.0,,,0.0,
C:\Users\Gajendra\Desktop\D3_MONAI\Datasets\TCIA_IDC_Prostate_MRI_US_Biopsy\prostate_mri_us_biopsy\Prostate-MRI-US-Biopsy-0635\76802\69521\2d03a203-9b7b-413d-88f1-0d576ce2261f.dcm,True,,,,0.0,,,0.0,,,0.0,
C:\Users\Gajendra\Desktop\D3_MONAI\Datasets\TCIA_IDC_Prostate_MRI_US_Biopsy\prostate_mri_us_biopsy\Prostate-MRI-US-Biopsy-0636\22610\71092\69a388cf-c1ec-4b37-8729-773d0fc47f62.dcm,True,,,,0.0,,,0.0,,,0.0,
C:\Users\Gajendra\Desktop\D3_MONAI\Datasets\TCIA_IDC_Prostate_MRI_US_Biopsy\prostate_mri_us_biopsy\Prostate-MRI-US-Biopsy-0636\31462\49712\4f3c6244-7ba9-44f7-83c2-2209adecbf1a.dcm,True,,,,0.0,,,0.0,,,0.0,
C:\Users\Gajendra\Desktop\D3_MONAI\Datasets\TCIA_IDC_Prostate_MRI_US_Biopsy\prostate_mri_us_biopsy\Prostate-MRI-US-Biopsy-0637\02378\26659\2198623a-5841-477f-9e64-100a2bbf1736.dcm,True,,,,0.0,,,0.0,,,0.0,
C:\Users\Gajendra\Desktop\D3_MONAI\Datasets\TCIA_IDC_Prostate_MRI_US_Biopsy\prostate_mri_us_biopsy\Prostate-MRI-US-Biopsy-0638\51530\89353\9b72628f-b282-456b-9ab5-a4927a53a1fe.dcm,True,,,,0.0,,,0.0,,,0.0,
C:\Users\Gajendra\Desktop\D3_MONAI\Datasets\TCIA_IDC_Prostate_MRI_US_Biopsy\prostate_mri_us_biopsy\Prostate-MRI-US-Biopsy-0638\82727\20617\e4dc1970-904f-430e-b500-d3f19605c58e.dcm,True,,,,0.0,,,0.0,,,0.0,
C:\Users\Gajendra\Desktop\D3_MONAI\Datasets\TCIA_IDC_Prostate_MRI_US_Biopsy\prostate_mri_us_biopsy\Prostate-MRI-US-Biopsy-0639\22498\34454\5a6f5aca-19a3-4302-8365-d0296144b282.dcm,True,,,,0.0,,,0.0,,,0.0,
C:\Users\Gajendra\Desktop\D3_MONAI\Datasets\TCIA_IDC_Prostate_MRI_US_Biopsy\prostate_mri_us_biopsy\Prostate-MRI-US-Biopsy-0640\23884\09242\901f6e04-d413-4fb0-929a-ac3e83638bb8.dcm,True,,,,0.0,,,0.0,,,0.0,
C:\Users\Gajendra\Desktop\D3_MONAI\Datasets\TCIA_IDC_Prostate_MRI_US_Biopsy\prostate_mri_us_biopsy\Prostate-MRI-US-Biopsy-0640\29228\18789\4c3e3acb-8e6b-4efc-b80f-021f92ad1296.dcm,True,,,,0.0,,,0.0,,,0.0,
C:\Users\Gajendra\Desktop\D3_MONAI\Datasets\TCIA_IDC_Prostate_MRI_US_Biopsy\prostate_mri_us_biopsy\Prostate-MRI-US-Biopsy-0640\91069\77393\66b186cd-bebd-4aef-b0ec-d5838f737fd1.dcm,True,,,,0.0,,,0.0,,,0.0,
C:\Users\Gajendra\Desktop\D3_MONAI\Datasets\TCIA_IDC_Prostate_MRI_US_Biopsy\prostate_mri_us_biopsy\Prostate-MRI-US-Biopsy-0641\21318\91087\574bf73c-4177-4e8c-9235-09e530f1c7ee.dcm,True,,,,0.0,,,0.0,,,0.0,
C:\Users\Gajendra\Desktop\D3_MONAI\Datasets\TCIA_IDC_Prostate_MRI_US_Biopsy\prostate_mri_us_biopsy\Prostate-MRI-US-Biopsy-0642\14327\89596\d5ac3a61-0814-4fa0-b231-14d6ccd2942a.dcm,True,,,,0.0,,,0.0,,,0.0,
C:\Users\Gajendra\Desktop\D3_MONAI\Datasets\TCIA_IDC_Prostate_MRI_US_Biopsy\prostate_mri_us_biopsy\Prostate-MRI-US-Biopsy-0642\28429\38172\c170d2ce-68de-4587-8af5-a80f4b9020fc.dcm,True,,,,0.0,,,0.0,,,0.0,
C:\Users\Gajendra\Desktop\D3_MONAI\Datasets\TCIA_IDC_Prostate_MRI_US_Biopsy\prostate_mri_us_biopsy\Prostate-MRI-US-Biopsy-0642\92487\46695\2d7fb561-d40a-4a71-acd7-f5aef589b2e7.dcm,True,,,,0.0,,,0.0,,,0.0,
C:\Users\Gajendra\Desktop\D3_MONAI\Datasets\TCIA_IDC_Prostate_MRI_US_Biopsy\prostate_mri_us_biopsy\Prostate-MRI-US-Biopsy-0642\98502\04106\3334075d-782d-4290-ab8c-9d0c77fbd301.dcm,True,,,,0.0,,,0.0,,,0.0,
C:\Users\Gajendra\Desktop\D3_MONAI\Datasets\TCIA_IDC_Prostate_MRI_US_Biopsy\prostate_mri_us_biopsy\Prostate-MRI-US-Biopsy-0643\08459\63998\d39df0dd-75ab-46e5-8d95-c4345d04b8db.dcm,True,,,,0.0,,,0.0,,,0.0,
C:\Users\Gajendra\Desktop\D3_MONAI\Datasets\TCIA_IDC_Prostate_MRI_US_Biopsy\prostate_mri_us_biopsy\Prostate-MRI-US-Biopsy-0644\35069\02249\4f5ccc9f-a214-48f9-a413-f0af7c552b49.dcm,True,,,,0.0,,,0.0,,,0.0,
C:\Users\Gajendra\Desktop\D3_MONAI\Datasets\TCIA_IDC_Prostate_MRI_US_Biopsy\prostate_mri_us_biopsy\Prostate-MRI-US-Biopsy-0645\40960\15310\fbc40f35-41ab-44c5-a318-67543788d34a.dcm,True,,,,0.0,,,0.0,,,0.0,
C:\Users\Gajendra\Desktop\D3_MONAI\Datasets\TCIA_IDC_Prostate_MRI_US_Biopsy\prostate_mri_us_biopsy\Prostate-MRI-US-Biopsy-0646\86123\64130\e24d19c6-c70c-4d74-beed-01675dc94dd3.dcm,True,,,,0.0,,,0.0,,,0.0,
C:\Users\Gajendra\Desktop\D3_MONAI\Datasets\TCIA_IDC_Prostate_MRI_US_Biopsy\prostate_mri_us_biopsy\Prostate-MRI-US-Biopsy-0647\10202\55851\8e731d3f-0f2b-43ca-a1ef-c0a33fe756e7.dcm,True,,,,0.0,,,0.0,,,0.0,
C:\Users\Gajendra\Desktop\D3_MONAI\Datasets\TCIA_IDC_Prostate_MRI_US_Biopsy\prostate_mri_us_biopsy\Prostate-MRI-US-Biopsy-0648\21017\32684\12c9422d-d8b5-473a-925b-62339599ead5.dcm,True,,,,0.0,,,0.0,,,0.0,
C:\Users\Gajendra\Desktop\D3_MONAI\Datasets\TCIA_IDC_Prostate_MRI_US_Biopsy\prostate_mri_us_biopsy\Prostate-MRI-US-Biopsy-0648\55585\58400\e650cc4e-97ac-484e-a5b3-950f3dbacba6.dcm,True,,,,0.0,,,0.0,,,0.0,
C:\Users\Gajendra\Desktop\D3_MONAI\Datasets\TCIA_IDC_Prostate_MRI_US_Biopsy\prostate_mri_us_biopsy\Prostate-MRI-US-Biopsy-0648\99123\07278\4f218a8e-a30a-4d74-94fc-20af6ee72941.dcm,True,,,,0.0,,,0.0,,,0.0,
C:\Users\Gajendra\Desktop\D3_MONAI\Datasets\TCIA_IDC_Prostate_MRI_US_Biopsy\prostate_mri_us_biopsy\Prostate-MRI-US-Biopsy-0649\74489\72813\19a5c2e9-c35f-41b2-ae6e-628b550b6a69.dcm,True,,,,0.0,,,0.0,,,0.0,
C:\Users\Gajendra\Desktop\D3_MONAI\Datasets\TCIA_IDC_Prostate_MRI_US_Biopsy\prostate_mri_us_biopsy\Prostate-MRI-US-Biopsy-0650\97076\01021\a0af28e7-3cf6-40d8-a920-a3bb3c42c300.dcm,True,,,,0.0,,,0.0,,,0.0,
C:\Users\Gajendra\Desktop\D3_MONAI\Datasets\TCIA_IDC_Prostate_MRI_US_Biopsy\prostate_mri_us_biopsy\Prostate-MRI-US-Biopsy-0651\05738\08784\8eb0f13b-25cd-4d55-81a5-b8bc5a119b03.dcm,True,,,,0.0,,,0.0,,,0.0,
C:\Users\Gajendra\Desktop\D3_MONAI\Datasets\TCIA_IDC_Prostate_MRI_US_Biopsy\prostate_mri_us_biopsy\Prostate-MRI-US-Biopsy-0652\35854\92033\f0bde7c1-d0b5-4717-9c09-296b60894a24.dcm,True,,,,0.0,,,0.0,,,0.0,
C:\Users\Gajendra\Desktop\D3_MONAI\Datasets\TCIA_IDC_Prostate_MRI_US_Biopsy\prostate_mri_us_biopsy\Prostate-MRI-US-Biopsy-0653\15817\64985\4ade0c64-52ff-42db-9ce3-6007c44fa5a7.dcm,True,,,,0.0,,,0.0,,,0.0,
C:\Users\Gajendra\Desktop\D3_MONAI\Datasets\TCIA_IDC_Prostate_MRI_US_Biopsy\prostate_mri_us_biopsy\Prostate-MRI-US-Biopsy-0653\28122\93872\c1e771c7-c59d-44b3-8438-d78ab1644052.dcm,True,,,,0.0,,,0.0,,,0.0,
C:\Users\Gajendra\Desktop\D3_MONAI\Datasets\TCIA_IDC_Prostate_MRI_US_Biopsy\prostate_mri_us_biopsy\Prostate-MRI-US-Biopsy-0654\86261\84710\a15a99fb-6aeb-411e-8511-546714adb48b.dcm,True,,,,0.0,,,0.0,,,0.0,
C:\Users\Gajendra\Desktop\D3_MONAI\Datasets\TCIA_IDC_Prostate_MRI_US_Biopsy\prostate_mri_us_biopsy\Prostate-MRI-US-Biopsy-0655\64856\57765\2e753dab-cf89-4f8f-bb59-25cca2caee94.dcm,True,,,,0.0,,,0.0,,,0.0,
C:\Users\Gajendra\Desktop\D3_MONAI\Datasets\TCIA_IDC_Prostate_MRI_US_Biopsy\prostate_mri_us_biopsy\Prostate-MRI-US-Biopsy-0656\15818\39283\ad3b58d0-f768-4b5c-850f-726ed7c14b3e.dcm,True,,,,0.0,,,0.0,,,0.0,
C:\Users\Gajendra\Desktop\D3_MONAI\Datasets\TCIA_IDC_Prostate_MRI_US_Biopsy\prostate_mri_us_biopsy\Prostate-MRI-US-Biopsy-0656\58878\21598\a93fd065-877b-42d0-bdc8-5b21f91377ff.dcm,True,,,,0.0,,,0.0,,,0.0,
C:\Users\Gajendra\Desktop\D3_MONAI\Datasets\TCIA_IDC_Prostate_MRI_US_Biopsy\prostate_mri_us_biopsy\Prostate-MRI-US-Biopsy-0656\77430\70835\29089f26-21bd-4e87-8272-28aa594e7276.dcm,True,,,,0.0,,,0.0,,,0.0,
C:\Users\Gajendra\Desktop\D3_MONAI\Datasets\TCIA_IDC_Prostate_MRI_US_Biopsy\prostate_mri_us_biopsy\Prostate-MRI-US-Biopsy-0656\99786\00489\8034ab83-ad81-482b-9134-a03867e024a8.dcm,True,,,,0.0,,,0.0,,,0.0,
C:\Users\Gajendra\Desktop\D3_MONAI\Datasets\TCIA_IDC_Prostate_MRI_US_Biopsy\prostate_mri_us_biopsy\Prostate-MRI-US-Biopsy-0657\36963\13037\aad0d6f2-f98a-4176-9521-58169da0ff1f.dcm,True,,,,0.0,,,0.0,,,0.0,
C:\Users\Gajendra\Desktop\D3_MONAI\Datasets\TCIA_IDC_Prostate_MRI_US_Biopsy\prostate_mri_us_biopsy\Prostate-MRI-US-Biopsy-0658\22114\77370\b9a0d92d-3bac-4ff9-9462-d9b9e102f794.dcm,True,,,,0.0,,,0.0,,,0.0,
C:\Users\Gajendra\Desktop\D3_MONAI\Datasets\TCIA_IDC_Prostate_MRI_US_Biopsy\prostate_mri_us_biopsy\Prostate-MRI-US-Biopsy-0659\49270\16057\e2a11e87-a32f-4380-9814-51afdd6262cf.dcm,True,,,,0.0,,,0.0,,,0.0,
C:\Users\Gajendra\Desktop\D3_MONAI\Datasets\TCIA_IDC_Prostate_MRI_US_Biopsy\prostate_mri_us_biopsy\Prostate-MRI-US-Biopsy-0660\31562\99535\1089a27e-9859-4eb3-9dd9-bc31768fb2a9.dcm,True,,,,0.0,,,0.0,,,0.0,
C:\Users\Gajendra\Desktop\D3_MONAI\Datasets\TCIA_IDC_Prostate_MRI_US_Biopsy\prostate_mri_us_biopsy\Prostate-MRI-US-Biopsy-0660\34842\94412\bed03796-d2dd-47fe-9ac0-916c7e6773fd.dcm,True,,,,0.0,,,0.0,,,0.0,
C:\Users\Gajendra\Desktop\D3_MONAI\Datasets\TCIA_IDC_Prostate_MRI_US_Biopsy\prostate_mri_us_biopsy\Prostate-MRI-US-Biopsy-0660\75170\97430\f18b5118-9670-45eb-a8ca-106e292fa14b.dcm,True,,,,0.0,,,0.0,,,0.0,
C:\Users\Gajendra\Desktop\D3_MONAI\Datasets\TCIA_IDC_Prostate_MRI_US_Biopsy\prostate_mri_us_biopsy\Prostate-MRI-US-Biopsy-0661\45326\77564\4d2e0214-5a4b-4501-951e-8826709cce16.dcm,True,,,,0.0,,,0.0,,,0.0,
C:\Users\Gajendra\Desktop\D3_MONAI\Datasets\TCIA_IDC_Prostate_MRI_US_Biopsy\prostate_mri_us_biopsy\Prostate-MRI-US-Biopsy-0662\82629\33682\1188225b-012e-4ece-872e-90895e320db6.dcm,True,,,,0.0,,,0.0,,,0.0,
C:\Users\Gajendra\Desktop\D3_MONAI\Datasets\TCIA_IDC_Prostate_MRI_US_Biopsy\prostate_mri_us_biopsy\Prostate-MRI-US-Biopsy-0663\09719\80360\9e6a68a1-bc78-422e-9b26-758c5e2d2815.dcm,True,,,,0.0,,,0.0,,,0.0,
C:\Users\Gajendra\Desktop\D3_MONAI\Datasets\TCIA_IDC_Prostate_MRI_US_Biopsy\prostate_mri_us_biopsy\Prostate-MRI-US-Biopsy-0663\43856\65224\bc3ddcfa-9bdb-43ab-897f-f319a7661e98.dcm,True,,,,0.0,,,0.0,,,0.0,
C:\Users\Gajendra\Desktop\D3_MONAI\Datasets\TCIA_IDC_Prostate_MRI_US_Biopsy\prostate_mri_us_biopsy\Prostate-MRI-US-Biopsy-0663\77220\82503\aabc4a2d-b86f-4de4-b38c-c21c8f81da3b.dcm,True,,,,0.0,,,0.0,,,0.0,
C:\Users\Gajendra\Desktop\D3_MONAI\Datasets\TCIA_IDC_Prostate_MRI_US_Biopsy\prostate_mri_us_biopsy\Prostate-MRI-US-Biopsy-0664\96232\58258\ce5b02a0-ca82-458a-b40d-5d2946c1d8a5.dcm,True,,,,0.0,,,0.0,,,0.0,
C:\Users\Gajendra\Desktop\D3_MONAI\Datasets\TCIA_IDC_Prostate_MRI_US_Biopsy\prostate_mri_us_biopsy\Prostate-MRI-US-Biopsy-0665\37897\04700\c8d61f51-7826-4167-b101-5d0978409f95.dcm,True,,,,0.0,,,0.0,,,0.0,
C:\Users\Gajendra\Desktop\D3_MONAI\Datasets\TCIA_IDC_Prostate_MRI_US_Biopsy\prostate_mri_us_biopsy\Prostate-MRI-US-Biopsy-0666\30633\55449\6b0d16d6-bc8b-4fd2-9671-98005d620150.dcm,True,,,,0.0,,,0.0,,,0.0,
C:\Users\Gajendra\Desktop\D3_MONAI\Datasets\TCIA_IDC_Prostate_MRI_US_Biopsy\prostate_mri_us_biopsy\Prostate-MRI-US-Biopsy-0667\03154\60329\44c14b86-0ed9-4c45-a1e7-04d150d1b3c5.dcm,True,,,,0.0,,,0.0,,,0.0,
C:\Users\Gajendra\Desktop\D3_MONAI\Datasets\TCIA_IDC_Prostate_MRI_US_Biopsy\prostate_mri_us_biopsy\Prostate-MRI-US-Biopsy-0667\39662\56472\c19a253e-ae27-44a1-afe9-9804f55b71c9.dcm,True,,,,0.0,,,0.0,,,0.0,
C:\Users\Gajendra\Desktop\D3_MONAI\Datasets\TCIA_IDC_Prostate_MRI_US_Biopsy\prostate_mri_us_biopsy\Prostate-MRI-US-Biopsy-0667\73685\64647\4a2df416-cd59-4647-8404-4596f2049665.dcm,True,,,,0.0,,,0.0,,,0.0,
C:\Users\Gajendra\Desktop\D3_MONAI\Datasets\TCIA_IDC_Prostate_MRI_US_Biopsy\prostate_mri_us_biopsy\Prostate-MRI-US-Biopsy-0668\13125\08723\2ea9ef24-3c48-4e35-8ccf-67537a6c9a50.dcm,True,,,,0.0,,,0.0,,,0.0,
C:\Users\Gajendra\Desktop\D3_MONAI\Datasets\TCIA_IDC_Prostate_MRI_US_Biopsy\prostate_mri_us_biopsy\Prostate-MRI-US-Biopsy-0669\03058\02971\c5c05f1b-0092-4d60-951d-4390de762ad5.dcm,True,,,,0.0,,,0.0,,,0.0,
C:\Users\Gajendra\Desktop\D3_MONAI\Datasets\TCIA_IDC_Prostate_MRI_US_Biopsy\prostate_mri_us_biopsy\Prostate-MRI-US-Biopsy-0669\08929\14290\5d18ff66-0320-4cb5-a996-d5bd4af8fe6d.dcm,True,,,,0.0,,,0.0,,,0.0,
C:\Users\Gajendra\Desktop\D3_MONAI\Datasets\TCIA_IDC_Prostate_MRI_US_Biopsy\prostate_mri_us_biopsy\Prostate-MRI-US-Biopsy-0669\09934\08718\caa818f6-c23d-4f54-9bca-e215a385ee1f.dcm,True,,,,0.0,,,0.0,,,0.0,
C:\Users\Gajendra\Desktop\D3_MONAI\Datasets\TCIA_IDC_Prostate_MRI_US_Biopsy\prostate_mri_us_biopsy\Prostate-MRI-US-Biopsy-0670\78188\12911\dae9a877-7b11-4b31-a877-a5ee9157861d.dcm,True,,,,0.0,,,0.0,,,0.0,
C:\Users\Gajendra\Desktop\D3_MONAI\Datasets\TCIA_IDC_Prostate_MRI_US_Biopsy\prostate_mri_us_biopsy\Prostate-MRI-US-Biopsy-0671\54177\41544\da703edc-a69b-4117-b217-66d7bedafe55.dcm,True,,,,0.0,,,0.0,,,0.0,
C:\Users\Gajendra\Desktop\D3_MONAI\Datasets\TCIA_IDC_Prostate_MRI_US_Biopsy\prostate_mri_us_biopsy\Prostate-MRI-US-Biopsy-0672\40340\97721\1e7d0202-c9a0-4246-a5e9-8e67279cef91.dcm,True,,,,0.0,,,0.0,,,0.0,
C:\Users\Gajendra\Desktop\D3_MONAI\Datasets\TCIA_IDC_Prostate_MRI_US_Biopsy\prostate_mri_us_biopsy\Prostate-MRI-US-Biopsy-0673\23332\62180\6030fa12-51ff-47c6-b9b1-588402bca2b2.dcm,True,,,,0.0,,,0.0,,,0.0,
C:\Users\Gajendra\Desktop\D3_MONAI\Datasets\TCIA_IDC_Prostate_MRI_US_Biopsy\prostate_mri_us_biopsy\Prostate-MRI-US-Biopsy-0673\24953\50544\9319680e-6cfc-4a03-acc3-adb1032c9fc7.dcm,True,,,,0.0,,,0.0,,,0.0,
C:\Users\Gajendra\Desktop\D3_MONAI\Datasets\TCIA_IDC_Prostate_MRI_US_Biopsy\prostate_mri_us_biopsy\Prostate-MRI-US-Biopsy-0673\41686\80715\ae6742b1-09f7-4044-aecb-e298da868026.dcm,True,,,,0.0,,,0.0,,,0.0,
C:\Users\Gajendra\Desktop\D3_MONAI\Datasets\TCIA_IDC_Prostate_MRI_US_Biopsy\prostate_mri_us_biopsy\Prostate-MRI-US-Biopsy-0674\85865\44992\e66570cd-3e87-4f85-94de-08c84fdcd82b.dcm,True,,,,0.0,,,0.0,,,0.0,
C:\Users\Gajendra\Desktop\D3_MONAI\Datasets\TCIA_IDC_Prostate_MRI_US_Biopsy\prostate_mri_us_biopsy\Prostate-MRI-US-Biopsy-0675\18294\64417\5d105bbc-a1da-425f-84b7-f8c3a0994ce0.dcm,True,,,,0.0,,,0.0,,,0.0,
C:\Users\Gajendra\Desktop\D3_MONAI\Datasets\TCIA_IDC_Prostate_MRI_US_Biopsy\prostate_mri_us_biopsy\Prostate-MRI-US-Biopsy-0675\53778\06300\42f8d29b-eca3-4271-9b8f-496bdd614e2e.dcm,True,,,,0.0,,,0.0,,,0.0,
C:\Users\Gajendra\Desktop\D3_MONAI\Datasets\TCIA_IDC_Prostate_MRI_US_Biopsy\prostate_mri_us_biopsy\Prostate-MRI-US-Biopsy-0675\60386\89915\058195ba-9146-4d59-ad43-7ae3fb0421e2.dcm,True,,,,0.0,,,0.0,,,0.0,
C:\Users\Gajendra\Desktop\D3_MONAI\Datasets\TCIA_IDC_Prostate_MRI_US_Biopsy\prostate_mri_us_biopsy\Prostate-MRI-US-Biopsy-0675\82105\42053\0e826588-8f8b-467f-86bb-d870b93ec4a0.dcm,True,,,,0.0,,,0.0,,,0.0,
C:\Users\Gajendra\Desktop\D3_MONAI\Datasets\TCIA_IDC_Prostate_MRI_US_Biopsy\prostate_mri_us_biopsy\Prostate-MRI-US-Biopsy-0676\01535\32462\83187b77-e86f-46ce-a929-3a56ab93fac2.dcm,True,,,,0.0,,,0.0,,,0.0,
C:\Users\Gajendra\Desktop\D3_MONAI\Datasets\TCIA_IDC_Prostate_MRI_US_Biopsy\prostate_mri_us_biopsy\Prostate-MRI-US-Biopsy-0676\02495\14645\2c0d6dff-c83a-4be6-86b8-77782f448354.dcm,True,,,,0.0,,,0.0,,,0.0,
C:\Users\Gajendra\Desktop\D3_MONAI\Datasets\TCIA_IDC_Prostate_MRI_US_Biopsy\prostate_mri_us_biopsy\Prostate-MRI-US-Biopsy-0676\18176\78683\178e9e89-d01f-41e9-ae88-94884e54c51a.dcm,True,,,,0.0,,,0.0,,,0.0,
C:\Users\Gajendra\Desktop\D3_MONAI\Datasets\TCIA_IDC_Prostate_MRI_US_Biopsy\prostate_mri_us_biopsy\Prostate-MRI-US-Biopsy-0676\33566\67933\1bb0ac3b-511a-4588-a7ce-7754edb8f426.dcm,True,,,,0.0,,,0.0,,,0.0,
C:\Users\Gajendra\Desktop\D3_MONAI\Datasets\TCIA_IDC_Prostate_MRI_US_Biopsy\prostate_mri_us_biopsy\Prostate-MRI-US-Biopsy-0676\41106\95505\84c4a065-b111-46e1-9bdf-62978eafc8eb.dcm,True,,,,0.0,,,0.0,,,0.0,
C:\Users\Gajendra\Desktop\D3_MONAI\Datasets\TCIA_IDC_Prostate_MRI_US_Biopsy\prostate_mri_us_biopsy\Prostate-MRI-US-Biopsy-0676\61429\24565\86644230-9029-4a34-bd0e-7a9b0fa49d1c.dcm,True,,,,0.0,,,0.0,,,0.0,
C:\Users\Gajendra\Desktop\D3_MONAI\Datasets\TCIA_IDC_Prostate_MRI_US_Biopsy\prostate_mri_us_biopsy\Prostate-MRI-US-Biopsy-0677\02080\75708\fce44d78-1554-4d87-baa3-934943800396.dcm,True,,,,0.0,,,0.0,,,0.0,
C:\Users\Gajendra\Desktop\D3_MONAI\Datasets\TCIA_IDC_Prostate_MRI_US_Biopsy\prostate_mri_us_biopsy\Prostate-MRI-US-Biopsy-0677\54223\60671\f171ca5a-d96d-44b0-a656-8942bb75a50d.dcm,True,,,,0.0,,,0.0,,,0.0,
C:\Users\Gajendra\Desktop\D3_MONAI\Datasets\TCIA_IDC_Prostate_MRI_US_Biopsy\prostate_mri_us_biopsy\Prostate-MRI-US-Biopsy-0677\57415\12447\a257f554-33a1-46c0-b810-4e4f6950fd5f.dcm,True,,,,0.0,,,0.0,,,0.0,
C:\Users\Gajendra\Desktop\D3_MONAI\Datasets\TCIA_IDC_Prostate_MRI_US_Biopsy\prostate_mri_us_biopsy\Prostate-MRI-US-Biopsy-0678\71497\80327\bb31dec9-868f-4035-841d-63c86728e32c.dcm,True,,,,0.0,,,0.0,,,0.0,
C:\Users\Gajendra\Desktop\D3_MONAI\Datasets\TCIA_IDC_Prostate_MRI_US_Biopsy\prostate_mri_us_biopsy\Prostate-MRI-US-Biopsy-0679\73771\70863\f6cd89be-d238-408a-a21b-6d44b52b3253.dcm,True,,,,0.0,,,0.0,,,0.0,
C:\Users\Gajendra\Desktop\D3_MONAI\Datasets\TCIA_IDC_Prostate_MRI_US_Biopsy\prostate_mri_us_biopsy\Prostate-MRI-US-Biopsy-0680\49987\70364\181e6ce4-cd56-40b7-bb4b-b714ca50652c.dcm,True,,,,0.0,,,0.0,,,0.0,
C:\Users\Gajendra\Desktop\D3_MONAI\Datasets\TCIA_IDC_Prostate_MRI_US_Biopsy\prostate_mri_us_biopsy\Prostate-MRI-US-Biopsy-0680\99142\92052\a0b4ea6c-583f-4d51-bbd8-8508dc990115.dcm,True,,,,0.0,,,0.0,,,0.0,
C:\Users\Gajendra\Desktop\D3_MONAI\Datasets\TCIA_IDC_Prostate_MRI_US_Biopsy\prostate_mri_us_biopsy\Prostate-MRI-US-Biopsy-0681\16554\57639\5285bae3-b3d7-418f-859d-a1ea0e06f05d.dcm,True,,,,0.0,,,0.0,,,0.0,
C:\Users\Gajendra\Desktop\D3_MONAI\Datasets\TCIA_IDC_Prostate_MRI_US_Biopsy\prostate_mri_us_biopsy\Prostate-MRI-US-Biopsy-0681\18735\63196\ba357064-a282-4071-a3f5-d51b26d36710.dcm,True,,,,0.0,,,0.0,,,0.0,
C:\Users\Gajendra\Desktop\D3_MONAI\Datasets\TCIA_IDC_Prostate_MRI_US_Biopsy\prostate_mri_us_biopsy\Prostate-MRI-US-Biopsy-0681\69679\05932\2055b555-2a97-4082-9fbe-6af7e9b20b2c.dcm,True,,,,0.0,,,0.0,,,0.0,
C:\Users\Gajendra\Desktop\D3_MONAI\Datasets\TCIA_IDC_Prostate_MRI_US_Biopsy\prostate_mri_us_biopsy\Prostate-MRI-US-Biopsy-0682\02123\47627\cd8bec70-3f39-4fc7-a019-7a59f8a59ada.dcm,True,,,,0.0,,,0.0,,,0.0,
C:\Users\Gajendra\Desktop\D3_MONAI\Datasets\TCIA_IDC_Prostate_MRI_US_Biopsy\prostate_mri_us_biopsy\Prostate-MRI-US-Biopsy-0682\44099\58128\5674f1be-6af6-477f-9650-a03837721865.dcm,True,,,,0.0,,,0.0,,,0.0,
C:\Users\Gajendra\Desktop\D3_MONAI\Datasets\TCIA_IDC_Prostate_MRI_US_Biopsy\prostate_mri_us_biopsy\Prostate-MRI-US-Biopsy-0682\70083\12700\ec92244c-f369-4eb7-a8fa-8a08cdf9952e.dcm,True,,,,0.0,,,0.0,,,0.0,
C:\Users\Gajendra\Desktop\D3_MONAI\Datasets\TCIA_IDC_Prostate_MRI_US_Biopsy\prostate_mri_us_biopsy\Prostate-MRI-US-Biopsy-0682\70149\92813\4750901d-b148-419f-b7c1-146cdde42de5.dcm,True,,,,0.0,,,0.0,,,0.0,
C:\Users\Gajendra\Desktop\D3_MONAI\Datasets\TCIA_IDC_Prostate_MRI_US_Biopsy\prostate_mri_us_biopsy\Prostate-MRI-US-Biopsy-0683\33831\64518\7e37baed-7d09-4b94-ab59-f67027dc8af7.dcm,True,,,,0.0,,,0.0,,,0.0,
C:\Users\Gajendra\Desktop\D3_MONAI\Datasets\TCIA_IDC_Prostate_MRI_US_Biopsy\prostate_mri_us_biopsy\Prostate-MRI-US-Biopsy-0684\03243\35465\4ac59b7b-397c-4fb5-89d8-9f53159c10ff.dcm,True,,,,0.0,,,0.0,,,0.0,
C:\Users\Gajendra\Desktop\D3_MONAI\Datasets\TCIA_IDC_Prostate_MRI_US_Biopsy\prostate_mri_us_biopsy\Prostate-MRI-US-Biopsy-0685\20983\46812\5a4c7c4b-6d9e-44cd-8c6e-7e264f081b45.dcm,True,,,,0.0,,,0.0,,,0.0,
C:\Users\Gajendra\Desktop\D3_MONAI\Datasets\TCIA_IDC_Prostate_MRI_US_Biopsy\prostate_mri_us_biopsy\Prostate-MRI-US-Biopsy-0685\47457\09564\63612a8c-e116-45a0-8680-9f63d753ed27.dcm,True,,,,0.0,,,0.0,,,0.0,
C:\Users\Gajendra\Desktop\D3_MONAI\Datasets\TCIA_IDC_Prostate_MRI_US_Biopsy\prostate_mri_us_biopsy\Prostate-MRI-US-Biopsy-0685\77890\51640\7bc13c96-cb9c-49b1-9b17-763be106da3c.dcm,True,,,,0.0,,,0.0,,,0.0,
C:\Users\Gajendra\Desktop\D3_MONAI\Datasets\TCIA_IDC_Prostate_MRI_US_Biopsy\prostate_mri_us_biopsy\Prostate-MRI-US-Biopsy-0686\05633\79488\5ef86601-938d-427c-9c21-ff2869a3c89f.dcm,True,,,,0.0,,,0.0,,,0.0,
C:\Users\Gajendra\Desktop\D3_MONAI\Datasets\TCIA_IDC_Prostate_MRI_US_Biopsy\prostate_mri_us_biopsy\Prostate-MRI-US-Biopsy-0686\32977\98489\ff59ba1c-3bd7-4165-8cf3-cc611490dc21.dcm,True,,,,0.0,,,0.0,,,0.0,
C:\Users\Gajendra\Desktop\D3_MONAI\Datasets\TCIA_IDC_Prostate_MRI_US_Biopsy\prostate_mri_us_biopsy\Prostate-MRI-US-Biopsy-0686\38142\64367\04baf710-fdbd-4201-8ce2-e08190bf04d0.dcm,True,,,,0.0,,,0.0,,,0.0,
C:\Users\Gajendra\Desktop\D3_MONAI\Datasets\TCIA_IDC_Prostate_MRI_US_Biopsy\prostate_mri_us_biopsy\Prostate-MRI-US-Biopsy-0686\49894\02355\c4ef5bf6-296b-4e6e-b414-aae37d0ff9f1.dcm,True,,,,0.0,,,0.0,,,0.0,
C:\Users\Gajendra\Desktop\D3_MONAI\Datasets\TCIA_IDC_Prostate_MRI_US_Biopsy\prostate_mri_us_biopsy\Prostate-MRI-US-Biopsy-0687\77990\79780\7f40f92f-5377-4605-8e3e-02eec4668018.dcm,True,,,,0.0,,,0.0,,,0.0,
C:\Users\Gajendra\Desktop\D3_MONAI\Datasets\TCIA_IDC_Prostate_MRI_US_Biopsy\prostate_mri_us_biopsy\Prostate-MRI-US-Biopsy-0687\78323\96488\d5da4bf5-085a-49fa-8a21-3d4826e60fdf.dcm,True,,,,0.0,,,0.0,,,0.0,
C:\Users\Gajendra\Desktop\D3_MONAI\Datasets\TCIA_IDC_Prostate_MRI_US_Biopsy\prostate_mri_us_biopsy\Prostate-MRI-US-Biopsy-0688\53681\55074\692b1185-a332-4874-9714-b700736680f9.dcm,True,,,,0.0,,,0.0,,,0.0,
C:\Users\Gajendra\Desktop\D3_MONAI\Datasets\TCIA_IDC_Prostate_MRI_US_Biopsy\prostate_mri_us_biopsy\Prostate-MRI-US-Biopsy-0688\75002\48258\9269e9b2-a392-4d97-b892-c03ab7303b9f.dcm,True,,,,0.0,,,0.0,,,0.0,
C:\Users\Gajendra\Desktop\D3_MONAI\Datasets\TCIA_IDC_Prostate_MRI_US_Biopsy\prostate_mri_us_biopsy\Prostate-MRI-US-Biopsy-0689\45867\30384\2545cee6-24bc-4d94-a5d3-6b3aec9989ec.dcm,True,,,,0.0,,,0.0,,,0.0,
C:\Users\Gajendra\Desktop\D3_MONAI\Datasets\TCIA_IDC_Prostate_MRI_US_Biopsy\prostate_mri_us_biopsy\Prostate-MRI-US-Biopsy-0690\33048\37412\dd81f232-458e-4f4d-ac82-902eb16fcba5.dcm,True,,,,0.0,,,0.0,,,0.0,
C:\Users\Gajendra\Desktop\D3_MONAI\Datasets\TCIA_IDC_Prostate_MRI_US_Biopsy\prostate_mri_us_biopsy\Prostate-MRI-US-Biopsy-0690\47734\67787\e216f581-a577-45c4-abc1-64b8b7f977b9.dcm,True,,,,0.0,,,0.0,,,0.0,
C:\Users\Gajendra\Desktop\D3_MONAI\Datasets\TCIA_IDC_Prostate_MRI_US_Biopsy\prostate_mri_us_biopsy\Prostate-MRI-US-Biopsy-0691\62236\21298\e5c0f6f5-aa3a-4bfd-964a-3172cfbbb343.dcm,True,,,,0.0,,,0.0,,,0.0,
C:\Users\Gajendra\Desktop\D3_MONAI\Datasets\TCIA_IDC_Prostate_MRI_US_Biopsy\prostate_mri_us_biopsy\Prostate-MRI-US-Biopsy-0692\03484\38527\653be47e-3e5a-40f6-ab9e-7a0ec1045c47.dcm,True,,,,0.0,,,0.0,,,0.0,
C:\Users\Gajendra\Desktop\D3_MONAI\Datasets\TCIA_IDC_Prostate_MRI_US_Biopsy\prostate_mri_us_biopsy\Prostate-MRI-US-Biopsy-0692\15888\63903\9504590c-b5d2-4449-9f03-8df2de22bcc3.dcm,True,,,,0.0,,,0.0,,,0.0,
C:\Users\Gajendra\Desktop\D3_MONAI\Datasets\TCIA_IDC_Prostate_MRI_US_Biopsy\prostate_mri_us_biopsy\Prostate-MRI-US-Biopsy-0692\26752\60366\ee491f27-e8fa-4c88-9839-85e0e8308a81.dcm,True,,,,0.0,,,0.0,,,0.0,
C:\Users\Gajendra\Desktop\D3_MONAI\Datasets\TCIA_IDC_Prostate_MRI_US_Biopsy\prostate_mri_us_biopsy\Prostate-MRI-US-Biopsy-0693\94067\69661\73f74f3e-0e50-41f6-9862-dc58febdf5f2.dcm,True,,,,0.0,,,0.0,,,0.0,
C:\Users\Gajendra\Desktop\D3_MONAI\Datasets\TCIA_IDC_Prostate_MRI_US_Biopsy\prostate_mri_us_biopsy\Prostate-MRI-US-Biopsy-0694\83511\13412\fac1e86c-0bc3-48d6-95d2-d64f6400a26b.dcm,True,,,,0.0,,,0.0,,,0.0,
C:\Users\Gajendra\Desktop\D3_MONAI\Datasets\TCIA_IDC_Prostate_MRI_US_Biopsy\prostate_mri_us_biopsy\Prostate-MRI-US-Biopsy-0695\92363\34043\00bdfd95-36ac-47d9-ba7f-23723b4485d6.dcm,True,,,,0.0,,,0.0,,,0.0,
C:\Users\Gajendra\Desktop\D3_MONAI\Datasets\TCIA_IDC_Prostate_MRI_US_Biopsy\prostate_mri_us_biopsy\Prostate-MRI-US-Biopsy-0696\01476\98997\5720d9fb-d156-4838-ba65-bc77a0a5fd27.dcm,True,,,,0.0,,,0.0,,,0.0,
C:\Users\Gajendra\Desktop\D3_MONAI\Datasets\TCIA_IDC_Prostate_MRI_US_Biopsy\prostate_mri_us_biopsy\Prostate-MRI-US-Biopsy-0697\86683\58335\a8a388b1-2e2f-4ac5-84fd-0b070f3d7fb6.dcm,True,,,,0.0,,,0.0,,,0.0,
C:\Users\Gajendra\Desktop\D3_MONAI\Datasets\TCIA_IDC_Prostate_MRI_US_Biopsy\prostate_mri_us_biopsy\Prostate-MRI-US-Biopsy-0698\88724\86969\ccaf18ca-3fbe-4085-88c5-03286a7fc006.dcm,True,,,,0.0,,,0.0,,,0.0,
C:\Users\Gajendra\Desktop\D3_MONAI\Datasets\TCIA_IDC_Prostate_MRI_US_Biopsy\prostate_mri_us_biopsy\Prostate-MRI-US-Biopsy-0699\70002\54255\c93a92b9-0b26-411e-9d75-c2724b653a74.dcm,True,,,,0.0,,,0.0,,,0.0,
C:\Users\Gajendra\Desktop\D3_MONAI\Datasets\TCIA_IDC_Prostate_MRI_US_Biopsy\prostate_mri_us_biopsy\Prostate-MRI-US-Biopsy-0700\08626\83900\9abb7397-5d81-467a-83b8-8fea51e60869.dcm,True,,,,0.0,,,0.0,,,0.0,
C:\Users\Gajendra\Desktop\D3_MONAI\Datasets\TCIA_IDC_Prostate_MRI_US_Biopsy\prostate_mri_us_biopsy\Prostate-MRI-US-Biopsy-0701\78957\27661\050f9ec6-cc3d-4eee-9559-f6aa790c645e.dcm,True,,,,0.0,,,0.0,,,0.0,
C:\Users\Gajendra\Desktop\D3_MONAI\Datasets\TCIA_IDC_Prostate_MRI_US_Biopsy\prostate_mri_us_biopsy\Prostate-MRI-US-Biopsy-0702\06244\35197\e8ef1d5b-87cc-4adf-91b2-54bba7897e24.dcm,True,,,,0.0,,,0.0,,,0.0,
C:\Users\Gajendra\Desktop\D3_MONAI\Datasets\TCIA_IDC_Prostate_MRI_US_Biopsy\prostate_mri_us_biopsy\Prostate-MRI-US-Biopsy-0702\72076\93626\40bb40ec-9522-4705-a41a-080e4aca4b4f.dcm,True,,,,0.0,,,0.0,,,0.0,
C:\Users\Gajendra\Desktop\D3_MONAI\Datasets\TCIA_IDC_Prostate_MRI_US_Biopsy\prostate_mri_us_biopsy\Prostate-MRI-US-Biopsy-0702\77878\25847\e6d388ea-34c4-49ef-ab83-d87eef80cce2.dcm,True,,,,0.0,,,0.0,,,0.0,
C:\Users\Gajendra\Desktop\D3_MONAI\Datasets\TCIA_IDC_Prostate_MRI_US_Biopsy\prostate_mri_us_biopsy\Prostate-MRI-US-Biopsy-0702\88767\25728\b64ac9eb-fdfe-4d41-acaf-2921bf378a7a.dcm,True,,,,0.0,,,0.0,,,0.0,
C:\Users\Gajendra\Desktop\D3_MONAI\Datasets\TCIA_IDC_Prostate_MRI_US_Biopsy\prostate_mri_us_biopsy\Prostate-MRI-US-Biopsy-0703\40354\12694\69a8776a-8e5a-444a-a1b0-8a5576004895.dcm,True,,,,0.0,,,0.0,,,0.0,
C:\Users\Gajendra\Desktop\D3_MONAI\Datasets\TCIA_IDC_Prostate_MRI_US_Biopsy\prostate_mri_us_biopsy\Prostate-MRI-US-Biopsy-0704\88303\19722\01cd4140-f798-4fb6-b53a-5cd0a1abf9cb.dcm,True,,,,0.0,,,0.0,,,0.0,
C:\Users\Gajendra\Desktop\D3_MONAI\Datasets\TCIA_IDC_Prostate_MRI_US_Biopsy\prostate_mri_us_biopsy\Prostate-MRI-US-Biopsy-0705\41834\85023\8babea01-1343-479f-8a73-a02a095799e1.dcm,True,,,,0.0,,,0.0,,,0.0,
C:\Users\Gajendra\Desktop\D3_MONAI\Datasets\TCIA_IDC_Prostate_MRI_US_Biopsy\prostate_mri_us_biopsy\Prostate-MRI-US-Biopsy-0705\87631\68808\c6ccfc42-33c4-4412-ba31-762367473942.dcm,True,,,,0.0,,,0.0,,,0.0,
C:\Users\Gajendra\Desktop\D3_MONAI\Datasets\TCIA_IDC_Prostate_MRI_US_Biopsy\prostate_mri_us_biopsy\Prostate-MRI-US-Biopsy-0706\09723\80535\3dfa4d1e-9db1-416f-8321-37eb47c7c476.dcm,True,,,,0.0,,,0.0,,,0.0,
C:\Users\Gajendra\Desktop\D3_MONAI\Datasets\TCIA_IDC_Prostate_MRI_US_Biopsy\prostate_mri_us_biopsy\Prostate-MRI-US-Biopsy-0706\91724\22040\b5ee6b79-0117-4033-8bb4-e2099cbcdc21.dcm,True,,,,0.0,,,0.0,,,0.0,
C:\Users\Gajendra\Desktop\D3_MONAI\Datasets\TCIA_IDC_Prostate_MRI_US_Biopsy\prostate_mri_us_biopsy\Prostate-MRI-US-Biopsy-0707\01807\97558\5a530450-7246-4fd5-82ff-bb94c45cc493.dcm,True,,,,0.0,,,0.0,,,0.0,
C:\Users\Gajendra\Desktop\D3_MONAI\Datasets\TCIA_IDC_Prostate_MRI_US_Biopsy\prostate_mri_us_biopsy\Prostate-MRI-US-Biopsy-0708\39322\67688\0e1fe16d-c8da-40cb-81ba-7fb1d1adbc2e.dcm,True,,,,0.0,,,0.0,,,0.0,
C:\Users\Gajendra\Desktop\D3_MONAI\Datasets\TCIA_IDC_Prostate_MRI_US_Biopsy\prostate_mri_us_biopsy\Prostate-MRI-US-Biopsy-0709\21286\66300\96434bb3-a9c5-4146-8ac2-430cd8f0dc56.dcm,True,,,,0.0,,,0.0,,,0.0,
C:\Users\Gajendra\Desktop\D3_MONAI\Datasets\TCIA_IDC_Prostate_MRI_US_Biopsy\prostate_mri_us_biopsy\Prostate-MRI-US-Biopsy-0710\73939\00351\1ec563fa-7840-4a19-8bde-ed58919f4ff8.dcm,True,,,,0.0,,,0.0,,,0.0,
C:\Users\Gajendra\Desktop\D3_MONAI\Datasets\TCIA_IDC_Prostate_MRI_US_Biopsy\prostate_mri_us_biopsy\Prostate-MRI-US-Biopsy-0710\95825\84520\186bbdcc-5091-48ec-90d8-9d467faaab6e.dcm,True,,,,0.0,,,0.0,,,0.0,
C:\Users\Gajendra\Desktop\D3_MONAI\Datasets\TCIA_IDC_Prostate_MRI_US_Biopsy\prostate_mri_us_biopsy\Prostate-MRI-US-Biopsy-0711\10204\27042\a8886c51-a206-48a9-a6e4-ccbf4ae3bb5a.dcm,True,,,,0.0,,,0.0,,,0.0,
C:\Users\Gajendra\Desktop\D3_MONAI\Datasets\TCIA_IDC_Prostate_MRI_US_Biopsy\prostate_mri_us_biopsy\Prostate-MRI-US-Biopsy-0711\48336\24182\0563ba47-820c-49ff-ae6b-2a7db3a17b4e.dcm,True,,,,0.0,,,0.0,,,0.0,
C:\Users\Gajendra\Desktop\D3_MONAI\Datasets\TCIA_IDC_Prostate_MRI_US_Biopsy\prostate_mri_us_biopsy\Prostate-MRI-US-Biopsy-0711\51246\78558\89ac05e4-b0c8-4522-8100-24713fa534ca.dcm,True,,,,0.0,,,0.0,,,0.0,
C:\Users\Gajendra\Desktop\D3_MONAI\Datasets\TCIA_IDC_Prostate_MRI_US_Biopsy\prostate_mri_us_biopsy\Prostate-MRI-US-Biopsy-0711\93647\91628\1d08c3d6-bcd5-4bbf-9c4d-39d3dd9b6647.dcm,True,,,,0.0,,,0.0,,,0.0,
C:\Users\Gajendra\Desktop\D3_MONAI\Datasets\TCIA_IDC_Prostate_MRI_US_Biopsy\prostate_mri_us_biopsy\Prostate-MRI-US-Biopsy-0712\44350\24452\8bdecedf-aa1c-41df-b2d2-eaaecab9390f.dcm,True,,,,0.0,,,0.0,,,0.0,
C:\Users\Gajendra\Desktop\D3_MONAI\Datasets\TCIA_IDC_Prostate_MRI_US_Biopsy\prostate_mri_us_biopsy\Prostate-MRI-US-Biopsy-0712\91713\61766\25dd9bba-9a75-4985-bfd5-ea68deba7be7.dcm,True,,,,0.0,,,0.0,,,0.0,
C:\Users\Gajendra\Desktop\D3_MONAI\Datasets\TCIA_IDC_Prostate_MRI_US_Biopsy\prostate_mri_us_biopsy\Prostate-MRI-US-Biopsy-0713\83483\13056\01ff10c1-390e-4766-8963-50fad32e3800.dcm,True,,,,0.0,,,0.0,,,0.0,
C:\Users\Gajendra\Desktop\D3_MONAI\Datasets\TCIA_IDC_Prostate_MRI_US_Biopsy\prostate_mri_us_biopsy\Prostate-MRI-US-Biopsy-0714\59178\13988\478c2775-3c3e-458e-9990-d8d3e7649c56.dcm,True,,,,0.0,,,0.0,,,0.0,
C:\Users\Gajendra\Desktop\D3_MONAI\Datasets\TCIA_IDC_Prostate_MRI_US_Biopsy\prostate_mri_us_biopsy\Prostate-MRI-US-Biopsy-0715\17483\81115\81a97d68-cded-4782-9093-7392aeb7a1c2.dcm,True,,,,0.0,,,0.0,,,0.0,
C:\Users\Gajendra\Desktop\D3_MONAI\Datasets\TCIA_IDC_Prostate_MRI_US_Biopsy\prostate_mri_us_biopsy\Prostate-MRI-US-Biopsy-0715\55108\39817\b7998df1-5a60-4e39-91bd-36367347bc85.dcm,True,,,,0.0,,,0.0,,,0.0,
C:\Users\Gajendra\Desktop\D3_MONAI\Datasets\TCIA_IDC_Prostate_MRI_US_Biopsy\prostate_mri_us_biopsy\Prostate-MRI-US-Biopsy-0716\59320\97776\87aad669-b2f6-4ae8-beb2-ad2436c336ec.dcm,True,,,,0.0,,,0.0,,,0.0,
C:\Users\Gajendra\Desktop\D3_MONAI\Datasets\TCIA_IDC_Prostate_MRI_US_Biopsy\prostate_mri_us_biopsy\Prostate-MRI-US-Biopsy-0717\01577\62704\5ab17f59-8a5b-4c3b-a25f-890dfd2c45e5.dcm,True,,,,0.0,,,0.0,,,0.0,
C:\Users\Gajendra\Desktop\D3_MONAI\Datasets\TCIA_IDC_Prostate_MRI_US_Biopsy\prostate_mri_us_biopsy\Prostate-MRI-US-Biopsy-0717\15111\19509\ce99e462-c572-4985-bea1-5b3814304e26.dcm,True,,,,0.0,,,0.0,,,0.0,
C:\Users\Gajendra\Desktop\D3_MONAI\Datasets\TCIA_IDC_Prostate_MRI_US_Biopsy\prostate_mri_us_biopsy\Prostate-MRI-US-Biopsy-0718\25410\01884\4172c913-bc8f-40da-8b9b-51078d7995c8.dcm,True,,,,0.0,,,0.0,,,0.0,
C:\Users\Gajendra\Desktop\D3_MONAI\Datasets\TCIA_IDC_Prostate_MRI_US_Biopsy\prostate_mri_us_biopsy\Prostate-MRI-US-Biopsy-0719\18740\79438\d15169b0-303c-4e30-905c-d97b49da8e47.dcm,True,,,,0.0,,,0.0,,,0.0,
C:\Users\Gajendra\Desktop\D3_MONAI\Datasets\TCIA_IDC_Prostate_MRI_US_Biopsy\prostate_mri_us_biopsy\Prostate-MRI-US-Biopsy-0719\87438\16468\94026cf9-8f0d-4adf-853c-6d8f8831b916.dcm,True,,,,0.0,,,0.0,,,0.0,
C:\Users\Gajendra\Desktop\D3_MONAI\Datasets\TCIA_IDC_Prostate_MRI_US_Biopsy\prostate_mri_us_biopsy\Prostate-MRI-US-Biopsy-0720\26787\13163\8668baea-02c0-419f-a077-1cc5bb727067.dcm,True,,,,0.0,,,0.0,,,0.0,
C:\Users\Gajendra\Desktop\D3_MONAI\Datasets\TCIA_IDC_Prostate_MRI_US_Biopsy\prostate_mri_us_biopsy\Prostate-MRI-US-Biopsy-0720\30711\52456\089c69a2-9c95-44b0-8640-c41d036c6db8.dcm,True,,,,0.0,,,0.0,,,0.0,
C:\Users\Gajendra\Desktop\D3_MONAI\Datasets\TCIA_IDC_Prostate_MRI_US_Biopsy\prostate_mri_us_biopsy\Prostate-MRI-US-Biopsy-0720\56951\97940\24becf49-7ad3-4ce5-8672-f245fa11501f.dcm,True,,,,0.0,,,0.0,,,0.0,
C:\Users\Gajendra\Desktop\D3_MONAI\Datasets\TCIA_IDC_Prostate_MRI_US_Biopsy\prostate_mri_us_biopsy\Prostate-MRI-US-Biopsy-0720\63906\44458\1f9b9178-87ae-42be-9d12-0461704f1d8b.dcm,True,,,,0.0,,,0.0,,,0.0,
C:\Users\Gajendra\Desktop\D3_MONAI\Datasets\TCIA_IDC_Prostate_MRI_US_Biopsy\prostate_mri_us_biopsy\Prostate-MRI-US-Biopsy-0720\77837\91650\b4ae0466-b7b6-4c81-8e9f-670463b7b32a.dcm,True,,,,0.0,,,0.0,,,0.0,
C:\Users\Gajendra\Desktop\D3_MONAI\Datasets\TCIA_IDC_Prostate_MRI_US_Biopsy\prostate_mri_us_biopsy\Prostate-MRI-US-Biopsy-0721\41708\98724\ecec1b35-6008-4bad-b766-9debee024a6e.dcm,True,,,,0.0,,,0.0,,,0.0,
C:\Users\Gajendra\Desktop\D3_MONAI\Datasets\TCIA_IDC_Prostate_MRI_US_Biopsy\prostate_mri_us_biopsy\Prostate-MRI-US-Biopsy-0721\56880\21447\49a8d647-a658-4764-9318-878d0ee4f5bb.dcm,True,,,,0.0,,,0.0,,,0.0,
C:\Users\Gajendra\Desktop\D3_MONAI\Datasets\TCIA_IDC_Prostate_MRI_US_Biopsy\prostate_mri_us_biopsy\Prostate-MRI-US-Biopsy-0721\78066\18357\a856af09-ece8-41ec-81d9-10e9e67550f2.dcm,True,,,,0.0,,,0.0,,,0.0,
C:\Users\Gajendra\Desktop\D3_MONAI\Datasets\TCIA_IDC_Prostate_MRI_US_Biopsy\prostate_mri_us_biopsy\Prostate-MRI-US-Biopsy-0722\42175\86247\8aac5232-4aca-445b-a487-30525c93c480.dcm,True,,,,0.0,,,0.0,,,0.0,
C:\Users\Gajendra\Desktop\D3_MONAI\Datasets\TCIA_IDC_Prostate_MRI_US_Biopsy\prostate_mri_us_biopsy\Prostate-MRI-US-Biopsy-0723\35321\31660\d631c26b-a6c6-43fd-8fa3-26653433b503.dcm,True,,,,0.0,,,0.0,,,0.0,
C:\Users\Gajendra\Desktop\D3_MONAI\Datasets\TCIA_IDC_Prostate_MRI_US_Biopsy\prostate_mri_us_biopsy\Prostate-MRI-US-Biopsy-0724\37526\15318\4acd5179-398b-42dd-84ac-32431e44043e.dcm,True,,,,0.0,,,0.0,,,0.0,
C:\Users\Gajendra\Desktop\D3_MONAI\Datasets\TCIA_IDC_Prostate_MRI_US_Biopsy\prostate_mri_us_biopsy\Prostate-MRI-US-Biopsy-0725\14427\56171\1e25e3a8-3e82-4c2b-95bf-299ffed300cf.dcm,True,,,,0.0,,,0.0,,,0.0,
C:\Users\Gajendra\Desktop\D3_MONAI\Datasets\TCIA_IDC_Prostate_MRI_US_Biopsy\prostate_mri_us_biopsy\Prostate-MRI-US-Biopsy-0726\16905\41384\bdeb3a31-1132-4146-ae0d-eef91d6319bf.dcm,True,,,,0.0,,,0.0,,,0.0,
C:\Users\Gajendra\Desktop\D3_MONAI\Datasets\TCIA_IDC_Prostate_MRI_US_Biopsy\prostate_mri_us_biopsy\Prostate-MRI-US-Biopsy-0726\64810\81233\9bd071e3-32b1-42de-9ec7-afabc71592c9.dcm,True,,,,0.0,,,0.0,,,0.0,
C:\Users\Gajendra\Desktop\D3_MONAI\Datasets\TCIA_IDC_Prostate_MRI_US_Biopsy\prostate_mri_us_biopsy\Prostate-MRI-US-Biopsy-0727\58348\40766\85caae43-867e-41f8-b8cf-f9b6b749f412.dcm,True,,,,0.0,,,0.0,,,0.0,
C:\Users\Gajendra\Desktop\D3_MONAI\Datasets\TCIA_IDC_Prostate_MRI_US_Biopsy\prostate_mri_us_biopsy\Prostate-MRI-US-Biopsy-0727\61744\20403\36383429-68aa-4454-9192-e4525bc27368.dcm,True,,,,0.0,,,0.0,,,0.0,
C:\Users\Gajendra\Desktop\D3_MONAI\Datasets\TCIA_IDC_Prostate_MRI_US_Biopsy\prostate_mri_us_biopsy\Prostate-MRI-US-Biopsy-0727\82031\96946\2484a926-3567-4d82-a649-426c6d8f1e78.dcm,True,,,,0.0,,,0.0,,,0.0,
C:\Users\Gajendra\Desktop\D3_MONAI\Datasets\TCIA_IDC_Prostate_MRI_US_Biopsy\prostate_mri_us_biopsy\Prostate-MRI-US-Biopsy-0728\04685\22338\ea61c5d6-2060-421f-94be-8c7dcb9c403b.dcm,True,,,,0.0,,,0.0,,,0.0,
C:\Users\Gajendra\Desktop\D3_MONAI\Datasets\TCIA_IDC_Prostate_MRI_US_Biopsy\prostate_mri_us_biopsy\Prostate-MRI-US-Biopsy-0729\92099\47224\dad5f642-fbd9-4ac3-98b8-833a6b4f8121.dcm,True,,,,0.0,,,0.0,,,0.0,
C:\Users\Gajendra\Desktop\D3_MONAI\Datasets\TCIA_IDC_Prostate_MRI_US_Biopsy\prostate_mri_us_biopsy\Prostate-MRI-US-Biopsy-0730\34927\76769\7ac8a08c-3720-434a-8c4a-3d70aca379b3.dcm,True,,,,0.0,,,0.0,,,0.0,
C:\Users\Gajendra\Desktop\D3_MONAI\Datasets\TCIA_IDC_Prostate_MRI_US_Biopsy\prostate_mri_us_biopsy\Prostate-MRI-US-Biopsy-0731\30727\83150\de1d1a05-7cb2-4b84-b869-033772250852.dcm,True,,,,0.0,,,0.0,,,0.0,
C:\Users\Gajendra\Desktop\D3_MONAI\Datasets\TCIA_IDC_Prostate_MRI_US_Biopsy\prostate_mri_us_biopsy\Prostate-MRI-US-Biopsy-0731\31644\55493\f13f1ce9-3077-4ea4-90c7-8990abe6eee4.dcm,True,,,,0.0,,,0.0,,,0.0,
C:\Users\Gajendra\Desktop\D3_MONAI\Datasets\TCIA_IDC_Prostate_MRI_US_Biopsy\prostate_mri_us_biopsy\Prostate-MRI-US-Biopsy-0731\68559\25993\9a2d7de3-7b7d-4b6e-bab0-6824b9425514.dcm,True,,,,0.0,,,0.0,,,0.0,
C:\Users\Gajendra\Desktop\D3_MONAI\Datasets\TCIA_IDC_Prostate_MRI_US_Biopsy\prostate_mri_us_biopsy\Prostate-MRI-US-Biopsy-0732\49949\92594\2debd497-b0f8-440a-b8f0-8f69bd4cbb4b.dcm,True,,,,0.0,,,0.0,,,0.0,
C:\Users\Gajendra\Desktop\D3_MONAI\Datasets\TCIA_IDC_Prostate_MRI_US_Biopsy\prostate_mri_us_biopsy\Prostate-MRI-US-Biopsy-0733\56499\83934\88c33d6a-512a-411c-9ee5-6bf6a3300a57.dcm,True,,,,0.0,,,0.0,,,0.0,
C:\Users\Gajendra\Desktop\D3_MONAI\Datasets\TCIA_IDC_Prostate_MRI_US_Biopsy\prostate_mri_us_biopsy\Prostate-MRI-US-Biopsy-0734\44886\34635\fc238ad5-9a2a-404f-9209-16643339c0b0.dcm,True,,,,0.0,,,0.0,,,0.0,
C:\Users\Gajendra\Desktop\D3_MONAI\Datasets\TCIA_IDC_Prostate_MRI_US_Biopsy\prostate_mri_us_biopsy\Prostate-MRI-US-Biopsy-0735\87496\10364\fd431bcc-2886-4da3-9a86-31544af3aeb3.dcm,True,,,,0.0,,,0.0,,,0.0,
C:\Users\Gajendra\Desktop\D3_MONAI\Datasets\TCIA_IDC_Prostate_MRI_US_Biopsy\prostate_mri_us_biopsy\Prostate-MRI-US-Biopsy-0736\09553\04601\66647188-e1b7-4a9e-b8c6-43c97f4f1662.dcm,True,,,,0.0,,,0.0,,,0.0,
C:\Users\Gajendra\Desktop\D3_MONAI\Datasets\TCIA_IDC_Prostate_MRI_US_Biopsy\prostate_mri_us_biopsy\Prostate-MRI-US-Biopsy-0736\23333\42760\8c9cf171-d67f-4251-95c5-58d67d1e5673.dcm,True,,,,0.0,,,0.0,,,0.0,
C:\Users\Gajendra\Desktop\D3_MONAI\Datasets\TCIA_IDC_Prostate_MRI_US_Biopsy\prostate_mri_us_biopsy\Prostate-MRI-US-Biopsy-0737\51152\00212\194a0a51-54e5-4b4f-aa4b-dc31937bb5aa.dcm,True,,,,0.0,,,0.0,,,0.0,
C:\Users\Gajendra\Desktop\D3_MONAI\Datasets\TCIA_IDC_Prostate_MRI_US_Biopsy\prostate_mri_us_biopsy\Prostate-MRI-US-Biopsy-0738\10089\63825\3fa250a2-debc-4ed8-a9ba-c1f0b861f719.dcm,True,,,,0.0,,,0.0,,,0.0,
C:\Users\Gajendra\Desktop\D3_MONAI\Datasets\TCIA_IDC_Prostate_MRI_US_Biopsy\prostate_mri_us_biopsy\Prostate-MRI-US-Biopsy-0738\83804\86107\52f8a185-6bf7-41d5-985d-e5d2a7847ea3.dcm,True,,,,0.0,,,0.0,,,0.0,
C:\Users\Gajendra\Desktop\D3_MONAI\Datasets\TCIA_IDC_Prostate_MRI_US_Biopsy\prostate_mri_us_biopsy\Prostate-MRI-US-Biopsy-0738\91249\22071\613dd48d-88d7-4147-bd14-170b4f170629.dcm,True,,,,0.0,,,0.0,,,0.0,
C:\Users\Gajendra\Desktop\D3_MONAI\Datasets\TCIA_IDC_Prostate_MRI_US_Biopsy\prostate_mri_us_biopsy\Prostate-MRI-US-Biopsy-0739\46706\80658\f6647f27-cf8d-4bb5-95d4-27fd938c5ed0.dcm,True,,,,0.0,,,0.0,,,0.0,
C:\Users\Gajendra\Desktop\D3_MONAI\Datasets\TCIA_IDC_Prostate_MRI_US_Biopsy\prostate_mri_us_biopsy\Prostate-MRI-US-Biopsy-0740\22518\15377\1e57c73e-e8cd-49d2-88c3-35c4481679f7.dcm,True,,,,0.0,,,0.0,,,0.0,
C:\Users\Gajendra\Desktop\D3_MONAI\Datasets\TCIA_IDC_Prostate_MRI_US_Biopsy\prostate_mri_us_biopsy\Prostate-MRI-US-Biopsy-0741\65823\73376\1a3c2fd3-808f-43e3-a54e-5cf28c07d8f3.dcm,True,,,,0.0,,,0.0,,,0.0,
C:\Users\Gajendra\Desktop\D3_MONAI\Datasets\TCIA_IDC_Prostate_MRI_US_Biopsy\prostate_mri_us_biopsy\Prostate-MRI-US-Biopsy-0742\84494\57037\b8886d7d-9d68-4d7c-8d04-d23413db33e7.dcm,True,,,,0.0,,,0.0,,,0.0,
C:\Users\Gajendra\Desktop\D3_MONAI\Datasets\TCIA_IDC_Prostate_MRI_US_Biopsy\prostate_mri_us_biopsy\Prostate-MRI-US-Biopsy-0743\76123\52702\c38786be-afd9-4e9a-846a-e79756b078a2.dcm,True,,,,0.0,,,0.0,,,0.0,
C:\Users\Gajendra\Desktop\D3_MONAI\Datasets\TCIA_IDC_Prostate_MRI_US_Biopsy\prostate_mri_us_biopsy\Prostate-MRI-US-Biopsy-0744\39478\77036\98141ad2-f1f5-48af-8998-8524fca80695.dcm,True,,,,0.0,,,0.0,,,0.0,
C:\Users\Gajendra\Desktop\D3_MONAI\Datasets\TCIA_IDC_Prostate_MRI_US_Biopsy\prostate_mri_us_biopsy\Prostate-MRI-US-Biopsy-0745\63725\89572\480dfe8e-a3a2-419f-8896-4308ec60a67f.dcm,True,,,,0.0,,,0.0,,,0.0,
C:\Users\Gajendra\Desktop\D3_MONAI\Datasets\TCIA_IDC_Prostate_MRI_US_Biopsy\prostate_mri_us_biopsy\Prostate-MRI-US-Biopsy-0746\50561\31092\fe15a1c4-d68b-4730-9682-425f09694ec5.dcm,True,,,,0.0,,,0.0,,,0.0,
C:\Users\Gajendra\Desktop\D3_MONAI\Datasets\TCIA_IDC_Prostate_MRI_US_Biopsy\prostate_mri_us_biopsy\Prostate-MRI-US-Biopsy-0747\49828\77144\cba1ec74-7b4f-45bf-a499-26f8e3661b5a.dcm,True,,,,0.0,,,0.0,,,0.0,
C:\Users\Gajendra\Desktop\D3_MONAI\Datasets\TCIA_IDC_Prostate_MRI_US_Biopsy\prostate_mri_us_biopsy\Prostate-MRI-US-Biopsy-0748\85978\40374\02dd8cc2-a7f6-4b15-8e9a-312894c875eb.dcm,True,,,,0.0,,,0.0,,,0.0,
C:\Users\Gajendra\Desktop\D3_MONAI\Datasets\TCIA_IDC_Prostate_MRI_US_Biopsy\prostate_mri_us_biopsy\Prostate-MRI-US-Biopsy-0749\49140\25766\852a2426-18d6-4c83-82f1-267cc9622233.dcm,True,,,,0.0,,,0.0,,,0.0,
C:\Users\Gajendra\Desktop\D3_MONAI\Datasets\TCIA_IDC_Prostate_MRI_US_Biopsy\prostate_mri_us_biopsy\Prostate-MRI-US-Biopsy-0750\02059\74716\c9bb2c26-6aa6-456b-ab3b-39110233726b.dcm,True,,,,0.0,,,0.0,,,0.0,
C:\Users\Gajendra\Desktop\D3_MONAI\Datasets\TCIA_IDC_Prostate_MRI_US_Biopsy\prostate_mri_us_biopsy\Prostate-MRI-US-Biopsy-0750\50502\78025\62525c57-92f8-4d7e-a7f5-9865e8684c5a.dcm,True,,,,0.0,,,0.0,,,0.0,
C:\Users\Gajendra\Desktop\D3_MONAI\Datasets\TCIA_IDC_Prostate_MRI_US_Biopsy\prostate_mri_us_biopsy\Prostate-MRI-US-Biopsy-0751\41049\23563\ffac2cea-eb6a-4c7b-aec1-ec3b05bcc296.dcm,True,,,,0.0,,,0.0,,,0.0,
C:\Users\Gajendra\Desktop\D3_MONAI\Datasets\TCIA_IDC_Prostate_MRI_US_Biopsy\prostate_mri_us_biopsy\Prostate-MRI-US-Biopsy-0752\93319\09100\8ee06f83-35d9-4291-a5af-680e4207a1af.dcm,True,,,,0.0,,,0.0,,,0.0,
C:\Users\Gajendra\Desktop\D3_MONAI\Datasets\TCIA_IDC_Prostate_MRI_US_Biopsy\prostate_mri_us_biopsy\Prostate-MRI-US-Biopsy-0753\07855\09409\a8790785-3ba5-471e-bd8e-ac0e3fcf697f.dcm,True,,,,0.0,,,0.0,,,0.0,
C:\Users\Gajendra\Desktop\D3_MONAI\Datasets\TCIA_IDC_Prostate_MRI_US_Biopsy\prostate_mri_us_biopsy\Prostate-MRI-US-Biopsy-0753\51847\53111\5a66671b-d28c-4d8e-921a-251c5676d23e.dcm,True,,,,0.0,,,0.0,,,0.0,
C:\Users\Gajendra\Desktop\D3_MONAI\Datasets\TCIA_IDC_Prostate_MRI_US_Biopsy\prostate_mri_us_biopsy\Prostate-MRI-US-Biopsy-0753\87648\62787\7c3b292e-fd14-4de9-bb01-4ff459d6875b.dcm,True,,,,0.0,,,0.0,,,0.0,
C:\Users\Gajendra\Desktop\D3_MONAI\Datasets\TCIA_IDC_Prostate_MRI_US_Biopsy\prostate_mri_us_biopsy\Prostate-MRI-US-Biopsy-0754\31959\00370\c1f2b6d4-5c56-4b71-b411-0ebcfaa74a9c.dcm,True,,,,0.0,,,0.0,,,0.0,
C:\Users\Gajendra\Desktop\D3_MONAI\Datasets\TCIA_IDC_Prostate_MRI_US_Biopsy\prostate_mri_us_biopsy\Prostate-MRI-US-Biopsy-0754\88060\40709\9cfd7bbb-85a6-49c4-8636-20da6c628bcd.dcm,True,,,,0.0,,,0.0,,,0.0,
C:\Users\Gajendra\Desktop\D3_MONAI\Datasets\TCIA_IDC_Prostate_MRI_US_Biopsy\prostate_mri_us_biopsy\Prostate-MRI-US-Biopsy-0755\03261\78466\d91043a5-1042-48e9-b98f-72273fcc231e.dcm,True,,,,0.0,,,0.0,,,0.0,
C:\Users\Gajendra\Desktop\D3_MONAI\Datasets\TCIA_IDC_Prostate_MRI_US_Biopsy\prostate_mri_us_biopsy\Prostate-MRI-US-Biopsy-0756\14152\58839\df836c5f-0b69-4a95-8346-4a141dd7bffd.dcm,True,,,,0.0,,,0.0,,,0.0,
C:\Users\Gajendra\Desktop\D3_MONAI\Datasets\TCIA_IDC_Prostate_MRI_US_Biopsy\prostate_mri_us_biopsy\Prostate-MRI-US-Biopsy-0756\21632\93422\95d1a3a0-c7e4-4115-ab0c-04ed25d52b53.dcm,True,,,,0.0,,,0.0,,,0.0,
C:\Users\Gajendra\Desktop\D3_MONAI\Datasets\TCIA_IDC_Prostate_MRI_US_Biopsy\prostate_mri_us_biopsy\Prostate-MRI-US-Biopsy-0756\26378\55399\1e147b1b-f39e-4b3c-8239-443caa5fb84d.dcm,True,,,,0.0,,,0.0,,,0.0,
C:\Users\Gajendra\Desktop\D3_MONAI\Datasets\TCIA_IDC_Prostate_MRI_US_Biopsy\prostate_mri_us_biopsy\Prostate-MRI-US-Biopsy-0757\27680\05134\325aa4bd-149a-4c1c-a8ec-2a7501ce01b6.dcm,True,,,,0.0,,,0.0,,,0.0,
C:\Users\Gajendra\Desktop\D3_MONAI\Datasets\TCIA_IDC_Prostate_MRI_US_Biopsy\prostate_mri_us_biopsy\Prostate-MRI-US-Biopsy-0757\38289\95257\d781c533-5c23-4706-87d4-9bb3e708f1cd.dcm,True,,,,0.0,,,0.0,,,0.0,
C:\Users\Gajendra\Desktop\D3_MONAI\Datasets\TCIA_IDC_Prostate_MRI_US_Biopsy\prostate_mri_us_biopsy\Prostate-MRI-US-Biopsy-0757\78596\68637\d08952c2-c8a0-4723-bf25-59d453898ede.dcm,True,,,,0.0,,,0.0,,,0.0,
C:\Users\Gajendra\Desktop\D3_MONAI\Datasets\TCIA_IDC_Prostate_MRI_US_Biopsy\prostate_mri_us_biopsy\Prostate-MRI-US-Biopsy-0758\60822\03745\075a1319-dfad-47f1-a266-6651886b4da8.dcm,True,,,,0.0,,,0.0,,,0.0,
C:\Users\Gajendra\Desktop\D3_MONAI\Datasets\TCIA_IDC_Prostate_MRI_US_Biopsy\prostate_mri_us_biopsy\Prostate-MRI-US-Biopsy-0759\43580\21024\2e774328-6a46-4285-b5a0-398f0d486b0c.dcm,True,,,,0.0,,,0.0,,,0.0,
C:\Users\Gajendra\Desktop\D3_MONAI\Datasets\TCIA_IDC_Prostate_MRI_US_Biopsy\prostate_mri_us_biopsy\Prostate-MRI-US-Biopsy-0760\25754\59942\139fcf60-58ec-4117-b3a2-55329ed38005.dcm,True,,,,0.0,,,0.0,,,0.0,
C:\Users\Gajendra\Desktop\D3_MONAI\Datasets\TCIA_IDC_Prostate_MRI_US_Biopsy\prostate_mri_us_biopsy\Prostate-MRI-US-Biopsy-0760\48765\58319\46dc8674-f9a4-4023-8744-8bae41daed42.dcm,True,,,,0.0,,,0.0,,,0.0,
C:\Users\Gajendra\Desktop\D3_MONAI\Datasets\TCIA_IDC_Prostate_MRI_US_Biopsy\prostate_mri_us_biopsy\Prostate-MRI-US-Biopsy-0760\85371\03947\959c76fc-4672-407e-8f6e-07e318ad9023.dcm,True,,,,0.0,,,0.0,,,0.0,
C:\Users\Gajendra\Desktop\D3_MONAI\Datasets\TCIA_IDC_Prostate_MRI_US_Biopsy\prostate_mri_us_biopsy\Prostate-MRI-US-Biopsy-0760\88998\30768\ae691e99-f244-4c90-aaa0-9c36304f4408.dcm,True,,,,0.0,,,0.0,,,0.0,
C:\Users\Gajendra\Desktop\D3_MONAI\Datasets\TCIA_IDC_Prostate_MRI_US_Biopsy\prostate_mri_us_biopsy\Prostate-MRI-US-Biopsy-0760\93633\33025\13acf39c-191c-4b57-aad9-5c0e4a0e84a9.dcm,True,,,,0.0,,,0.0,,,0.0,
C:\Users\Gajendra\Desktop\D3_MONAI\Datasets\TCIA_IDC_Prostate_MRI_US_Biopsy\prostate_mri_us_biopsy\Prostate-MRI-US-Biopsy-0761\20013\53446\241e231b-f2fa-46de-b373-b5f760fbb125.dcm,True,,,,0.0,,,0.0,,,0.0,
C:\Users\Gajendra\Desktop\D3_MONAI\Datasets\TCIA_IDC_Prostate_MRI_US_Biopsy\prostate_mri_us_biopsy\Prostate-MRI-US-Biopsy-0761\63346\62425\7f5afd65-b0fa-442f-bf1e-3bc2871ad974.dcm,True,,,,0.0,,,0.0,,,0.0,
C:\Users\Gajendra\Desktop\D3_MONAI\Datasets\TCIA_IDC_Prostate_MRI_US_Biopsy\prostate_mri_us_biopsy\Prostate-MRI-US-Biopsy-0762\78237\99384\ebed39e6-6b88-40c7-9e00-b082567bf115.dcm,True,,,,0.0,,,0.0,,,0.0,
C:\Users\Gajendra\Desktop\D3_MONAI\Datasets\TCIA_IDC_Prostate_MRI_US_Biopsy\prostate_mri_us_biopsy\Prostate-MRI-US-Biopsy-0763\86203\76954\e3783a75-8996-483e-8bb1-6e955583d225.dcm,True,,,,0.0,,,0.0,,,0.0,
C:\Users\Gajendra\Desktop\D3_MONAI\Datasets\TCIA_IDC_Prostate_MRI_US_Biopsy\prostate_mri_us_biopsy\Prostate-MRI-US-Biopsy-0764\65547\04651\9040bd43-c84a-4978-bd46-1a0fd994465c.dcm,True,,,,0.0,,,0.0,,,0.0,
C:\Users\Gajendra\Desktop\D3_MONAI\Datasets\TCIA_IDC_Prostate_MRI_US_Biopsy\prostate_mri_us_biopsy\Prostate-MRI-US-Biopsy-0765\50336\84808\549ee68a-c442-4943-bf12-d3be0070dade.dcm,True,,,,0.0,,,0.0,,,0.0,
C:\Users\Gajendra\Desktop\D3_MONAI\Datasets\TCIA_IDC_Prostate_MRI_US_Biopsy\prostate_mri_us_biopsy\Prostate-MRI-US-Biopsy-0766\34405\21862\5257c45f-401a-4cb8-b9b2-b99e08443b9b.dcm,True,,,,0.0,,,0.0,,,0.0,
C:\Users\Gajendra\Desktop\D3_MONAI\Datasets\TCIA_IDC_Prostate_MRI_US_Biopsy\prostate_mri_us_biopsy\Prostate-MRI-US-Biopsy-0766\67226\74042\3cd93f62-2d98-4eee-a46d-b3be4efdd058.dcm,True,,,,0.0,,,0.0,,,0.0,
C:\Users\Gajendra\Desktop\D3_MONAI\Datasets\TCIA_IDC_Prostate_MRI_US_Biopsy\prostate_mri_us_biopsy\Prostate-MRI-US-Biopsy-0766\69685\59403\38b4cea0-9944-4c02-bba4-dc8728848287.dcm,True,,,,0.0,,,0.0,,,0.0,
C:\Users\Gajendra\Desktop\D3_MONAI\Datasets\TCIA_IDC_Prostate_MRI_US_Biopsy\prostate_mri_us_biopsy\Prostate-MRI-US-Biopsy-0767\12325\01587\bbcd19d9-27c8-48ea-8082-21f2c3e11bc2.dcm,True,,,,0.0,,,0.0,,,0.0,
C:\Users\Gajendra\Desktop\D3_MONAI\Datasets\TCIA_IDC_Prostate_MRI_US_Biopsy\prostate_mri_us_biopsy\Prostate-MRI-US-Biopsy-0767\17543\15264\3b043c75-1180-4102-8899-1f78e448e77a.dcm,True,,,,0.0,,,0.0,,,0.0,
C:\Users\Gajendra\Desktop\D3_MONAI\Datasets\TCIA_IDC_Prostate_MRI_US_Biopsy\prostate_mri_us_biopsy\Prostate-MRI-US-Biopsy-0767\60458\44432\35de3de1-c69e-45ed-9eb3-b0d851299e7d.dcm,True,,,,0.0,,,0.0,,,0.0,
C:\Users\Gajendra\Desktop\D3_MONAI\Datasets\TCIA_IDC_Prostate_MRI_US_Biopsy\prostate_mri_us_biopsy\Prostate-MRI-US-Biopsy-0768\03805\31329\4b10613e-23d0-4bd1-9519-a87419af02d6.dcm,True,,,,0.0,,,0.0,,,0.0,
C:\Users\Gajendra\Desktop\D3_MONAI\Datasets\TCIA_IDC_Prostate_MRI_US_Biopsy\prostate_mri_us_biopsy\Prostate-MRI-US-Biopsy-0768\37510\66135\441b9ed4-e250-4c61-af30-aac1fb8f426a.dcm,True,,,,0.0,,,0.0,,,0.0,
C:\Users\Gajendra\Desktop\D3_MONAI\Datasets\TCIA_IDC_Prostate_MRI_US_Biopsy\prostate_mri_us_biopsy\Prostate-MRI-US-Biopsy-0768\65487\95617\bc08c99b-4d4f-4535-a560-1c30a74e03ad.dcm,True,,,,0.0,,,0.0,,,0.0,
C:\Users\Gajendra\Desktop\D3_MONAI\Datasets\TCIA_IDC_Prostate_MRI_US_Biopsy\prostate_mri_us_biopsy\Prostate-MRI-US-Biopsy-0769\01190\25279\74f82f9c-88f1-49ea-8280-10b138ab932a.dcm,True,,,,0.0,,,0.0,,,0.0,
C:\Users\Gajendra\Desktop\D3_MONAI\Datasets\TCIA_IDC_Prostate_MRI_US_Biopsy\prostate_mri_us_biopsy\Prostate-MRI-US-Biopsy-0769\73427\37735\fb89cc6e-c8b8-457e-a394-8e9616291130.dcm,True,,,,0.0,,,0.0,,,0.0,
C:\Users\Gajendra\Desktop\D3_MONAI\Datasets\TCIA_IDC_Prostate_MRI_US_Biopsy\prostate_mri_us_biopsy\Prostate-MRI-US-Biopsy-0769\99431\75986\ff9fa70c-aaf6-4edb-8de1-05d79bf41b13.dcm,True,,,,0.0,,,0.0,,,0.0,
C:\Users\Gajendra\Desktop\D3_MONAI\Datasets\TCIA_IDC_Prostate_MRI_US_Biopsy\prostate_mri_us_biopsy\Prostate-MRI-US-Biopsy-0770\35095\66171\7ed5fbb2-8874-4e06-b732-7756762f5b3d.dcm,True,,,,0.0,,,0.0,,,0.0,
C:\Users\Gajendra\Desktop\D3_MONAI\Datasets\TCIA_IDC_Prostate_MRI_US_Biopsy\prostate_mri_us_biopsy\Prostate-MRI-US-Biopsy-0771\35862\63537\10423ad1-3e9b-44d7-b3f6-c75c524dc010.dcm,True,,,,0.0,,,0.0,,,0.0,
C:\Users\Gajendra\Desktop\D3_MONAI\Datasets\TCIA_IDC_Prostate_MRI_US_Biopsy\prostate_mri_us_biopsy\Prostate-MRI-US-Biopsy-0772\55463\45517\1d6ca043-94c2-4f1d-92a5-1b925a821d84.dcm,True,,,,0.0,,,0.0,,,0.0,
C:\Users\Gajendra\Desktop\D3_MONAI\Datasets\TCIA_IDC_Prostate_MRI_US_Biopsy\prostate_mri_us_biopsy\Prostate-MRI-US-Biopsy-0772\92599\09453\d6f68e0a-ac67-4769-abf5-587783c28bd7.dcm,True,,,,0.0,,,0.0,,,0.0,
C:\Users\Gajendra\Desktop\D3_MONAI\Datasets\TCIA_IDC_Prostate_MRI_US_Biopsy\prostate_mri_us_biopsy\Prostate-MRI-US-Biopsy-0773\43621\86070\a1708742-98f3-4e72-89ef-fd8f394443e5.dcm,True,,,,0.0,,,0.0,,,0.0,
C:\Users\Gajendra\Desktop\D3_MONAI\Datasets\TCIA_IDC_Prostate_MRI_US_Biopsy\prostate_mri_us_biopsy\Prostate-MRI-US-Biopsy-0773\75515\75073\51e6f4f9-a9e4-41b3-9314-e75d7b5ffd5a.dcm,True,,,,0.0,,,0.0,,,0.0,
C:\Users\Gajendra\Desktop\D3_MONAI\Datasets\TCIA_IDC_Prostate_MRI_US_Biopsy\prostate_mri_us_biopsy\Prostate-MRI-US-Biopsy-0774\04468\16166\c0fcd872-e85f-4a2a-9357-e17fd0f62efb.dcm,True,,,,0.0,,,0.0,,,0.0,
C:\Users\Gajendra\Desktop\D3_MONAI\Datasets\TCIA_IDC_Prostate_MRI_US_Biopsy\prostate_mri_us_biopsy\Prostate-MRI-US-Biopsy-0774\25915\27444\3f295a0d-2512-4b76-9f86-6b9f96bcb87d.dcm,True,,,,0.0,,,0.0,,,0.0,
C:\Users\Gajendra\Desktop\D3_MONAI\Datasets\TCIA_IDC_Prostate_MRI_US_Biopsy\prostate_mri_us_biopsy\Prostate-MRI-US-Biopsy-0774\65737\90591\0fee65a3-1807-4b04-afb9-5c2ae311168a.dcm,True,,,,0.0,,,0.0,,,0.0,
C:\Users\Gajendra\Desktop\D3_MONAI\Datasets\TCIA_IDC_Prostate_MRI_US_Biopsy\prostate_mri_us_biopsy\Prostate-MRI-US-Biopsy-0774\93072\41663\864ec534-0241-4d8e-ab0a-600370d5e95c.dcm,True,,,,0.0,,,0.0,,,0.0,
C:\Users\Gajendra\Desktop\D3_MONAI\Datasets\TCIA_IDC_Prostate_MRI_US_Biopsy\prostate_mri_us_biopsy\Prostate-MRI-US-Biopsy-0775\11716\34836\6be7b593-c035-4f7d-99b0-8835e86cb0e2.dcm,True,,,,0.0,,,0.0,,,0.0,
C:\Users\Gajendra\Desktop\D3_MONAI\Datasets\TCIA_IDC_Prostate_MRI_US_Biopsy\prostate_mri_us_biopsy\Prostate-MRI-US-Biopsy-0775\35951\96615\b1634b55-bc2e-4e6f-9d51-8c563cd64b60.dcm,True,,,,0.0,,,0.0,,,0.0,
C:\Users\Gajendra\Desktop\D3_MONAI\Datasets\TCIA_IDC_Prostate_MRI_US_Biopsy\prostate_mri_us_biopsy\Prostate-MRI-US-Biopsy-0775\64912\75780\2033e2a3-0669-4395-85bc-bf348ecfbd88.dcm,True,,,,0.0,,,0.0,,,0.0,
C:\Users\Gajendra\Desktop\D3_MONAI\Datasets\TCIA_IDC_Prostate_MRI_US_Biopsy\prostate_mri_us_biopsy\Prostate-MRI-US-Biopsy-0775\74704\41136\f1c1ded5-8b3f-4d14-84ea-db6b0b2e63bd.dcm,True,,,,0.0,,,0.0,,,0.0,
C:\Users\Gajendra\Desktop\D3_MONAI\Datasets\TCIA_IDC_Prostate_MRI_US_Biopsy\prostate_mri_us_biopsy\Prostate-MRI-US-Biopsy-0776\80195\54886\e33c9455-044d-4424-a826-7e257022211b.dcm,True,,,,0.0,,,0.0,,,0.0,
C:\Users\Gajendra\Desktop\D3_MONAI\Datasets\TCIA_IDC_Prostate_MRI_US_Biopsy\prostate_mri_us_biopsy\Prostate-MRI-US-Biopsy-0777\21225\90066\5a430534-da2e-4e54-9290-7735a4fe129c.dcm,True,,,,0.0,,,0.0,,,0.0,
C:\Users\Gajendra\Desktop\D3_MONAI\Datasets\TCIA_IDC_Prostate_MRI_US_Biopsy\prostate_mri_us_biopsy\Prostate-MRI-US-Biopsy-0777\61971\11103\ebee18a6-b8a7-4d29-b7cd-fc1105c7c17d.dcm,True,,,,0.0,,,0.0,,,0.0,
C:\Users\Gajendra\Desktop\D3_MONAI\Datasets\TCIA_IDC_Prostate_MRI_US_Biopsy\prostate_mri_us_biopsy\Prostate-MRI-US-Biopsy-0778\02634\28230\c9d1ba67-dd40-4589-bf23-600daf2e48d9.dcm,True,,,,0.0,,,0.0,,,0.0,
C:\Users\Gajendra\Desktop\D3_MONAI\Datasets\TCIA_IDC_Prostate_MRI_US_Biopsy\prostate_mri_us_biopsy\Prostate-MRI-US-Biopsy-0779\20492\32191\93bf53bf-c51b-4050-a6c0-1c965eb653fd.dcm,True,,,,0.0,,,0.0,,,0.0,
C:\Users\Gajendra\Desktop\D3_MONAI\Datasets\TCIA_IDC_Prostate_MRI_US_Biopsy\prostate_mri_us_biopsy\Prostate-MRI-US-Biopsy-0780\58125\24745\a7c9f998-f198-49b9-adc0-ce056eeb52a4.dcm,True,,,,0.0,,,0.0,,,0.0,
C:\Users\Gajendra\Desktop\D3_MONAI\Datasets\TCIA_IDC_Prostate_MRI_US_Biopsy\prostate_mri_us_biopsy\Prostate-MRI-US-Biopsy-0781\11240\53076\eb3cbacf-c316-47ac-9545-6ad9b60c2a29.dcm,True,,,,0.0,,,0.0,,,0.0,
C:\Users\Gajendra\Desktop\D3_MONAI\Datasets\TCIA_IDC_Prostate_MRI_US_Biopsy\prostate_mri_us_biopsy\Prostate-MRI-US-Biopsy-0781\97117\99807\b5de9cdb-2435-49da-a85d-7f08ba99fdd9.dcm,True,,,,0.0,,,0.0,,,0.0,
C:\Users\Gajendra\Desktop\D3_MONAI\Datasets\TCIA_IDC_Prostate_MRI_US_Biopsy\prostate_mri_us_biopsy\Prostate-MRI-US-Biopsy-0782\91507\04939\63626c34-a4ec-4ec1-8449-a213dc90d110.dcm,True,,,,0.0,,,0.0,,,0.0,
C:\Users\Gajendra\Desktop\D3_MONAI\Datasets\TCIA_IDC_Prostate_MRI_US_Biopsy\prostate_mri_us_biopsy\Prostate-MRI-US-Biopsy-0783\89661\65746\3a63ddcc-df31-49f8-9793-5e0381af4297.dcm,True,,,,0.0,,,0.0,,,0.0,
C:\Users\Gajendra\Desktop\D3_MONAI\Datasets\TCIA_IDC_Prostate_MRI_US_Biopsy\prostate_mri_us_biopsy\Prostate-MRI-US-Biopsy-0783\89769\94791\6adfe17c-6967-4ce0-9889-91a273deb162.dcm,True,,,,0.0,,,0.0,,,0.0,
C:\Users\Gajendra\Desktop\D3_MONAI\Datasets\TCIA_IDC_Prostate_MRI_US_Biopsy\prostate_mri_us_biopsy\Prostate-MRI-US-Biopsy-0783\97635\82512\c6d9e334-45cb-40a8-be4a-feb559cabd69.dcm,True,,,,0.0,,,0.0,,,0.0,
C:\Users\Gajendra\Desktop\D3_MONAI\Datasets\TCIA_IDC_Prostate_MRI_US_Biopsy\prostate_mri_us_biopsy\Prostate-MRI-US-Biopsy-0784\23681\92125\3331976d-afcc-4731-8cf1-382eb684e437.dcm,True,,,,0.0,,,0.0,,,0.0,
C:\Users\Gajendra\Desktop\D3_MONAI\Datasets\TCIA_IDC_Prostate_MRI_US_Biopsy\prostate_mri_us_biopsy\Prostate-MRI-US-Biopsy-0784\28988\88233\ed8909d7-5077-4d2e-a3cc-408c4b704b84.dcm,True,,,,0.0,,,0.0,,,0.0,
C:\Users\Gajendra\Desktop\D3_MONAI\Datasets\TCIA_IDC_Prostate_MRI_US_Biopsy\prostate_mri_us_biopsy\Prostate-MRI-US-Biopsy-0784\45358\23853\3dae2afb-4dbb-4bea-891a-baee198de081.dcm,True,,,,0.0,,,0.0,,,0.0,
C:\Users\Gajendra\Desktop\D3_MONAI\Datasets\TCIA_IDC_Prostate_MRI_US_Biopsy\prostate_mri_us_biopsy\Prostate-MRI-US-Biopsy-0785\25727\57541\5d844b67-6978-4679-b94d-87eafa2e86a5.dcm,True,,,,0.0,,,0.0,,,0.0,
C:\Users\Gajendra\Desktop\D3_MONAI\Datasets\TCIA_IDC_Prostate_MRI_US_Biopsy\prostate_mri_us_biopsy\Prostate-MRI-US-Biopsy-0786\91985\40941\e47bbaa2-dd8f-4b47-8feb-e5a1a3de8b63.dcm,True,,,,0.0,,,0.0,,,0.0,
C:\Users\Gajendra\Desktop\D3_MONAI\Datasets\TCIA_IDC_Prostate_MRI_US_Biopsy\prostate_mri_us_biopsy\Prostate-MRI-US-Biopsy-0787\28540\28898\8fd5b03f-35ee-4090-a522-ef1db0d96506.dcm,True,,,,0.0,,,0.0,,,0.0,
C:\Users\Gajendra\Desktop\D3_MONAI\Datasets\TCIA_IDC_Prostate_MRI_US_Biopsy\prostate_mri_us_biopsy\Prostate-MRI-US-Biopsy-0787\52061\45152\ac5475db-8d6e-4f7e-8913-38afb225697d.dcm,True,,,,0.0,,,0.0,,,0.0,
C:\Users\Gajendra\Desktop\D3_MONAI\Datasets\TCIA_IDC_Prostate_MRI_US_Biopsy\prostate_mri_us_biopsy\Prostate-MRI-US-Biopsy-0787\96616\60218\92e461c7-2aa8-45bd-8b7b-3cd8f364244c.dcm,True,,,,0.0,,,0.0,,,0.0,
C:\Users\Gajendra\Desktop\D3_MONAI\Datasets\TCIA_IDC_Prostate_MRI_US_Biopsy\prostate_mri_us_biopsy\Prostate-MRI-US-Biopsy-0788\91471\09013\65d41902-50b1-4aca-b543-6c353668939f.dcm,True,,,,0.0,,,0.0,,,0.0,
C:\Users\Gajendra\Desktop\D3_MONAI\Datasets\TCIA_IDC_Prostate_MRI_US_Biopsy\prostate_mri_us_biopsy\Prostate-MRI-US-Biopsy-0789\06152\61434\345abdf7-546e-403e-842a-39e234a1d921.dcm,True,,,,0.0,,,0.0,,,0.0,
C:\Users\Gajendra\Desktop\D3_MONAI\Datasets\TCIA_IDC_Prostate_MRI_US_Biopsy\prostate_mri_us_biopsy\Prostate-MRI-US-Biopsy-0790\32042\10936\949ee1c3-5cbc-4b45-ac45-2914873e95a4.dcm,True,,,,0.0,,,0.0,,,0.0,
C:\Users\Gajendra\Desktop\D3_MONAI\Datasets\TCIA_IDC_Prostate_MRI_US_Biopsy\prostate_mri_us_biopsy\Prostate-MRI-US-Biopsy-0790\33382\42247\45d8a361-d039-4dfc-a4c4-c26a3ba13f28.dcm,True,,,,0.0,,,0.0,,,0.0,
C:\Users\Gajendra\Desktop\D3_MONAI\Datasets\TCIA_IDC_Prostate_MRI_US_Biopsy\prostate_mri_us_biopsy\Prostate-MRI-US-Biopsy-0790\56967\72334\c0d8c9de-6d90-4756-a9d0-c0d63745775a.dcm,True,,,,0.0,,,0.0,,,0.0,
C:\Users\Gajendra\Desktop\D3_MONAI\Datasets\TCIA_IDC_Prostate_MRI_US_Biopsy\prostate_mri_us_biopsy\Prostate-MRI-US-Biopsy-0790\57535\11135\215f99a5-fe23-4aab-aec5-98ce24ee5c74.dcm,True,,,,0.0,,,0.0,,,0.0,
C:\Users\Gajendra\Desktop\D3_MONAI\Datasets\TCIA_IDC_Prostate_MRI_US_Biopsy\prostate_mri_us_biopsy\Prostate-MRI-US-Biopsy-0791\54435\45703\202b0396-d789-406d-8e56-fb29fc57bc3e.dcm,True,,,,0.0,,,0.0,,,0.0,
C:\Users\Gajendra\Desktop\D3_MONAI\Datasets\TCIA_IDC_Prostate_MRI_US_Biopsy\prostate_mri_us_biopsy\Prostate-MRI-US-Biopsy-0792\00241\12474\c3631d1e-3fea-4364-a77e-c1b0d3f1b946.dcm,True,,,,0.0,,,0.0,,,0.0,
C:\Users\Gajendra\Desktop\D3_MONAI\Datasets\TCIA_IDC_Prostate_MRI_US_Biopsy\prostate_mri_us_biopsy\Prostate-MRI-US-Biopsy-0792\45738\12648\08de5cb5-a6c8-4b61-bb68-abcdd71395b8.dcm,True,,,,0.0,,,0.0,,,0.0,
C:\Users\Gajendra\Desktop\D3_MONAI\Datasets\TCIA_IDC_Prostate_MRI_US_Biopsy\prostate_mri_us_biopsy\Prostate-MRI-US-Biopsy-0792\68416\26669\3e6d9ef8-d2ec-4421-922e-3536c94f8e81.dcm,True,,,,0.0,,,0.0,,,0.0,
C:\Users\Gajendra\Desktop\D3_MONAI\Datasets\TCIA_IDC_Prostate_MRI_US_Biopsy\prostate_mri_us_biopsy\Prostate-MRI-US-Biopsy-0793\31428\14579\ba8c1be5-f77c-44c9-b6d7-4e39d549d64a.dcm,True,,,,0.0,,,0.0,,,0.0,
C:\Users\Gajendra\Desktop\D3_MONAI\Datasets\TCIA_IDC_Prostate_MRI_US_Biopsy\prostate_mri_us_biopsy\Prostate-MRI-US-Biopsy-0793\54846\20026\2b8b85c7-9c20-4343-bfd5-8aaeb11e002e.dcm,True,,,,0.0,,,0.0,,,0.0,
C:\Users\Gajendra\Desktop\D3_MONAI\Datasets\TCIA_IDC_Prostate_MRI_US_Biopsy\prostate_mri_us_biopsy\Prostate-MRI-US-Biopsy-0793\58417\07085\fe69d3ac-dc7e-49a7-a52a-8b003c3053b7.dcm,True,,,,0.0,,,0.0,,,0.0,
C:\Users\Gajendra\Desktop\D3_MONAI\Datasets\TCIA_IDC_Prostate_MRI_US_Biopsy\prostate_mri_us_biopsy\Prostate-MRI-US-Biopsy-0793\88155\80691\8177cbad-3ba2-453f-a936-db5dc33cd01a.dcm,True,,,,0.0,,,0.0,,,0.0,
C:\Users\Gajendra\Desktop\D3_MONAI\Datasets\TCIA_IDC_Prostate_MRI_US_Biopsy\prostate_mri_us_biopsy\Prostate-MRI-US-Biopsy-0793\94742\56344\0faecf49-8eab-4868-9690-492239ee3194.dcm,True,,,,0.0,,,0.0,,,0.0,
C:\Users\Gajendra\Desktop\D3_MONAI\Datasets\TCIA_IDC_Prostate_MRI_US_Biopsy\prostate_mri_us_biopsy\Prostate-MRI-US-Biopsy-0794\13086\29719\4aa4660b-9d3c-4e89-94c1-38a34be46ec7.dcm,True,,,,0.0,,,0.0,,,0.0,
C:\Users\Gajendra\Desktop\D3_MONAI\Datasets\TCIA_IDC_Prostate_MRI_US_Biopsy\prostate_mri_us_biopsy\Prostate-MRI-US-Biopsy-0794\98347\25412\a9d8be91-1403-42a6-8cd6-3e1576095d25.dcm,True,,,,0.0,,,0.0,,,0.0,
C:\Users\Gajendra\Desktop\D3_MONAI\Datasets\TCIA_IDC_Prostate_MRI_US_Biopsy\prostate_mri_us_biopsy\Prostate-MRI-US-Biopsy-0795\18829\41573\6192e6ab-2f8b-4ac6-a23f-615e33ab8323.dcm,True,,,,0.0,,,0.0,,,0.0,
C:\Users\Gajendra\Desktop\D3_MONAI\Datasets\TCIA_IDC_Prostate_MRI_US_Biopsy\prostate_mri_us_biopsy\Prostate-MRI-US-Biopsy-0795\21967\91305\3c3226db-9ee1-4b8a-828d-8db8c6f721f2.dcm,True,,,,0.0,,,0.0,,,0.0,
C:\Users\Gajendra\Desktop\D3_MONAI\Datasets\TCIA_IDC_Prostate_MRI_US_Biopsy\prostate_mri_us_biopsy\Prostate-MRI-US-Biopsy-0795\38145\12427\cce253a1-eedc-40b4-841b-e8213d74d41d.dcm,True,,,,0.0,,,0.0,,,0.0,
C:\Users\Gajendra\Desktop\D3_MONAI\Datasets\TCIA_IDC_Prostate_MRI_US_Biopsy\prostate_mri_us_biopsy\Prostate-MRI-US-Biopsy-0796\36616\41034\4d7ce527-0bc8-422a-8fc2-e162ed9c0304.dcm,True,,,,0.0,,,0.0,,,0.0,
C:\Users\Gajendra\Desktop\D3_MONAI\Datasets\TCIA_IDC_Prostate_MRI_US_Biopsy\prostate_mri_us_biopsy\Prostate-MRI-US-Biopsy-0796\99123\97023\0e2a894b-b2ab-4aaa-980a-44714c3e2f2e.dcm,True,,,,0.0,,,0.0,,,0.0,
C:\Users\Gajendra\Desktop\D3_MONAI\Datasets\TCIA_IDC_Prostate_MRI_US_Biopsy\prostate_mri_us_biopsy\Prostate-MRI-US-Biopsy-0797\25372\45931\2a60f025-34de-4746-8520-f89c076a330c.dcm,True,,,,0.0,,,0.0,,,0.0,
C:\Users\Gajendra\Desktop\D3_MONAI\Datasets\TCIA_IDC_Prostate_MRI_US_Biopsy\prostate_mri_us_biopsy\Prostate-MRI-US-Biopsy-0798\22310\49097\95ac2b24-59df-4428-9de1-846a772add33.dcm,True,,,,0.0,,,0.0,,,0.0,
C:\Users\Gajendra\Desktop\D3_MONAI\Datasets\TCIA_IDC_Prostate_MRI_US_Biopsy\prostate_mri_us_biopsy\Prostate-MRI-US-Biopsy-0798\59212\65861\2b4848fa-9a4b-4f19-8afa-91090d1449a4.dcm,True,,,,0.0,,,0.0,,,0.0,
C:\Users\Gajendra\Desktop\D3_MONAI\Datasets\TCIA_IDC_Prostate_MRI_US_Biopsy\prostate_mri_us_biopsy\Prostate-MRI-US-Biopsy-0799\50500\28771\20f8ba79-b5f1-4f79-9579-98ebae863be5.dcm,True,,,,0.0,,,0.0,,,0.0,
C:\Users\Gajendra\Desktop\D3_MONAI\Datasets\TCIA_IDC_Prostate_MRI_US_Biopsy\prostate_mri_us_biopsy\Prostate-MRI-US-Biopsy-0799\58610\58577\8e0a4cc0-0f59-4fae-b453-c790fc9b167f.dcm,True,,,,0.0,,,0.0,,,0.0,
C:\Users\Gajendra\Desktop\D3_MONAI\Datasets\TCIA_IDC_Prostate_MRI_US_Biopsy\prostate_mri_us_biopsy\Prostate-MRI-US-Biopsy-0800\23252\43481\1fe2398b-63e4-4319-a990-db17f21a7d95.dcm,True,,,,0.0,,,0.0,,,0.0,
C:\Users\Gajendra\Desktop\D3_MONAI\Datasets\TCIA_IDC_Prostate_MRI_US_Biopsy\prostate_mri_us_biopsy\Prostate-MRI-US-Biopsy-0801\77360\10842\d51e18c9-cded-441a-868f-c79878a4fa6b.dcm,True,,,,0.0,,,0.0,,,0.0,
C:\Users\Gajendra\Desktop\D3_MONAI\Datasets\TCIA_IDC_Prostate_MRI_US_Biopsy\prostate_mri_us_biopsy\Prostate-MRI-US-Biopsy-0802\41711\59286\c469cf22-7ec5-4a1c-a2bc-25438820c8c4.dcm,True,,,,0.0,,,0.0,,,0.0,
C:\Users\Gajendra\Desktop\D3_MONAI\Datasets\TCIA_IDC_Prostate_MRI_US_Biopsy\prostate_mri_us_biopsy\Prostate-MRI-US-Biopsy-0803\28464\62428\4b4a1dd1-c173-4685-8369-e7a71863d57f.dcm,True,,,,0.0,,,0.0,,,0.0,
C:\Users\Gajendra\Desktop\D3_MONAI\Datasets\TCIA_IDC_Prostate_MRI_US_Biopsy\prostate_mri_us_biopsy\Prostate-MRI-US-Biopsy-0804\12236\35096\e422e593-e7db-4e68-9fa4-d111c5cd2754.dcm,True,,,,0.0,,,0.0,,,0.0,
C:\Users\Gajendra\Desktop\D3_MONAI\Datasets\TCIA_IDC_Prostate_MRI_US_Biopsy\prostate_mri_us_biopsy\Prostate-MRI-US-Biopsy-0805\55816\84919\faf6888e-3557-4e6d-b05b-1706be5d37ec.dcm,True,,,,0.0,,,0.0,,,0.0,
C:\Users\Gajendra\Desktop\D3_MONAI\Datasets\TCIA_IDC_Prostate_MRI_US_Biopsy\prostate_mri_us_biopsy\Prostate-MRI-US-Biopsy-0806\23554\50353\e51c20b6-072d-4f36-9f08-e6f799649877.dcm,True,,,,0.0,,,0.0,,,0.0,
C:\Users\Gajendra\Desktop\D3_MONAI\Datasets\TCIA_IDC_Prostate_MRI_US_Biopsy\prostate_mri_us_biopsy\Prostate-MRI-US-Biopsy-0806\60190\28123\6e1a8ce8-514e-4812-8c66-51b4f6934950.dcm,True,,,,0.0,,,0.0,,,0.0,
C:\Users\Gajendra\Desktop\D3_MONAI\Datasets\TCIA_IDC_Prostate_MRI_US_Biopsy\prostate_mri_us_biopsy\Prostate-MRI-US-Biopsy-0807\86232\37392\8899029b-6b72-4167-a767-e6bd1183d83e.dcm,True,,,,0.0,,,0.0,,,0.0,
C:\Users\Gajendra\Desktop\D3_MONAI\Datasets\TCIA_IDC_Prostate_MRI_US_Biopsy\prostate_mri_us_biopsy\Prostate-MRI-US-Biopsy-0807\91546\79698\b204d558-28e7-4a6c-9230-79c3239ad2ad.dcm,True,,,,0.0,,,0.0,,,0.0,
C:\Users\Gajendra\Desktop\D3_MONAI\Datasets\TCIA_IDC_Prostate_MRI_US_Biopsy\prostate_mri_us_biopsy\Prostate-MRI-US-Biopsy-0808\03455\56313\288ac84b-f062-4bdf-b8ca-e88b7c1b075b.dcm,True,,,,0.0,,,0.0,,,0.0,
C:\Users\Gajendra\Desktop\D3_MONAI\Datasets\TCIA_IDC_Prostate_MRI_US_Biopsy\prostate_mri_us_biopsy\Prostate-MRI-US-Biopsy-0809\13769\99923\cc338ca3-c6cb-4cc5-96e9-5132960e7d4e.dcm,True,,,,0.0,,,0.0,,,0.0,
C:\Users\Gajendra\Desktop\D3_MONAI\Datasets\TCIA_IDC_Prostate_MRI_US_Biopsy\prostate_mri_us_biopsy\Prostate-MRI-US-Biopsy-0810\24626\39823\f5131bd4-8b6c-4aad-baee-3692a5b1b359.dcm,True,,,,0.0,,,0.0,,,0.0,
C:\Users\Gajendra\Desktop\D3_MONAI\Datasets\TCIA_IDC_Prostate_MRI_US_Biopsy\prostate_mri_us_biopsy\Prostate-MRI-US-Biopsy-0811\51909\36908\b8ad648a-d7f3-4b72-a0e8-99d57796ca4b.dcm,True,,,,0.0,,,0.0,,,0.0,
C:\Users\Gajendra\Desktop\D3_MONAI\Datasets\TCIA_IDC_Prostate_MRI_US_Biopsy\prostate_mri_us_biopsy\Prostate-MRI-US-Biopsy-0812\24864\02624\51b172cc-3a58-4fbc-9554-ced1f22b844d.dcm,True,,,,0.0,,,0.0,,,0.0,
C:\Users\Gajendra\Desktop\D3_MONAI\Datasets\TCIA_IDC_Prostate_MRI_US_Biopsy\prostate_mri_us_biopsy\Prostate-MRI-US-Biopsy-0812\75459\72798\cda04411-db4c-47dd-9a99-3fc7ef2425ec.dcm,True,,,,0.0,,,0.0,,,0.0,
C:\Users\Gajendra\Desktop\D3_MONAI\Datasets\TCIA_IDC_Prostate_MRI_US_Biopsy\prostate_mri_us_biopsy\Prostate-MRI-US-Biopsy-0813\86884\75454\7d6e74e6-60aa-46ff-baa3-f587b3f0cdb9.dcm,True,,,,0.0,,,0.0,,,0.0,
C:\Users\Gajendra\Desktop\D3_MONAI\Datasets\TCIA_IDC_Prostate_MRI_US_Biopsy\prostate_mri_us_biopsy\Prostate-MRI-US-Biopsy-0813\93699\66976\f955f4a8-0992-40c1-9e2c-caa2b37a5712.dcm,True,,,,0.0,,,0.0,,,0.0,
C:\Users\Gajendra\Desktop\D3_MONAI\Datasets\TCIA_IDC_Prostate_MRI_US_Biopsy\prostate_mri_us_biopsy\Prostate-MRI-US-Biopsy-0814\39415\86512\94195cca-2b79-40f5-bfb1-a3d17685df20.dcm,True,,,,0.0,,,0.0,,,0.0,
C:\Users\Gajendra\Desktop\D3_MONAI\Datasets\TCIA_IDC_Prostate_MRI_US_Biopsy\prostate_mri_us_biopsy\Prostate-MRI-US-Biopsy-0815\55669\99972\c66c4670-684d-4a20-b3b3-b5c3f2cb82c0.dcm,True,,,,0.0,,,0.0,,,0.0,
C:\Users\Gajendra\Desktop\D3_MONAI\Datasets\TCIA_IDC_Prostate_MRI_US_Biopsy\prostate_mri_us_biopsy\Prostate-MRI-US-Biopsy-0815\68355\45980\0f4564c1-4177-4aa3-9715-f40b251b8bc3.dcm,True,,,,0.0,,,0.0,,,0.0,
C:\Users\Gajendra\Desktop\D3_MONAI\Datasets\TCIA_IDC_Prostate_MRI_US_Biopsy\prostate_mri_us_biopsy\Prostate-MRI-US-Biopsy-0816\05576\22499\f956288b-55a2-4a41-8828-17f6e9810a63.dcm,True,,,,0.0,,,0.0,,,0.0,
C:\Users\Gajendra\Desktop\D3_MONAI\Datasets\TCIA_IDC_Prostate_MRI_US_Biopsy\prostate_mri_us_biopsy\Prostate-MRI-US-Biopsy-0817\68455\48317\ec50b9c1-1428-4450-9df8-b51a0b1ad42d.dcm,True,,,,0.0,,,0.0,,,0.0,
C:\Users\Gajendra\Desktop\D3_MONAI\Datasets\TCIA_IDC_Prostate_MRI_US_Biopsy\prostate_mri_us_biopsy\Prostate-MRI-US-Biopsy-0818\01086\12863\05a3b2ec-92ef-437f-bcb6-29df871dcd46.dcm,True,,,,0.0,,,0.0,,,0.0,
C:\Users\Gajendra\Desktop\D3_MONAI\Datasets\TCIA_IDC_Prostate_MRI_US_Biopsy\prostate_mri_us_biopsy\Prostate-MRI-US-Biopsy-0818\47556\08988\5e62a869-0209-4d43-bb63-020f88207da9.dcm,True,,,,0.0,,,0.0,,,0.0,
C:\Users\Gajendra\Desktop\D3_MONAI\Datasets\TCIA_IDC_Prostate_MRI_US_Biopsy\prostate_mri_us_biopsy\Prostate-MRI-US-Biopsy-0819\18572\67166\489dde67-14d1-4c52-8fdd-3647e4507115.dcm,True,,,,0.0,,,0.0,,,0.0,
C:\Users\Gajendra\Desktop\D3_MONAI\Datasets\TCIA_IDC_Prostate_MRI_US_Biopsy\prostate_mri_us_biopsy\Prostate-MRI-US-Biopsy-0820\96615\91150\4c2babca-d84d-40e9-bcbd-d553d2641ad6.dcm,True,,,,0.0,,,0.0,,,0.0,
C:\Users\Gajendra\Desktop\D3_MONAI\Datasets\TCIA_IDC_Prostate_MRI_US_Biopsy\prostate_mri_us_biopsy\Prostate-MRI-US-Biopsy-0821\40012\11961\32ad0ba4-b646-4d06-a523-0f3d5f69fa9f.dcm,True,,,,0.0,,,0.0,,,0.0,
C:\Users\Gajendra\Desktop\D3_MONAI\Datasets\TCIA_IDC_Prostate_MRI_US_Biopsy\prostate_mri_us_biopsy\Prostate-MRI-US-Biopsy-0821\51888\98424\3f03fff8-f261-45a8-ab05-2b27d342bd3f.dcm,True,,,,0.0,,,0.0,,,0.0,
C:\Users\Gajendra\Desktop\D3_MONAI\Datasets\TCIA_IDC_Prostate_MRI_US_Biopsy\prostate_mri_us_biopsy\Prostate-MRI-US-Biopsy-0821\78662\54440\c1a19c90-2389-4f86-89b1-eabdacf10b2b.dcm,True,,,,0.0,,,0.0,,,0.0,
C:\Users\Gajendra\Desktop\D3_MONAI\Datasets\TCIA_IDC_Prostate_MRI_US_Biopsy\prostate_mri_us_biopsy\Prostate-MRI-US-Biopsy-0822\76139\85327\f2f8498b-5829-4a52-a2df-8509633ee593.dcm,True,,,,0.0,,,0.0,,,0.0,
C:\Users\Gajendra\Desktop\D3_MONAI\Datasets\TCIA_IDC_Prostate_MRI_US_Biopsy\prostate_mri_us_biopsy\Prostate-MRI-US-Biopsy-0823\09239\75842\56839830-f0d2-4e0e-bd18-b55ce1c0162f.dcm,True,,,,0.0,,,0.0,,,0.0,
C:\Users\Gajendra\Desktop\D3_MONAI\Datasets\TCIA_IDC_Prostate_MRI_US_Biopsy\prostate_mri_us_biopsy\Prostate-MRI-US-Biopsy-0823\69721\95848\15d60950-06cd-4a6b-a416-fd212ed85978.dcm,True,,,,0.0,,,0.0,,,0.0,
C:\Users\Gajendra\Desktop\D3_MONAI\Datasets\TCIA_IDC_Prostate_MRI_US_Biopsy\prostate_mri_us_biopsy\Prostate-MRI-US-Biopsy-0823\83028\22427\d7191072-bacb-4054-baf9-654a46efb71a.dcm,True,,,,0.0,,,0.0,,,0.0,
C:\Users\Gajendra\Desktop\D3_MONAI\Datasets\TCIA_IDC_Prostate_MRI_US_Biopsy\prostate_mri_us_biopsy\Prostate-MRI-US-Biopsy-0824\10018\37153\2dd6da6e-3633-4919-97ab-a120a850197a.dcm,True,,,,0.0,,,0.0,,,0.0,
C:\Users\Gajendra\Desktop\D3_MONAI\Datasets\TCIA_IDC_Prostate_MRI_US_Biopsy\prostate_mri_us_biopsy\Prostate-MRI-US-Biopsy-0824\49698\76035\a52b75a3-5a7d-42c2-a712-d767061fe36e.dcm,True,,,,0.0,,,0.0,,,0.0,
C:\Users\Gajendra\Desktop\D3_MONAI\Datasets\TCIA_IDC_Prostate_MRI_US_Biopsy\prostate_mri_us_biopsy\Prostate-MRI-US-Biopsy-0825\35751\83649\ea0ec3ca-b786-4c01-bc75-c72c5b7369e2.dcm,True,,,,0.0,,,0.0,,,0.0,
C:\Users\Gajendra\Desktop\D3_MONAI\Datasets\TCIA_IDC_Prostate_MRI_US_Biopsy\prostate_mri_us_biopsy\Prostate-MRI-US-Biopsy-0825\50013\83746\1727ee5e-c4a5-4dc0-b97f-fb038410e404.dcm,True,,,,0.0,,,0.0,,,0.0,
C:\Users\Gajendra\Desktop\D3_MONAI\Datasets\TCIA_IDC_Prostate_MRI_US_Biopsy\prostate_mri_us_biopsy\Prostate-MRI-US-Biopsy-0826\28176\60874\23ae25ed-48f8-40d9-ad0d-a66dd4316915.dcm,True,,,,0.0,,,0.0,,,0.0,
C:\Users\Gajendra\Desktop\D3_MONAI\Datasets\TCIA_IDC_Prostate_MRI_US_Biopsy\prostate_mri_us_biopsy\Prostate-MRI-US-Biopsy-0826\44425\67362\57a03502-8985-40b6-b52d-246937ff76a2.dcm,True,,,,0.0,,,0.0,,,0.0,
C:\Users\Gajendra\Desktop\D3_MONAI\Datasets\TCIA_IDC_Prostate_MRI_US_Biopsy\prostate_mri_us_biopsy\Prostate-MRI-US-Biopsy-0826\97113\75362\e9ce1680-044a-4e9a-b472-6a78743aa1c6.dcm,True,,,,0.0,,,0.0,,,0.0,
C:\Users\Gajendra\Desktop\D3_MONAI\Datasets\TCIA_IDC_Prostate_MRI_US_Biopsy\prostate_mri_us_biopsy\Prostate-MRI-US-Biopsy-0827\25945\16316\760e0a6d-6224-4186-9f50-1b51115770ab.dcm,True,,,,0.0,,,0.0,,,0.0,
C:\Users\Gajendra\Desktop\D3_MONAI\Datasets\TCIA_IDC_Prostate_MRI_US_Biopsy\prostate_mri_us_biopsy\Prostate-MRI-US-Biopsy-0827\89065\33228\301793c0-03bd-4b6f-91af-6ff9ded54b9d.dcm,True,,,,0.0,,,0.0,,,0.0,
C:\Users\Gajendra\Desktop\D3_MONAI\Datasets\TCIA_IDC_Prostate_MRI_US_Biopsy\prostate_mri_us_biopsy\Prostate-MRI-US-Biopsy-0828\54701\98000\2fd67c76-8294-4423-9311-469d4e8c76c4.dcm,True,,,,0.0,,,0.0,,,0.0,
C:\Users\Gajendra\Desktop\D3_MONAI\Datasets\TCIA_IDC_Prostate_MRI_US_Biopsy\prostate_mri_us_biopsy\Prostate-MRI-US-Biopsy-0828\65749\85558\ac6b29ca-dbbf-4cec-817a-a41dc4a1d9da.dcm,True,,,,0.0,,,0.0,,,0.0,
C:\Users\Gajendra\Desktop\D3_MONAI\Datasets\TCIA_IDC_Prostate_MRI_US_Biopsy\prostate_mri_us_biopsy\Prostate-MRI-US-Biopsy-0829\49572\05929\7e5d46de-b47f-4824-94e5-ddad6654f04d.dcm,True,,,,0.0,,,0.0,,,0.0,
C:\Users\Gajendra\Desktop\D3_MONAI\Datasets\TCIA_IDC_Prostate_MRI_US_Biopsy\prostate_mri_us_biopsy\Prostate-MRI-US-Biopsy-0830\68143\69471\051a9585-338c-45a5-8c5b-d35aed05ae5e.dcm,True,,,,0.0,,,0.0,,,0.0,
C:\Users\Gajendra\Desktop\D3_MONAI\Datasets\TCIA_IDC_Prostate_MRI_US_Biopsy\prostate_mri_us_biopsy\Prostate-MRI-US-Biopsy-0831\95218\55512\cdaf534d-3afa-4f43-80da-e77cb9aaa685.dcm,True,,,,0.0,,,0.0,,,0.0,
C:\Users\Gajendra\Desktop\D3_MONAI\Datasets\TCIA_IDC_Prostate_MRI_US_Biopsy\prostate_mri_us_biopsy\Prostate-MRI-US-Biopsy-0832\61479\53648\4323d1b2-127e-447c-8781-325cedf26293.dcm,True,,,,0.0,,,0.0,,,0.0,
C:\Users\Gajendra\Desktop\D3_MONAI\Datasets\TCIA_IDC_Prostate_MRI_US_Biopsy\prostate_mri_us_biopsy\Prostate-MRI-US-Biopsy-0833\87268\83478\2c8222bd-4e58-4d80-9fff-34d801dfe272.dcm,True,,,,0.0,,,0.0,,,0.0,
C:\Users\Gajendra\Desktop\D3_MONAI\Datasets\TCIA_IDC_Prostate_MRI_US_Biopsy\prostate_mri_us_biopsy\Prostate-MRI-US-Biopsy-0834\39838\88418\eb2262a1-c4ef-4a69-bbb2-aff763056ffb.dcm,True,,,,0.0,,,0.0,,,0.0,
C:\Users\Gajendra\Desktop\D3_MONAI\Datasets\TCIA_IDC_Prostate_MRI_US_Biopsy\prostate_mri_us_biopsy\Prostate-MRI-US-Biopsy-0834\50130\62209\ad81ec53-c984-429b-b7f9-6129c1748962.dcm,True,,,,0.0,,,0.0,,,0.0,
C:\Users\Gajendra\Desktop\D3_MONAI\Datasets\TCIA_IDC_Prostate_MRI_US_Biopsy\prostate_mri_us_biopsy\Prostate-MRI-US-Biopsy-0835\77771\87951\154f1313-ef8e-4a50-bd7b-6591f38d4336.dcm,True,,,,0.0,,,0.0,,,0.0,
C:\Users\Gajendra\Desktop\D3_MONAI\Datasets\TCIA_IDC_Prostate_MRI_US_Biopsy\prostate_mri_us_biopsy\Prostate-MRI-US-Biopsy-0836\30322\93655\19ed02e5-140b-4e10-9b6a-99689ca2ec5b.dcm,True,,,,0.0,,,0.0,,,0.0,
C:\Users\Gajendra\Desktop\D3_MONAI\Datasets\TCIA_IDC_Prostate_MRI_US_Biopsy\prostate_mri_us_biopsy\Prostate-MRI-US-Biopsy-0837\26115\42960\985f011a-6d25-45a2-bf94-0664a5daf750.dcm,True,,,,0.0,,,0.0,,,0.0,
C:\Users\Gajendra\Desktop\D3_MONAI\Datasets\TCIA_IDC_Prostate_MRI_US_Biopsy\prostate_mri_us_biopsy\Prostate-MRI-US-Biopsy-0837\30433\47122\02b4e97e-cf6c-46ce-9d52-fc27592cb0d8.dcm,True,,,,0.0,,,0.0,,,0.0,
C:\Users\Gajendra\Desktop\D3_MONAI\Datasets\TCIA_IDC_Prostate_MRI_US_Biopsy\prostate_mri_us_biopsy\Prostate-MRI-US-Biopsy-0838\59713\95042\378cf4d3-bc01-4761-b394-b7665a5b113e.dcm,True,,,,0.0,,,0.0,,,0.0,
C:\Users\Gajendra\Desktop\D3_MONAI\Datasets\TCIA_IDC_Prostate_MRI_US_Biopsy\prostate_mri_us_biopsy\Prostate-MRI-US-Biopsy-0839\31617\10783\0e0cfffe-8744-488f-862b-5ca4e7a1d769.dcm,True,,,,0.0,,,0.0,,,0.0,
C:\Users\Gajendra\Desktop\D3_MONAI\Datasets\TCIA_IDC_Prostate_MRI_US_Biopsy\prostate_mri_us_biopsy\Prostate-MRI-US-Biopsy-0840\68211\43177\f6578f9a-3581-4aa0-b972-06bd5961a28f.dcm,True,,,,0.0,,,0.0,,,0.0,
C:\Users\Gajendra\Desktop\D3_MONAI\Datasets\TCIA_IDC_Prostate_MRI_US_Biopsy\prostate_mri_us_biopsy\Prostate-MRI-US-Biopsy-0840\88008\20357\621493a1-7ea5-49ed-adf4-57085a8b4e88.dcm,True,,,,0.0,,,0.0,,,0.0,
C:\Users\Gajendra\Desktop\D3_MONAI\Datasets\TCIA_IDC_Prostate_MRI_US_Biopsy\prostate_mri_us_biopsy\Prostate-MRI-US-Biopsy-0840\99431\26731\00a9b161-6707-47c4-a797-f96313a7265f.dcm,True,,,,0.0,,,0.0,,,0.0,
C:\Users\Gajendra\Desktop\D3_MONAI\Datasets\TCIA_IDC_Prostate_MRI_US_Biopsy\prostate_mri_us_biopsy\Prostate-MRI-US-Biopsy-0841\59397\44272\17f25303-2306-4696-bdf9-0f393aee19e6.dcm,True,,,,0.0,,,0.0,,,0.0,
C:\Users\Gajendra\Desktop\D3_MONAI\Datasets\TCIA_IDC_Prostate_MRI_US_Biopsy\prostate_mri_us_biopsy\Prostate-MRI-US-Biopsy-0841\96243\87800\1782658a-71b7-4387-a146-7bde32f4ffba.dcm,True,,,,0.0,,,0.0,,,0.0,
C:\Users\Gajendra\Desktop\D3_MONAI\Datasets\TCIA_IDC_Prostate_MRI_US_Biopsy\prostate_mri_us_biopsy\Prostate-MRI-US-Biopsy-0842\64641\76512\d637587a-571f-48e9-af33-a5794c462837.dcm,True,,,,0.0,,,0.0,,,0.0,
C:\Users\Gajendra\Desktop\D3_MONAI\Datasets\TCIA_IDC_Prostate_MRI_US_Biopsy\prostate_mri_us_biopsy\Prostate-MRI-US-Biopsy-0843\34434\43081\ec12e100-8828-43ff-aec0-85bb91c37948.dcm,True,,,,0.0,,,0.0,,,0.0,
C:\Users\Gajendra\Desktop\D3_MONAI\Datasets\TCIA_IDC_Prostate_MRI_US_Biopsy\prostate_mri_us_biopsy\Prostate-MRI-US-Biopsy-0844\63770\31336\43c395a5-fe88-47fd-92c6-b2756dda36e5.dcm,True,,,,0.0,,,0.0,,,0.0,
C:\Users\Gajendra\Desktop\D3_MONAI\Datasets\TCIA_IDC_Prostate_MRI_US_Biopsy\prostate_mri_us_biopsy\Prostate-MRI-US-Biopsy-0845\06648\11866\07f195b2-4491-4948-8def-328bcd7368b9.dcm,True,,,,0.0,,,0.0,,,0.0,
C:\Users\Gajendra\Desktop\D3_MONAI\Datasets\TCIA_IDC_Prostate_MRI_US_Biopsy\prostate_mri_us_biopsy\Prostate-MRI-US-Biopsy-0846\79404\79100\bfef1fd4-b46f-4e13-bd58-2b99e439457b.dcm,True,,,,0.0,,,0.0,,,0.0,
C:\Users\Gajendra\Desktop\D3_MONAI\Datasets\TCIA_IDC_Prostate_MRI_US_Biopsy\prostate_mri_us_biopsy\Prostate-MRI-US-Biopsy-0847\23705\76307\ee0b93c6-3be9-4a54-8582-f3632be36506.dcm,True,,,,0.0,,,0.0,,,0.0,
C:\Users\Gajendra\Desktop\D3_MONAI\Datasets\TCIA_IDC_Prostate_MRI_US_Biopsy\prostate_mri_us_biopsy\Prostate-MRI-US-Biopsy-0847\88330\42291\9158f29e-28e1-4b19-b004-27b3c3c277e1.dcm,True,,,,0.0,,,0.0,,,0.0,
C:\Users\Gajendra\Desktop\D3_MONAI\Datasets\TCIA_IDC_Prostate_MRI_US_Biopsy\prostate_mri_us_biopsy\Prostate-MRI-US-Biopsy-0848\78782\51149\39d5a9ff-8ee3-4ff7-8401-4b49438d33f7.dcm,True,,,,0.0,,,0.0,,,0.0,
C:\Users\Gajendra\Desktop\D3_MONAI\Datasets\TCIA_IDC_Prostate_MRI_US_Biopsy\prostate_mri_us_biopsy\Prostate-MRI-US-Biopsy-0849\62894\25188\482fbb59-1628-46ee-a38b-5a16a20b9269.dcm,True,,,,0.0,,,0.0,,,0.0,
C:\Users\Gajendra\Desktop\D3_MONAI\Datasets\TCIA_IDC_Prostate_MRI_US_Biopsy\prostate_mri_us_biopsy\Prostate-MRI-US-Biopsy-0849\78791\02322\fac01f62-fc96-45a5-a646-543234aaf960.dcm,True,,,,0.0,,,0.0,,,0.0,
C:\Users\Gajendra\Desktop\D3_MONAI\Datasets\TCIA_IDC_Prostate_MRI_US_Biopsy\prostate_mri_us_biopsy\Prostate-MRI-US-Biopsy-0849\90461\83631\62fc00ce-e217-4744-a300-b871cdd0ec2a.dcm,True,,,,0.0,,,0.0,,,0.0,
C:\Users\Gajendra\Desktop\D3_MONAI\Datasets\TCIA_IDC_Prostate_MRI_US_Biopsy\prostate_mri_us_biopsy\Prostate-MRI-US-Biopsy-0850\59097\28112\d28a662f-be00-4eb2-b747-b3119e118b20.dcm,True,,,,0.0,,,0.0,,,0.0,
C:\Users\Gajendra\Desktop\D3_MONAI\Datasets\TCIA_IDC_Prostate_MRI_US_Biopsy\prostate_mri_us_biopsy\Prostate-MRI-US-Biopsy-0850\96391\75186\7ffe0643-daa3-40d8-932c-9449ddbb358c.dcm,True,,,,0.0,,,0.0,,,0.0,
C:\Users\Gajendra\Desktop\D3_MONAI\Datasets\TCIA_IDC_Prostate_MRI_US_Biopsy\prostate_mri_us_biopsy\Prostate-MRI-US-Biopsy-0851\32431\36707\91aae737-a692-4f59-afa4-0452d981a6ff.dcm,True,,,,0.0,,,0.0,,,0.0,
C:\Users\Gajendra\Desktop\D3_MONAI\Datasets\TCIA_IDC_Prostate_MRI_US_Biopsy\prostate_mri_us_biopsy\Prostate-MRI-US-Biopsy-0852\14540\27053\31beb892-0ede-4726-8d86-3bca7c2bd654.dcm,True,,,,0.0,,,0.0,,,0.0,
C:\Users\Gajendra\Desktop\D3_MONAI\Datasets\TCIA_IDC_Prostate_MRI_US_Biopsy\prostate_mri_us_biopsy\Prostate-MRI-US-Biopsy-0853\64943\32211\791be268-53b0-4653-8717-f6938d79ca8f.dcm,True,,,,0.0,,,0.0,,,0.0,
C:\Users\Gajendra\Desktop\D3_MONAI\Datasets\TCIA_IDC_Prostate_MRI_US_Biopsy\prostate_mri_us_biopsy\Prostate-MRI-US-Biopsy-0854\07145\64574\666b5566-335a-4346-b9d7-0569b5f826af.dcm,True,,,,0.0,,,0.0,,,0.0,
C:\Users\Gajendra\Desktop\D3_MONAI\Datasets\TCIA_IDC_Prostate_MRI_US_Biopsy\prostate_mri_us_biopsy\Prostate-MRI-US-Biopsy-0854\51566\83695\00ecc885-8c6f-47e6-94a2-fe27f02d1a11.dcm,True,,,,0.0,,,0.0,,,0.0,
C:\Users\Gajendra\Desktop\D3_MONAI\Datasets\TCIA_IDC_Prostate_MRI_US_Biopsy\prostate_mri_us_biopsy\Prostate-MRI-US-Biopsy-0855\58447\66779\7c1b1aba-9c88-4c00-bef8-418c23086b72.dcm,True,,,,0.0,,,0.0,,,0.0,
C:\Users\Gajendra\Desktop\D3_MONAI\Datasets\TCIA_IDC_Prostate_MRI_US_Biopsy\prostate_mri_us_biopsy\Prostate-MRI-US-Biopsy-0856\71327\24150\111cc5cd-b860-4ad5-a6a3-3e1922e7ec0f.dcm,True,,,,0.0,,,0.0,,,0.0,
C:\Users\Gajendra\Desktop\D3_MONAI\Datasets\TCIA_IDC_Prostate_MRI_US_Biopsy\prostate_mri_us_biopsy\Prostate-MRI-US-Biopsy-0857\95074\69241\bad8bc7a-c39a-4774-890a-a9d5e709c3c5.dcm,True,,,,0.0,,,0.0,,,0.0,
C:\Users\Gajendra\Desktop\D3_MONAI\Datasets\TCIA_IDC_Prostate_MRI_US_Biopsy\prostate_mri_us_biopsy\Prostate-MRI-US-Biopsy-0858\09179\45519\99b2095b-1831-43d3-83b3-2a09a1ff0131.dcm,True,,,,0.0,,,0.0,,,0.0,
C:\Users\Gajendra\Desktop\D3_MONAI\Datasets\TCIA_IDC_Prostate_MRI_US_Biopsy\prostate_mri_us_biopsy\Prostate-MRI-US-Biopsy-0858\61772\64364\4bec6a35-a8a1-4bf8-8fb3-667090d7f897.dcm,True,,,,0.0,,,0.0,,,0.0,
C:\Users\Gajendra\Desktop\D3_MONAI\Datasets\TCIA_IDC_Prostate_MRI_US_Biopsy\prostate_mri_us_biopsy\Prostate-MRI-US-Biopsy-0859\96755\59116\76ceb717-f239-464b-b7cf-83115bd452a0.dcm,True,,,,0.0,,,0.0,,,0.0,
C:\Users\Gajendra\Desktop\D3_MONAI\Datasets\TCIA_IDC_Prostate_MRI_US_Biopsy\prostate_mri_us_biopsy\Prostate-MRI-US-Biopsy-0860\02472\52559\e620b2e0-528d-4b4b-95b1-114e741b7ba2.dcm,True,,,,0.0,,,0.0,,,0.0,
C:\Users\Gajendra\Desktop\D3_MONAI\Datasets\TCIA_IDC_Prostate_MRI_US_Biopsy\prostate_mri_us_biopsy\Prostate-MRI-US-Biopsy-0860\64307\79216\2852b318-e243-4382-b29d-6479e9ea6c6d.dcm,True,,,,0.0,,,0.0,,,0.0,
C:\Users\Gajendra\Desktop\D3_MONAI\Datasets\TCIA_IDC_Prostate_MRI_US_Biopsy\prostate_mri_us_biopsy\Prostate-MRI-US-Biopsy-0861\65662\09723\b82fdda9-d351-41b5-857c-f4d886c5f51e.dcm,True,,,,0.0,,,0.0,,,0.0,
C:\Users\Gajendra\Desktop\D3_MONAI\Datasets\TCIA_IDC_Prostate_MRI_US_Biopsy\prostate_mri_us_biopsy\Prostate-MRI-US-Biopsy-0861\82910\10362\55275c0e-8d1e-4115-bdc6-3c8ad5aad44f.dcm,True,,,,0.0,,,0.0,,,0.0,
C:\Users\Gajendra\Desktop\D3_MONAI\Datasets\TCIA_IDC_Prostate_MRI_US_Biopsy\prostate_mri_us_biopsy\Prostate-MRI-US-Biopsy-0861\87788\99741\c07c99e0-0da8-4015-96cc-43306e13b0c9.dcm,True,,,,0.0,,,0.0,,,0.0,
C:\Users\Gajendra\Desktop\D3_MONAI\Datasets\TCIA_IDC_Prostate_MRI_US_Biopsy\prostate_mri_us_biopsy\Prostate-MRI-US-Biopsy-0862\28188\59192\b7bf61d3-1fc3-4084-a0a5-74127936cfa2.dcm,True,,,,0.0,,,0.0,,,0.0,
C:\Users\Gajendra\Desktop\D3_MONAI\Datasets\TCIA_IDC_Prostate_MRI_US_Biopsy\prostate_mri_us_biopsy\Prostate-MRI-US-Biopsy-0862\81582\53556\cfd9c5e4-87f9-4a59-8757-4f04818731a9.dcm,True,,,,0.0,,,0.0,,,0.0,
C:\Users\Gajendra\Desktop\D3_MONAI\Datasets\TCIA_IDC_Prostate_MRI_US_Biopsy\prostate_mri_us_biopsy\Prostate-MRI-US-Biopsy-0863\29345\90489\c21e0291-1075-4f10-ba62-18925acd15ad.dcm,True,,,,0.0,,,0.0,,,0.0,
C:\Users\Gajendra\Desktop\D3_MONAI\Datasets\TCIA_IDC_Prostate_MRI_US_Biopsy\prostate_mri_us_biopsy\Prostate-MRI-US-Biopsy-0864\92987\17150\051c813e-8909-4912-9b96-0226f606a452.dcm,True,,,,0.0,,,0.0,,,0.0,
C:\Users\Gajendra\Desktop\D3_MONAI\Datasets\TCIA_IDC_Prostate_MRI_US_Biopsy\prostate_mri_us_biopsy\Prostate-MRI-US-Biopsy-0865\51586\41702\0ba31ceb-d8d0-4974-99e3-944edb1f6013.dcm,True,,,,0.0,,,0.0,,,0.0,
C:\Users\Gajendra\Desktop\D3_MONAI\Datasets\TCIA_IDC_Prostate_MRI_US_Biopsy\prostate_mri_us_biopsy\Prostate-MRI-US-Biopsy-0866\20689\85394\54a26fc0-f62e-47ff-b0fa-a7193b9cf34c.dcm,True,,,,0.0,,,0.0,,,0.0,
C:\Users\Gajendra\Desktop\D3_MONAI\Datasets\TCIA_IDC_Prostate_MRI_US_Biopsy\prostate_mri_us_biopsy\Prostate-MRI-US-Biopsy-0867\48575\69941\233ef52f-a4ce-43cc-ad56-c9cae49ad238.dcm,True,,,,0.0,,,0.0,,,0.0,
C:\Users\Gajendra\Desktop\D3_MONAI\Datasets\TCIA_IDC_Prostate_MRI_US_Biopsy\prostate_mri_us_biopsy\Prostate-MRI-US-Biopsy-0868\21514\43859\9cf43a4e-8eeb-4d33-a4c8-988300ed107b.dcm,True,,,,0.0,,,0.0,,,0.0,
C:\Users\Gajendra\Desktop\D3_MONAI\Datasets\TCIA_IDC_Prostate_MRI_US_Biopsy\prostate_mri_us_biopsy\Prostate-MRI-US-Biopsy-0869\02752\48688\f3b83bc0-fcb2-480b-beb6-c581b450f5b2.dcm,True,,,,0.0,,,0.0,,,0.0,
C:\Users\Gajendra\Desktop\D3_MONAI\Datasets\TCIA_IDC_Prostate_MRI_US_Biopsy\prostate_mri_us_biopsy\Prostate-MRI-US-Biopsy-0870\25847\30005\25478d0e-1bd5-4903-89b0-0e6d42e39592.dcm,True,,,,0.0,,,0.0,,,0.0,
C:\Users\Gajendra\Desktop\D3_MONAI\Datasets\TCIA_IDC_Prostate_MRI_US_Biopsy\prostate_mri_us_biopsy\Prostate-MRI-US-Biopsy-0870\88791\90976\21b76c94-c104-47e5-ac63-5a1fc6236ff5.dcm,True,,,,0.0,,,0.0,,,0.0,
C:\Users\Gajendra\Desktop\D3_MONAI\Datasets\TCIA_IDC_Prostate_MRI_US_Biopsy\prostate_mri_us_biopsy\Prostate-MRI-US-Biopsy-0871\83708\97022\9c0f54f8-580e-4de9-ab45-ba1e07d3ceff.dcm,True,,,,0.0,,,0.0,,,0.0,
C:\Users\Gajendra\Desktop\D3_MONAI\Datasets\TCIA_IDC_Prostate_MRI_US_Biopsy\prostate_mri_us_biopsy\Prostate-MRI-US-Biopsy-0872\44468\72465\b08f07fc-8837-40d6-bb9c-4c08986718af.dcm,True,,,,0.0,,,0.0,,,0.0,
C:\Users\Gajendra\Desktop\D3_MONAI\Datasets\TCIA_IDC_Prostate_MRI_US_Biopsy\prostate_mri_us_biopsy\Prostate-MRI-US-Biopsy-0872\95103\99917\2a3e497c-cdc0-41d2-b70d-c8dfde6cd0bd.dcm,True,,,,0.0,,,0.0,,,0.0,
C:\Users\Gajendra\Desktop\D3_MONAI\Datasets\TCIA_IDC_Prostate_MRI_US_Biopsy\prostate_mri_us_biopsy\Prostate-MRI-US-Biopsy-0873\66379\36294\d6a1c8d9-d961-47ac-adf4-0e024dcc03dc.dcm,True,,,,0.0,,,0.0,,,0.0,
C:\Users\Gajendra\Desktop\D3_MONAI\Datasets\TCIA_IDC_Prostate_MRI_US_Biopsy\prostate_mri_us_biopsy\Prostate-MRI-US-Biopsy-0873\94879\74957\0372cfce-ec14-45f0-ac2d-6081a2ea5b91.dcm,True,,,,0.0,,,0.0,,,0.0,
C:\Users\Gajendra\Desktop\D3_MONAI\Datasets\TCIA_IDC_Prostate_MRI_US_Biopsy\prostate_mri_us_biopsy\Prostate-MRI-US-Biopsy-0874\59032\90764\4ce7b502-e075-4e35-a1c3-12774fcc24bf.dcm,True,,,,0.0,,,0.0,,,0.0,
C:\Users\Gajendra\Desktop\D3_MONAI\Datasets\TCIA_IDC_Prostate_MRI_US_Biopsy\prostate_mri_us_biopsy\Prostate-MRI-US-Biopsy-0874\99839\36032\6a24172f-4021-428b-88b7-b4123ad6b8ad.dcm,True,,,,0.0,,,0.0,,,0.0,
C:\Users\Gajendra\Desktop\D3_MONAI\Datasets\TCIA_IDC_Prostate_MRI_US_Biopsy\prostate_mri_us_biopsy\Prostate-MRI-US-Biopsy-0875\08572\49398\b7e1295d-7a24-45fc-a847-41bd7ba97027.dcm,True,,,,0.0,,,0.0,,,0.0,
C:\Users\Gajendra\Desktop\D3_MONAI\Datasets\TCIA_IDC_Prostate_MRI_US_Biopsy\prostate_mri_us_biopsy\Prostate-MRI-US-Biopsy-0876\26157\28840\f9ad1117-995f-4901-ae14-7c629e439c15.dcm,True,,,,0.0,,,0.0,,,0.0,
C:\Users\Gajendra\Desktop\D3_MONAI\Datasets\TCIA_IDC_Prostate_MRI_US_Biopsy\prostate_mri_us_biopsy\Prostate-MRI-US-Biopsy-0876\47928\02425\ecb5810b-1417-4fd2-9e67-a1ccbc5dee44.dcm,True,,,,0.0,,,0.0,,,0.0,
C:\Users\Gajendra\Desktop\D3_MONAI\Datasets\TCIA_IDC_Prostate_MRI_US_Biopsy\prostate_mri_us_biopsy\Prostate-MRI-US-Biopsy-0876\57873\99749\272dadb1-45ba-4758-80e6-dbfc1312f141.dcm,True,,,,0.0,,,0.0,,,0.0,
C:\Users\Gajendra\Desktop\D3_MONAI\Datasets\TCIA_IDC_Prostate_MRI_US_Biopsy\prostate_mri_us_biopsy\Prostate-MRI-US-Biopsy-0876\73777\02339\8a011986-38c7-4998-ab04-d33c3acc6bbe.dcm,True,,,,0.0,,,0.0,,,0.0,
C:\Users\Gajendra\Desktop\D3_MONAI\Datasets\TCIA_IDC_Prostate_MRI_US_Biopsy\prostate_mri_us_biopsy\Prostate-MRI-US-Biopsy-0877\13381\04495\fe58bd5f-5e07-43fb-b68e-5e69bac8c2c6.dcm,True,,,,0.0,,,0.0,,,0.0,
C:\Users\Gajendra\Desktop\D3_MONAI\Datasets\TCIA_IDC_Prostate_MRI_US_Biopsy\prostate_mri_us_biopsy\Prostate-MRI-US-Biopsy-0877\17617\93253\3be863e8-0d35-4480-a586-de5a46e069c0.dcm,True,,,,0.0,,,0.0,,,0.0,
C:\Users\Gajendra\Desktop\D3_MONAI\Datasets\TCIA_IDC_Prostate_MRI_US_Biopsy\prostate_mri_us_biopsy\Prostate-MRI-US-Biopsy-0877\70298\42212\8afac71d-a7c8-4ca4-b4c0-2e0261dfa384.dcm,True,,,,0.0,,,0.0,,,0.0,
C:\Users\Gajendra\Desktop\D3_MONAI\Datasets\TCIA_IDC_Prostate_MRI_US_Biopsy\prostate_mri_us_biopsy\Prostate-MRI-US-Biopsy-0878\67800\21688\4fc7d3fb-8932-4a26-9ca1-774185302840.dcm,True,,,,0.0,,,0.0,,,0.0,
C:\Users\Gajendra\Desktop\D3_MONAI\Datasets\TCIA_IDC_Prostate_MRI_US_Biopsy\prostate_mri_us_biopsy\Prostate-MRI-US-Biopsy-0878\95513\46590\cf5d59d9-2ec9-49d5-826e-77ef51810172.dcm,True,,,,0.0,,,0.0,,,0.0,
C:\Users\Gajendra\Desktop\D3_MONAI\Datasets\TCIA_IDC_Prostate_MRI_US_Biopsy\prostate_mri_us_biopsy\Prostate-MRI-US-Biopsy-0879\22263\89263\cafe1171-7448-4c87-8b8e-3777b8f2bcc6.dcm,True,,,,0.0,,,0.0,,,0.0,
C:\Users\Gajendra\Desktop\D3_MONAI\Datasets\TCIA_IDC_Prostate_MRI_US_Biopsy\prostate_mri_us_biopsy\Prostate-MRI-US-Biopsy-0879\29493\17656\60d651ef-2a6d-4009-9bad-211ed2869681.dcm,True,,,,0.0,,,0.0,,,0.0,
C:\Users\Gajendra\Desktop\D3_MONAI\Datasets\TCIA_IDC_Prostate_MRI_US_Biopsy\prostate_mri_us_biopsy\Prostate-MRI-US-Biopsy-0879\93054\45540\95f2f9aa-2615-47a3-8e57-7ab9c5fb5c5e.dcm,True,,,,0.0,,,0.0,,,0.0,
C:\Users\Gajendra\Desktop\D3_MONAI\Datasets\TCIA_IDC_Prostate_MRI_US_Biopsy\prostate_mri_us_biopsy\Prostate-MRI-US-Biopsy-0880\67880\80827\389f4a75-b482-4022-a66d-af64d7460162.dcm,True,,,,0.0,,,0.0,,,0.0,
C:\Users\Gajendra\Desktop\D3_MONAI\Datasets\TCIA_IDC_Prostate_MRI_US_Biopsy\prostate_mri_us_biopsy\Prostate-MRI-US-Biopsy-0881\00307\89963\7eedfa5c-95b0-4069-8f44-292fccfbad15.dcm,True,,,,0.0,,,0.0,,,0.0,
C:\Users\Gajendra\Desktop\D3_MONAI\Datasets\TCIA_IDC_Prostate_MRI_US_Biopsy\prostate_mri_us_biopsy\Prostate-MRI-US-Biopsy-0881\55299\63993\2bcd7c1f-006e-47bb-88b0-e833711a903e.dcm,True,,,,0.0,,,0.0,,,0.0,
C:\Users\Gajendra\Desktop\D3_MONAI\Datasets\TCIA_IDC_Prostate_MRI_US_Biopsy\prostate_mri_us_biopsy\Prostate-MRI-US-Biopsy-0882\78457\24649\ff382bd7-7fff-42dc-9eda-c0c92cfdae54.dcm,True,,,,0.0,,,0.0,,,0.0,
C:\Users\Gajendra\Desktop\D3_MONAI\Datasets\TCIA_IDC_Prostate_MRI_US_Biopsy\prostate_mri_us_biopsy\Prostate-MRI-US-Biopsy-0883\34451\75074\faa9e901-8cce-4b3d-a5b2-e6a346d48a81.dcm,True,,,,0.0,,,0.0,,,0.0,
C:\Users\Gajendra\Desktop\D3_MONAI\Datasets\TCIA_IDC_Prostate_MRI_US_Biopsy\prostate_mri_us_biopsy\Prostate-MRI-US-Biopsy-0883\77781\25504\0f42ad7a-e2d8-4b92-b14d-30f05ba95713.dcm,True,,,,0.0,,,0.0,,,0.0,
C:\Users\Gajendra\Desktop\D3_MONAI\Datasets\TCIA_IDC_Prostate_MRI_US_Biopsy\prostate_mri_us_biopsy\Prostate-MRI-US-Biopsy-0883\88959\19745\d463a628-ae69-4abf-82a7-c011e56407e2.dcm,True,,,,0.0,,,0.0,,,0.0,
C:\Users\Gajendra\Desktop\D3_MONAI\Datasets\TCIA_IDC_Prostate_MRI_US_Biopsy\prostate_mri_us_biopsy\Prostate-MRI-US-Biopsy-0884\65309\99604\6dd9c321-f467-44ee-8edc-dcdb19d28998.dcm,True,,,,0.0,,,0.0,,,0.0,
C:\Users\Gajendra\Desktop\D3_MONAI\Datasets\TCIA_IDC_Prostate_MRI_US_Biopsy\prostate_mri_us_biopsy\Prostate-MRI-US-Biopsy-0885\98349\02196\78cc7754-512a-43bd-9069-520a15700f65.dcm,True,,,,0.0,,,0.0,,,0.0,
C:\Users\Gajendra\Desktop\D3_MONAI\Datasets\TCIA_IDC_Prostate_MRI_US_Biopsy\prostate_mri_us_biopsy\Prostate-MRI-US-Biopsy-0886\08139\64837\7940c5ea-7ba4-4234-9bbf-53e5777f4dc9.dcm,True,,,,0.0,,,0.0,,,0.0,
C:\Users\Gajendra\Desktop\D3_MONAI\Datasets\TCIA_IDC_Prostate_MRI_US_Biopsy\prostate_mri_us_biopsy\Prostate-MRI-US-Biopsy-0886\78507\37343\e5c3532e-5772-41f5-977f-21cf3bab2944.dcm,True,,,,0.0,,,0.0,,,0.0,
C:\Users\Gajendra\Desktop\D3_MONAI\Datasets\TCIA_IDC_Prostate_MRI_US_Biopsy\prostate_mri_us_biopsy\Prostate-MRI-US-Biopsy-0886\80701\99815\9dc94163-3fb8-4fb9-8ace-f954cdae7cc9.dcm,True,,,,0.0,,,0.0,,,0.0,
C:\Users\Gajendra\Desktop\D3_MONAI\Datasets\TCIA_IDC_Prostate_MRI_US_Biopsy\prostate_mri_us_biopsy\Prostate-MRI-US-Biopsy-0887\95719\31782\433be4b7-8649-40ff-96cc-58a9b7276817.dcm,True,,,,0.0,,,0.0,,,0.0,
C:\Users\Gajendra\Desktop\D3_MONAI\Datasets\TCIA_IDC_Prostate_MRI_US_Biopsy\prostate_mri_us_biopsy\Prostate-MRI-US-Biopsy-0888\85548\13195\6ff7f8ea-a510-49a9-983b-d9a14893b501.dcm,True,,,,0.0,,,0.0,,,0.0,
C:\Users\Gajendra\Desktop\D3_MONAI\Datasets\TCIA_IDC_Prostate_MRI_US_Biopsy\prostate_mri_us_biopsy\Prostate-MRI-US-Biopsy-0889\05086\99875\ffc8b03d-c13c-4f25-a726-52363cfc0d77.dcm,True,,,,0.0,,,0.0,,,0.0,
C:\Users\Gajendra\Desktop\D3_MONAI\Datasets\TCIA_IDC_Prostate_MRI_US_Biopsy\prostate_mri_us_biopsy\Prostate-MRI-US-Biopsy-0890\75798\62586\dbefb95f-173d-41ff-aab9-fdc62d893e65.dcm,True,,,,0.0,,,0.0,,,0.0,
C:\Users\Gajendra\Desktop\D3_MONAI\Datasets\TCIA_IDC_Prostate_MRI_US_Biopsy\prostate_mri_us_biopsy\Prostate-MRI-US-Biopsy-0891\53219\21371\7a80442f-1b78-4577-af50-6dd22637b49f.dcm,True,,,,0.0,,,0.0,,,0.0,
C:\Users\Gajendra\Desktop\D3_MONAI\Datasets\TCIA_IDC_Prostate_MRI_US_Biopsy\prostate_mri_us_biopsy\Prostate-MRI-US-Biopsy-0891\60441\35130\6208f10b-e9b3-40af-88d9-e97a5cba3a3a.dcm,True,,,,0.0,,,0.0,,,0.0,
C:\Users\Gajendra\Desktop\D3_MONAI\Datasets\TCIA_IDC_Prostate_MRI_US_Biopsy\prostate_mri_us_biopsy\Prostate-MRI-US-Biopsy-0892\17287\69297\dee911c3-0922-4069-a1dc-6f85cfdbe5d9.dcm,True,,,,0.0,,,0.0,,,0.0,
C:\Users\Gajendra\Desktop\D3_MONAI\Datasets\TCIA_IDC_Prostate_MRI_US_Biopsy\prostate_mri_us_biopsy\Prostate-MRI-US-Biopsy-0893\32101\68310\e95c6a1a-c37b-4f7a-8415-337dd5e47bb1.dcm,True,,,,0.0,,,0.0,,,0.0,
C:\Users\Gajendra\Desktop\D3_MONAI\Datasets\TCIA_IDC_Prostate_MRI_US_Biopsy\prostate_mri_us_biopsy\Prostate-MRI-US-Biopsy-0894\37905\38602\63ad83a5-b0c6-4a70-89aa-af67f28c89c7.dcm,True,,,,0.0,,,0.0,,,0.0,
C:\Users\Gajendra\Desktop\D3_MONAI\Datasets\TCIA_IDC_Prostate_MRI_US_Biopsy\prostate_mri_us_biopsy\Prostate-MRI-US-Biopsy-0895\07827\90713\e101f320-45f7-408a-8522-8b3b3ca7e9ce.dcm,True,,,,0.0,,,0.0,,,0.0,
C:\Users\Gajendra\Desktop\D3_MONAI\Datasets\TCIA_IDC_Prostate_MRI_US_Biopsy\prostate_mri_us_biopsy\Prostate-MRI-US-Biopsy-0896\79785\47188\4c6c7549-9d36-4033-9295-8bd84f4a3c62.dcm,True,,,,0.0,,,0.0,,,0.0,
C:\Users\Gajendra\Desktop\D3_MONAI\Datasets\TCIA_IDC_Prostate_MRI_US_Biopsy\prostate_mri_us_biopsy\Prostate-MRI-US-Biopsy-0897\31221\57419\16fc468e-9778-487b-9588-1aaaf905d472.dcm,True,,,,0.0,,,0.0,,,0.0,
C:\Users\Gajendra\Desktop\D3_MONAI\Datasets\TCIA_IDC_Prostate_MRI_US_Biopsy\prostate_mri_us_biopsy\Prostate-MRI-US-Biopsy-0898\34913\61889\2f93b4e3-de51-48c6-bdcd-01b7048b7da1.dcm,True,,,,0.0,,,0.0,,,0.0,
C:\Users\Gajendra\Desktop\D3_MONAI\Datasets\TCIA_IDC_Prostate_MRI_US_Biopsy\prostate_mri_us_biopsy\Prostate-MRI-US-Biopsy-0898\96666\22008\03db501d-22ab-48e0-8f67-47cd88f7ec16.dcm,True,,,,0.0,,,0.0,,,0.0,
C:\Users\Gajendra\Desktop\D3_MONAI\Datasets\TCIA_IDC_Prostate_MRI_US_Biopsy\prostate_mri_us_biopsy\Prostate-MRI-US-Biopsy-0899\86302\19039\bd040f85-f519-43db-ace3-4b40a6e958bb.dcm,True,,,,0.0,,,0.0,,,0.0,
C:\Users\Gajendra\Desktop\D3_MONAI\Datasets\TCIA_IDC_Prostate_MRI_US_Biopsy\prostate_mri_us_biopsy\Prostate-MRI-US-Biopsy-0900\00451\06385\1ad6ce4a-2956-4c91-8b30-44c959bf1d0d.dcm,True,,,,0.0,,,0.0,,,0.0,
C:\Users\Gajendra\Desktop\D3_MONAI\Datasets\TCIA_IDC_Prostate_MRI_US_Biopsy\prostate_mri_us_biopsy\Prostate-MRI-US-Biopsy-0900\75028\80023\a7a3c3cf-2f05-4c7b-84c7-885907f2f6ea.dcm,True,,,,0.0,,,0.0,,,0.0,
C:\Users\Gajendra\Desktop\D3_MONAI\Datasets\TCIA_IDC_Prostate_MRI_US_Biopsy\prostate_mri_us_biopsy\Prostate-MRI-US-Biopsy-0900\98277\04837\cf9cf82e-2d2f-4de7-a019-bc644ff9bfff.dcm,True,,,,0.0,,,0.0,,,0.0,
C:\Users\Gajendra\Desktop\D3_MONAI\Datasets\TCIA_IDC_Prostate_MRI_US_Biopsy\prostate_mri_us_biopsy\Prostate-MRI-US-Biopsy-0901\93339\46504\741a1e2f-1ac5-467f-be4d-956a2b327474.dcm,True,,,,0.0,,,0.0,,,0.0,
C:\Users\Gajendra\Desktop\D3_MONAI\Datasets\TCIA_IDC_Prostate_MRI_US_Biopsy\prostate_mri_us_biopsy\Prostate-MRI-US-Biopsy-0902\03993\41479\d15ec9f7-fb83-47fd-83e6-e8258967642a.dcm,True,,,,0.0,,,0.0,,,0.0,
C:\Users\Gajendra\Desktop\D3_MONAI\Datasets\TCIA_IDC_Prostate_MRI_US_Biopsy\prostate_mri_us_biopsy\Prostate-MRI-US-Biopsy-0903\62542\98463\278fbff1-4bf8-4274-a563-578fd7716c32.dcm,True,,,,0.0,,,0.0,,,0.0,
C:\Users\Gajendra\Desktop\D3_MONAI\Datasets\TCIA_IDC_Prostate_MRI_US_Biopsy\prostate_mri_us_biopsy\Prostate-MRI-US-Biopsy-0904\19689\29415\4e2d05dd-3734-4d68-90e8-6dff09b71c89.dcm,True,,,,0.0,,,0.0,,,0.0,
C:\Users\Gajendra\Desktop\D3_MONAI\Datasets\TCIA_IDC_Prostate_MRI_US_Biopsy\prostate_mri_us_biopsy\Prostate-MRI-US-Biopsy-0904\46456\28423\ddae8bb0-2f30-4e18-acb5-3f043ae8a41b.dcm,True,,,,0.0,,,0.0,,,0.0,
C:\Users\Gajendra\Desktop\D3_MONAI\Datasets\TCIA_IDC_Prostate_MRI_US_Biopsy\prostate_mri_us_biopsy\Prostate-MRI-US-Biopsy-0905\06728\22826\7562d0c9-75fb-499f-88a4-2c3a60068b20.dcm,True,,,,0.0,,,0.0,,,0.0,
C:\Users\Gajendra\Desktop\D3_MONAI\Datasets\TCIA_IDC_Prostate_MRI_US_Biopsy\prostate_mri_us_biopsy\Prostate-MRI-US-Biopsy-0906\96741\72260\ea1e3021-2fdc-4908-81f3-8b3b212813f7.dcm,True,,,,0.0,,,0.0,,,0.0,
C:\Users\Gajendra\Desktop\D3_MONAI\Datasets\TCIA_IDC_Prostate_MRI_US_Biopsy\prostate_mri_us_biopsy\Prostate-MRI-US-Biopsy-0907\28470\11145\85147372-0bd6-4110-99f2-3045582f1eba.dcm,True,,,,0.0,,,0.0,,,0.0,
C:\Users\Gajendra\Desktop\D3_MONAI\Datasets\TCIA_IDC_Prostate_MRI_US_Biopsy\prostate_mri_us_biopsy\Prostate-MRI-US-Biopsy-0908\95921\71152\c6195967-603b-46bf-ba36-674409316771.dcm,True,,,,0.0,,,0.0,,,0.0,
C:\Users\Gajendra\Desktop\D3_MONAI\Datasets\TCIA_IDC_Prostate_MRI_US_Biopsy\prostate_mri_us_biopsy\Prostate-MRI-US-Biopsy-0909\53697\10932\7076a1e6-03e5-46f0-9f8e-14ec340b75fe.dcm,True,,,,0.0,,,0.0,,,0.0,
C:\Users\Gajendra\Desktop\D3_MONAI\Datasets\TCIA_IDC_Prostate_MRI_US_Biopsy\prostate_mri_us_biopsy\Prostate-MRI-US-Biopsy-0910\49483\86888\bf0e3274-79f2-48ee-876a-3ad6387f7de9.dcm,True,,,,0.0,,,0.0,,,0.0,
C:\Users\Gajendra\Desktop\D3_MONAI\Datasets\TCIA_IDC_Prostate_MRI_US_Biopsy\prostate_mri_us_biopsy\Prostate-MRI-US-Biopsy-0911\02169\35753\79aa9099-4ef8-4e21-b6c8-d271c0827652.dcm,True,,,,0.0,,,0.0,,,0.0,
C:\Users\Gajendra\Desktop\D3_MONAI\Datasets\TCIA_IDC_Prostate_MRI_US_Biopsy\prostate_mri_us_biopsy\Prostate-MRI-US-Biopsy-0911\72322\21102\94e19488-b18b-482f-a621-6e4fa1022fed.dcm,True,,,,0.0,,,0.0,,,0.0,
C:\Users\Gajendra\Desktop\D3_MONAI\Datasets\TCIA_IDC_Prostate_MRI_US_Biopsy\prostate_mri_us_biopsy\Prostate-MRI-US-Biopsy-0911\76283\48640\dffb45a9-1a98-413d-9516-a4a05cd357ab.dcm,True,,,,0.0,,,0.0,,,0.0,
C:\Users\Gajendra\Desktop\D3_MONAI\Datasets\TCIA_IDC_Prostate_MRI_US_Biopsy\prostate_mri_us_biopsy\Prostate-MRI-US-Biopsy-0912\18572\86908\314b1768-8f7a-478d-bff1-7021537cdacd.dcm,True,,,,0.0,,,0.0,,,0.0,
C:\Users\Gajendra\Desktop\D3_MONAI\Datasets\TCIA_IDC_Prostate_MRI_US_Biopsy\prostate_mri_us_biopsy\Prostate-MRI-US-Biopsy-0913\02878\31159\5929662a-6e80-4984-81f0-d5c5e8eff8e4.dcm,True,,,,0.0,,,0.0,,,0.0,
C:\Users\Gajendra\Desktop\D3_MONAI\Datasets\TCIA_IDC_Prostate_MRI_US_Biopsy\prostate_mri_us_biopsy\Prostate-MRI-US-Biopsy-0914\58140\25873\12866b74-1a26-4e71-a26e-af97d8182081.dcm,True,,,,0.0,,,0.0,,,0.0,
C:\Users\Gajendra\Desktop\D3_MONAI\Datasets\TCIA_IDC_Prostate_MRI_US_Biopsy\prostate_mri_us_biopsy\Prostate-MRI-US-Biopsy-0915\07010\79719\b3180c7f-dedb-45b0-9b0f-9e9712255073.dcm,True,,,,0.0,,,0.0,,,0.0,
C:\Users\Gajendra\Desktop\D3_MONAI\Datasets\TCIA_IDC_Prostate_MRI_US_Biopsy\prostate_mri_us_biopsy\Prostate-MRI-US-Biopsy-0916\50623\76641\9e015bfa-7b21-4d7d-b9b6-151d9283ea5b.dcm,True,,,,0.0,,,0.0,,,0.0,
C:\Users\Gajendra\Desktop\D3_MONAI\Datasets\TCIA_IDC_Prostate_MRI_US_Biopsy\prostate_mri_us_biopsy\Prostate-MRI-US-Biopsy-0916\62431\20264\e8d5fc58-27e1-4c24-b775-f6937ec5daf9.dcm,True,,,,0.0,,,0.0,,,0.0,
C:\Users\Gajendra\Desktop\D3_MONAI\Datasets\TCIA_IDC_Prostate_MRI_US_Biopsy\prostate_mri_us_biopsy\Prostate-MRI-US-Biopsy-0917\07913\42273\6a592508-0ade-4138-a0b2-89e97b098a0a.dcm,True,,,,0.0,,,0.0,,,0.0,
C:\Users\Gajendra\Desktop\D3_MONAI\Datasets\TCIA_IDC_Prostate_MRI_US_Biopsy\prostate_mri_us_biopsy\Prostate-MRI-US-Biopsy-0917\89076\15660\21d79805-0807-4734-bac3-99f706c9ac4f.dcm,True,,,,0.0,,,0.0,,,0.0,
C:\Users\Gajendra\Desktop\D3_MONAI\Datasets\TCIA_IDC_Prostate_MRI_US_Biopsy\prostate_mri_us_biopsy\Prostate-MRI-US-Biopsy-0918\75697\34817\d5daf3d5-f5d0-4f65-bd10-d301d2cc590a.dcm,True,,,,0.0,,,0.0,,,0.0,
C:\Users\Gajendra\Desktop\D3_MONAI\Datasets\TCIA_IDC_Prostate_MRI_US_Biopsy\prostate_mri_us_biopsy\Prostate-MRI-US-Biopsy-0919\64132\82635\9e8e4857-10e7-4272-967c-3476ab113c34.dcm,True,,,,0.0,,,0.0,,,0.0,
C:\Users\Gajendra\Desktop\D3_MONAI\Datasets\TCIA_IDC_Prostate_MRI_US_Biopsy\prostate_mri_us_biopsy\Prostate-MRI-US-Biopsy-0920\88272\77390\f84f896f-7499-405e-9308-df30dac6917b.dcm,True,,,,0.0,,,0.0,,,0.0,
C:\Users\Gajendra\Desktop\D3_MONAI\Datasets\TCIA_IDC_Prostate_MRI_US_Biopsy\prostate_mri_us_biopsy\Prostate-MRI-US-Biopsy-0921\05797\55448\56b5939c-d4ef-4d36-a5d3-5af387ef39b6.dcm,True,,,,0.0,,,0.0,,,0.0,
C:\Users\Gajendra\Desktop\D3_MONAI\Datasets\TCIA_IDC_Prostate_MRI_US_Biopsy\prostate_mri_us_biopsy\Prostate-MRI-US-Biopsy-0921\66289\29276\854d87ba-f118-4592-92a2-c2207b51dcdf.dcm,True,,,,0.0,,,0.0,,,0.0,
C:\Users\Gajendra\Desktop\D3_MONAI\Datasets\TCIA_IDC_Prostate_MRI_US_Biopsy\prostate_mri_us_biopsy\Prostate-MRI-US-Biopsy-0922\18416\53340\0ed8a73e-12ae-4639-9b9e-0957ab9e132c.dcm,True,,,,0.0,,,0.0,,,0.0,
C:\Users\Gajendra\Desktop\D3_MONAI\Datasets\TCIA_IDC_Prostate_MRI_US_Biopsy\prostate_mri_us_biopsy\Prostate-MRI-US-Biopsy-0923\07051\47956\3da2551c-704d-4b02-8b22-16550a47621d.dcm,True,,,,0.0,,,0.0,,,0.0,
C:\Users\Gajendra\Desktop\D3_MONAI\Datasets\TCIA_IDC_Prostate_MRI_US_Biopsy\prostate_mri_us_biopsy\Prostate-MRI-US-Biopsy-0923\20009\86166\aba6410e-e09c-452a-9eda-703c43b4c9b5.dcm,True,,,,0.0,,,0.0,,,0.0,
C:\Users\Gajendra\Desktop\D3_MONAI\Datasets\TCIA_IDC_Prostate_MRI_US_Biopsy\prostate_mri_us_biopsy\Prostate-MRI-US-Biopsy-0923\30251\32383\912cc6d6-811b-458d-b54a-39b445d05f4c.dcm,True,,,,0.0,,,0.0,,,0.0,
C:\Users\Gajendra\Desktop\D3_MONAI\Datasets\TCIA_IDC_Prostate_MRI_US_Biopsy\prostate_mri_us_biopsy\Prostate-MRI-US-Biopsy-0924\31355\41963\ce2e3ce3-fddd-4800-963f-1f6eaa21c3cc.dcm,True,,,,0.0,,,0.0,,,0.0,
C:\Users\Gajendra\Desktop\D3_MONAI\Datasets\TCIA_IDC_Prostate_MRI_US_Biopsy\prostate_mri_us_biopsy\Prostate-MRI-US-Biopsy-0924\99711\39277\340890cb-0f8c-42ae-9378-2a8b1cda4cbd.dcm,True,,,,0.0,,,0.0,,,0.0,
C:\Users\Gajendra\Desktop\D3_MONAI\Datasets\TCIA_IDC_Prostate_MRI_US_Biopsy\prostate_mri_us_biopsy\Prostate-MRI-US-Biopsy-0925\54671\06211\82e7e9a8-e5df-4663-9d93-c14ddbfeb53d.dcm,True,,,,0.0,,,0.0,,,0.0,
C:\Users\Gajendra\Desktop\D3_MONAI\Datasets\TCIA_IDC_Prostate_MRI_US_Biopsy\prostate_mri_us_biopsy\Prostate-MRI-US-Biopsy-0925\56527\29469\cfca4a3b-6e8d-4447-9c78-d08e5ed9e55f.dcm,True,,,,0.0,,,0.0,,,0.0,
C:\Users\Gajendra\Desktop\D3_MONAI\Datasets\TCIA_IDC_Prostate_MRI_US_Biopsy\prostate_mri_us_biopsy\Prostate-MRI-US-Biopsy-0926\29384\73469\438a57ec-fdda-4469-9e84-d79f200e2a7b.dcm,True,,,,0.0,,,0.0,,,0.0,
C:\Users\Gajendra\Desktop\D3_MONAI\Datasets\TCIA_IDC_Prostate_MRI_US_Biopsy\prostate_mri_us_biopsy\Prostate-MRI-US-Biopsy-0927\24863\62328\74293c58-4860-43f4-a8e4-2910c2655098.dcm,True,,,,0.0,,,0.0,,,0.0,
C:\Users\Gajendra\Desktop\D3_MONAI\Datasets\TCIA_IDC_Prostate_MRI_US_Biopsy\prostate_mri_us_biopsy\Prostate-MRI-US-Biopsy-0927\43501\02734\4dbb000e-0346-4174-86de-2a85d56697e1.dcm,True,,,,0.0,,,0.0,,,0.0,
C:\Users\Gajendra\Desktop\D3_MONAI\Datasets\TCIA_IDC_Prostate_MRI_US_Biopsy\prostate_mri_us_biopsy\Prostate-MRI-US-Biopsy-0928\73007\77650\31a739e7-39ac-4e49-b9b5-eeeab6beda1f.dcm,True,,,,0.0,,,0.0,,,0.0,
C:\Users\Gajendra\Desktop\D3_MONAI\Datasets\TCIA_IDC_Prostate_MRI_US_Biopsy\prostate_mri_us_biopsy\Prostate-MRI-US-Biopsy-0929\31542\85267\7f4af8c6-9764-4a5d-970f-cd5508b23aca.dcm,True,,,,0.0,,,0.0,,,0.0,
C:\Users\Gajendra\Desktop\D3_MONAI\Datasets\TCIA_IDC_Prostate_MRI_US_Biopsy\prostate_mri_us_biopsy\Prostate-MRI-US-Biopsy-0929\38383\39964\b1ed409e-1d54-4cfe-9924-c23720e5d0b7.dcm,True,,,,0.0,,,0.0,,,0.0,
C:\Users\Gajendra\Desktop\D3_MONAI\Datasets\TCIA_IDC_Prostate_MRI_US_Biopsy\prostate_mri_us_biopsy\Prostate-MRI-US-Biopsy-0930\43932\02947\817cdd0b-c2c0-4722-8f6c-2c039b4dbf58.dcm,True,,,,0.0,,,0.0,,,0.0,
C:\Users\Gajendra\Desktop\D3_MONAI\Datasets\TCIA_IDC_Prostate_MRI_US_Biopsy\prostate_mri_us_biopsy\Prostate-MRI-US-Biopsy-0931\25305\86926\bbda5e23-2a0f-49f5-a16a-78a66338a61e.dcm,True,,,,0.0,,,0.0,,,0.0,
C:\Users\Gajendra\Desktop\D3_MONAI\Datasets\TCIA_IDC_Prostate_MRI_US_Biopsy\prostate_mri_us_biopsy\Prostate-MRI-US-Biopsy-0931\36697\66836\4779dbb6-dc87-4e8a-a3f4-0b727128307e.dcm,True,,,,0.0,,,0.0,,,0.0,
C:\Users\Gajendra\Desktop\D3_MONAI\Datasets\TCIA_IDC_Prostate_MRI_US_Biopsy\prostate_mri_us_biopsy\Prostate-MRI-US-Biopsy-0932\17046\68966\44b4ea7e-bfc4-43fc-95a1-322816cfbb81.dcm,True,,,,0.0,,,0.0,,,0.0,
C:\Users\Gajendra\Desktop\D3_MONAI\Datasets\TCIA_IDC_Prostate_MRI_US_Biopsy\prostate_mri_us_biopsy\Prostate-MRI-US-Biopsy-0932\49826\86923\2f6cbaef-3e2a-463a-afe3-310fb93607d9.dcm,True,,,,0.0,,,0.0,,,0.0,
C:\Users\Gajendra\Desktop\D3_MONAI\Datasets\TCIA_IDC_Prostate_MRI_US_Biopsy\prostate_mri_us_biopsy\Prostate-MRI-US-Biopsy-0932\74250\10989\2f57b86a-72b1-4d0d-9536-77683f51fca5.dcm,True,,,,0.0,,,0.0,,,0.0,
C:\Users\Gajendra\Desktop\D3_MONAI\Datasets\TCIA_IDC_Prostate_MRI_US_Biopsy\prostate_mri_us_biopsy\Prostate-MRI-US-Biopsy-0933\65255\28266\ec989ba4-57a9-4628-b2e4-b393cb0583d9.dcm,True,,,,0.0,,,0.0,,,0.0,
C:\Users\Gajendra\Desktop\D3_MONAI\Datasets\TCIA_IDC_Prostate_MRI_US_Biopsy\prostate_mri_us_biopsy\Prostate-MRI-US-Biopsy-0934\79339\56812\66211103-a38e-4040-b974-2aa4aa202a72.dcm,True,,,,0.0,,,0.0,,,0.0,
C:\Users\Gajendra\Desktop\D3_MONAI\Datasets\TCIA_IDC_Prostate_MRI_US_Biopsy\prostate_mri_us_biopsy\Prostate-MRI-US-Biopsy-0935\62879\11034\0386ab41-bfeb-4585-b116-6e57fa8dc8b1.dcm,True,,,,0.0,,,0.0,,,0.0,
C:\Users\Gajendra\Desktop\D3_MONAI\Datasets\TCIA_IDC_Prostate_MRI_US_Biopsy\prostate_mri_us_biopsy\Prostate-MRI-US-Biopsy-0936\52746\64617\aafdc501-5f8e-4b06-a027-5ec4fde72558.dcm,True,,,,0.0,,,0.0,,,0.0,
C:\Users\Gajendra\Desktop\D3_MONAI\Datasets\TCIA_IDC_Prostate_MRI_US_Biopsy\prostate_mri_us_biopsy\Prostate-MRI-US-Biopsy-0937\62860\65652\32504f6d-a394-4b6b-876c-ef3cd76ee91c.dcm,True,,,,0.0,,,0.0,,,0.0,
C:\Users\Gajendra\Desktop\D3_MONAI\Datasets\TCIA_IDC_Prostate_MRI_US_Biopsy\prostate_mri_us_biopsy\Prostate-MRI-US-Biopsy-0938\98024\23771\f49f9b94-a536-4008-a1a2-7963adc09e5d.dcm,True,,,,0.0,,,0.0,,,0.0,
C:\Users\Gajendra\Desktop\D3_MONAI\Datasets\TCIA_IDC_Prostate_MRI_US_Biopsy\prostate_mri_us_biopsy\Prostate-MRI-US-Biopsy-0939\66573\00389\7ca2c744-a3a6-4000-abee-d63d3de192c6.dcm,True,,,,0.0,,,0.0,,,0.0,
C:\Users\Gajendra\Desktop\D3_MONAI\Datasets\TCIA_IDC_Prostate_MRI_US_Biopsy\prostate_mri_us_biopsy\Prostate-MRI-US-Biopsy-0939\81616\54761\17f80cdb-18be-4107-8f4c-7cb974f51cf5.dcm,True,,,,0.0,,,0.0,,,0.0,
C:\Users\Gajendra\Desktop\D3_MONAI\Datasets\TCIA_IDC_Prostate_MRI_US_Biopsy\prostate_mri_us_biopsy\Prostate-MRI-US-Biopsy-0940\33970\67338\24148933-795a-48e6-80a9-a3a8130007b8.dcm,True,,,,0.0,,,0.0,,,0.0,
C:\Users\Gajendra\Desktop\D3_MONAI\Datasets\TCIA_IDC_Prostate_MRI_US_Biopsy\prostate_mri_us_biopsy\Prostate-MRI-US-Biopsy-0941\09738\43298\eb31299d-e793-449c-9801-45dde1d8f11e.dcm,True,,,,0.0,,,0.0,,,0.0,
C:\Users\Gajendra\Desktop\D3_MONAI\Datasets\TCIA_IDC_Prostate_MRI_US_Biopsy\prostate_mri_us_biopsy\Prostate-MRI-US-Biopsy-0942\23230\79801\c276ed16-dca7-4b92-9129-2d6e75b08d35.dcm,True,,,,0.0,,,0.0,,,0.0,
C:\Users\Gajendra\Desktop\D3_MONAI\Datasets\TCIA_IDC_Prostate_MRI_US_Biopsy\prostate_mri_us_biopsy\Prostate-MRI-US-Biopsy-0943\99408\98941\1f392ded-9b4d-425a-85ff-ae8eb17fafcd.dcm,True,,,,0.0,,,0.0,,,0.0,
C:\Users\Gajendra\Desktop\D3_MONAI\Datasets\TCIA_IDC_Prostate_MRI_US_Biopsy\prostate_mri_us_biopsy\Prostate-MRI-US-Biopsy-0944\15664\32386\645c3691-610f-432d-90f6-ab2c43c979ce.dcm,True,,,,0.0,,,0.0,,,0.0,
C:\Users\Gajendra\Desktop\D3_MONAI\Datasets\TCIA_IDC_Prostate_MRI_US_Biopsy\prostate_mri_us_biopsy\Prostate-MRI-US-Biopsy-0944\42476\98640\23517176-7824-4f0b-a797-c10036d90779.dcm,True,,,,0.0,,,0.0,,,0.0,
C:\Users\Gajendra\Desktop\D3_MONAI\Datasets\TCIA_IDC_Prostate_MRI_US_Biopsy\prostate_mri_us_biopsy\Prostate-MRI-US-Biopsy-0944\69868\44913\033c57b9-1143-42f4-a8d1-29b80d4c506a.dcm,True,,,,0.0,,,0.0,,,0.0,
C:\Users\Gajendra\Desktop\D3_MONAI\Datasets\TCIA_IDC_Prostate_MRI_US_Biopsy\prostate_mri_us_biopsy\Prostate-MRI-US-Biopsy-0945\60849\69077\74535c77-41b8-4e54-904c-ca61c9425751.dcm,True,,,,0.0,,,0.0,,,0.0,
C:\Users\Gajendra\Desktop\D3_MONAI\Datasets\TCIA_IDC_Prostate_MRI_US_Biopsy\prostate_mri_us_biopsy\Prostate-MRI-US-Biopsy-0946\28655\25701\87bc47f5-8344-433c-b70e-9a92636d6c99.dcm,True,,,,0.0,,,0.0,,,0.0,
C:\Users\Gajendra\Desktop\D3_MONAI\Datasets\TCIA_IDC_Prostate_MRI_US_Biopsy\prostate_mri_us_biopsy\Prostate-MRI-US-Biopsy-0946\44527\46464\1e59213a-80f4-47bc-86f8-5c29c8a83b61.dcm,True,,,,0.0,,,0.0,,,0.0,
C:\Users\Gajendra\Desktop\D3_MONAI\Datasets\TCIA_IDC_Prostate_MRI_US_Biopsy\prostate_mri_us_biopsy\Prostate-MRI-US-Biopsy-0947\44067\09007\8d474911-d176-47ff-bfc7-eab36f5b3916.dcm,True,,,,0.0,,,0.0,,,0.0,
C:\Users\Gajendra\Desktop\D3_MONAI\Datasets\TCIA_IDC_Prostate_MRI_US_Biopsy\prostate_mri_us_biopsy\Prostate-MRI-US-Biopsy-0948\04150\44615\d756f552-de7f-43a4-869e-d7c69dd488ca.dcm,True,,,,0.0,,,0.0,,,0.0,
C:\Users\Gajendra\Desktop\D3_MONAI\Datasets\TCIA_IDC_Prostate_MRI_US_Biopsy\prostate_mri_us_biopsy\Prostate-MRI-US-Biopsy-0948\17095\72262\46bf277d-a827-4d2c-8832-adc481f150eb.dcm,True,,,,0.0,,,0.0,,,0.0,
C:\Users\Gajendra\Desktop\D3_MONAI\Datasets\TCIA_IDC_Prostate_MRI_US_Biopsy\prostate_mri_us_biopsy\Prostate-MRI-US-Biopsy-0949\73645\86838\f9f1480f-5d8b-462c-800f-55ea877217bc.dcm,True,,,,0.0,,,0.0,,,0.0,
C:\Users\Gajendra\Desktop\D3_MONAI\Datasets\TCIA_IDC_Prostate_MRI_US_Biopsy\prostate_mri_us_biopsy\Prostate-MRI-US-Biopsy-0950\18726\97986\386ec105-39c7-4d66-8358-b33a04b49fec.dcm,True,,,,0.0,,,0.0,,,0.0,
C:\Users\Gajendra\Desktop\D3_MONAI\Datasets\TCIA_IDC_Prostate_MRI_US_Biopsy\prostate_mri_us_biopsy\Prostate-MRI-US-Biopsy-0950\64339\06124\7e3e160a-594e-4262-a04a-71bf0a0b5d23.dcm,True,,,,0.0,,,0.0,,,0.0,
C:\Users\Gajendra\Desktop\D3_MONAI\Datasets\TCIA_IDC_Prostate_MRI_US_Biopsy\prostate_mri_us_biopsy\Prostate-MRI-US-Biopsy-0951\23307\07491\2d08963b-2f46-4e84-b22c-33f9cd1dd732.dcm,True,,,,0.0,,,0.0,,,0.0,
C:\Users\Gajendra\Desktop\D3_MONAI\Datasets\TCIA_IDC_Prostate_MRI_US_Biopsy\prostate_mri_us_biopsy\Prostate-MRI-US-Biopsy-0952\63263\93159\76efc182-1fc2-4f4f-939b-f34fee89cdaf.dcm,True,,,,0.0,,,0.0,,,0.0,
C:\Users\Gajendra\Desktop\D3_MONAI\Datasets\TCIA_IDC_Prostate_MRI_US_Biopsy\prostate_mri_us_biopsy\Prostate-MRI-US-Biopsy-0953\66073\60625\99ce650a-0f81-4444-b946-65a97bd34de3.dcm,True,,,,0.0,,,0.0,,,0.0,
C:\Users\Gajendra\Desktop\D3_MONAI\Datasets\TCIA_IDC_Prostate_MRI_US_Biopsy\prostate_mri_us_biopsy\Prostate-MRI-US-Biopsy-0954\87348\88209\8cc87a3a-318e-4e76-981d-77a4a366487a.dcm,True,,,,0.0,,,0.0,,,0.0,
C:\Users\Gajendra\Desktop\D3_MONAI\Datasets\TCIA_IDC_Prostate_MRI_US_Biopsy\prostate_mri_us_biopsy\Prostate-MRI-US-Biopsy-0955\33413\85463\7fb4039d-9045-4335-880d-2abee3535c7e.dcm,True,,,,0.0,,,0.0,,,0.0,
C:\Users\Gajendra\Desktop\D3_MONAI\Datasets\TCIA_IDC_Prostate_MRI_US_Biopsy\prostate_mri_us_biopsy\Prostate-MRI-US-Biopsy-0956\56029\93940\5115c3ee-e5ab-4cc9-ae80-2e25befb90a6.dcm,True,,,,0.0,,,0.0,,,0.0,
C:\Users\Gajendra\Desktop\D3_MONAI\Datasets\TCIA_IDC_Prostate_MRI_US_Biopsy\prostate_mri_us_biopsy\Prostate-MRI-US-Biopsy-0957\69812\13458\7bdfbdc1-6401-4c75-9299-494ddb5ea99b.dcm,True,,,,0.0,,,0.0,,,0.0,
C:\Users\Gajendra\Desktop\D3_MONAI\Datasets\TCIA_IDC_Prostate_MRI_US_Biopsy\prostate_mri_us_biopsy\Prostate-MRI-US-Biopsy-0958\48235\11679\cf3aa666-f8c7-43c8-98f5-1f68cb1ef2f8.dcm,True,,,,0.0,,,0.0,,,0.0,
C:\Users\Gajendra\Desktop\D3_MONAI\Datasets\TCIA_IDC_Prostate_MRI_US_Biopsy\prostate_mri_us_biopsy\Prostate-MRI-US-Biopsy-0959\56207\23035\c9e4c4ae-cab5-462c-b1c7-eaaf8ae1ecd8.dcm,True,,,,0.0,,,0.0,,,0.0,
C:\Users\Gajendra\Desktop\D3_MONAI\Datasets\TCIA_IDC_Prostate_MRI_US_Biopsy\prostate_mri_us_biopsy\Prostate-MRI-US-Biopsy-0959\96557\71133\e3047bc7-9b25-411f-9902-008ee05188a0.dcm,True,,,,0.0,,,0.0,,,0.0,
C:\Users\Gajendra\Desktop\D3_MONAI\Datasets\TCIA_IDC_Prostate_MRI_US_Biopsy\prostate_mri_us_biopsy\Prostate-MRI-US-Biopsy-0960\73397\28011\ddef0322-d12c-4ec3-816e-4aa19072f8bd.dcm,True,,,,0.0,,,0.0,,,0.0,
C:\Users\Gajendra\Desktop\D3_MONAI\Datasets\TCIA_IDC_Prostate_MRI_US_Biopsy\prostate_mri_us_biopsy\Prostate-MRI-US-Biopsy-0961\16287\43160\ff788b07-d431-42a0-a59a-8bb3513f1521.dcm,True,,,,0.0,,,0.0,,,0.0,
C:\Users\Gajendra\Desktop\D3_MONAI\Datasets\TCIA_IDC_Prostate_MRI_US_Biopsy\prostate_mri_us_biopsy\Prostate-MRI-US-Biopsy-0961\23433\09029\febc7a75-6a09-4ef2-bf6a-162c0e51384e.dcm,True,,,,0.0,,,0.0,,,0.0,
C:\Users\Gajendra\Desktop\D3_MONAI\Datasets\TCIA_IDC_Prostate_MRI_US_Biopsy\prostate_mri_us_biopsy\Prostate-MRI-US-Biopsy-0962\20258\46914\9333742c-1d65-4334-b881-c94668f87324.dcm,True,,,,0.0,,,0.0,,,0.0,
C:\Users\Gajendra\Desktop\D3_MONAI\Datasets\TCIA_IDC_Prostate_MRI_US_Biopsy\prostate_mri_us_biopsy\Prostate-MRI-US-Biopsy-0963\10472\55876\48d7eef6-9146-4b89-98dc-d9f9e4193471.dcm,True,,,,0.0,,,0.0,,,0.0,
C:\Users\Gajendra\Desktop\D3_MONAI\Datasets\TCIA_IDC_Prostate_MRI_US_Biopsy\prostate_mri_us_biopsy\Prostate-MRI-US-Biopsy-0963\50202\77440\4463c1f0-bf41-4a4d-beae-36c90348f51b.dcm,True,,,,0.0,,,0.0,,,0.0,
C:\Users\Gajendra\Desktop\D3_MONAI\Datasets\TCIA_IDC_Prostate_MRI_US_Biopsy\prostate_mri_us_biopsy\Prostate-MRI-US-Biopsy-0964\38401\04371\dd63176c-eda7-431f-b406-65255034558a.dcm,True,,,,0.0,,,0.0,,,0.0,
C:\Users\Gajendra\Desktop\D3_MONAI\Datasets\TCIA_IDC_Prostate_MRI_US_Biopsy\prostate_mri_us_biopsy\Prostate-MRI-US-Biopsy-0965\10057\56431\a3c0b3fe-ac1b-4fb5-b562-069786285099.dcm,True,,,,0.0,,,0.0,,,0.0,
C:\Users\Gajendra\Desktop\D3_MONAI\Datasets\TCIA_IDC_Prostate_MRI_US_Biopsy\prostate_mri_us_biopsy\Prostate-MRI-US-Biopsy-0965\36385\45991\99285a3f-e056-4e40-8418-6e185799f6c1.dcm,True,,,,0.0,,,0.0,,,0.0,
C:\Users\Gajendra\Desktop\D3_MONAI\Datasets\TCIA_IDC_Prostate_MRI_US_Biopsy\prostate_mri_us_biopsy\Prostate-MRI-US-Biopsy-0966\56000\99233\eb10ee4b-d854-440f-926e-8814e18666ed.dcm,True,,,,0.0,,,0.0,,,0.0,
C:\Users\Gajendra\Desktop\D3_MONAI\Datasets\TCIA_IDC_Prostate_MRI_US_Biopsy\prostate_mri_us_biopsy\Prostate-MRI-US-Biopsy-0967\08108\30552\43c31b2a-d512-44cf-a8be-853ca6a48584.dcm,True,,,,0.0,,,0.0,,,0.0,
C:\Users\Gajendra\Desktop\D3_MONAI\Datasets\TCIA_IDC_Prostate_MRI_US_Biopsy\prostate_mri_us_biopsy\Prostate-MRI-US-Biopsy-0967\74848\76720\58c32f67-9201-4e43-ae76-8c216ae4f8b2.dcm,True,,,,0.0,,,0.0,,,0.0,
C:\Users\Gajendra\Desktop\D3_MONAI\Datasets\TCIA_IDC_Prostate_MRI_US_Biopsy\prostate_mri_us_biopsy\Prostate-MRI-US-Biopsy-0968\44794\17132\e174c9d1-5b56-4927-bbae-8d4db2723add.dcm,True,,,,0.0,,,0.0,,,0.0,
C:\Users\Gajendra\Desktop\D3_MONAI\Datasets\TCIA_IDC_Prostate_MRI_US_Biopsy\prostate_mri_us_biopsy\Prostate-MRI-US-Biopsy-0969\52119\79924\f5702496-c5d7-4abf-9b65-2bc9411a12b8.dcm,True,,,,0.0,,,0.0,,,0.0,
C:\Users\Gajendra\Desktop\D3_MONAI\Datasets\TCIA_IDC_Prostate_MRI_US_Biopsy\prostate_mri_us_biopsy\Prostate-MRI-US-Biopsy-0970\57364\41375\06c827d5-a07c-4afd-8b8b-8f01536e6bfc.dcm,True,,,,0.0,,,0.0,,,0.0,
C:\Users\Gajendra\Desktop\D3_MONAI\Datasets\TCIA_IDC_Prostate_MRI_US_Biopsy\prostate_mri_us_biopsy\Prostate-MRI-US-Biopsy-0971\23035\42379\082374e6-0a82-4b86-812d-a1bfc1ef9be2.dcm,True,,,,0.0,,,0.0,,,0.0,
C:\Users\Gajendra\Desktop\D3_MONAI\Datasets\TCIA_IDC_Prostate_MRI_US_Biopsy\prostate_mri_us_biopsy\Prostate-MRI-US-Biopsy-0971\24324\02827\59e54ba3-b482-42a1-9d41-65b629520fe9.dcm,True,,,,0.0,,,0.0,,,0.0,
C:\Users\Gajendra\Desktop\D3_MONAI\Datasets\TCIA_IDC_Prostate_MRI_US_Biopsy\prostate_mri_us_biopsy\Prostate-MRI-US-Biopsy-0972\06533\34619\27d63d57-63f2-4406-ba51-587a0788289b.dcm,True,,,,0.0,,,0.0,,,0.0,
C:\Users\Gajendra\Desktop\D3_MONAI\Datasets\TCIA_IDC_Prostate_MRI_US_Biopsy\prostate_mri_us_biopsy\Prostate-MRI-US-Biopsy-0973\32626\98406\8d719d1b-bbf3-4d46-a3b4-cb337d05c261.dcm,True,,,,0.0,,,0.0,,,0.0,
C:\Users\Gajendra\Desktop\D3_MONAI\Datasets\TCIA_IDC_Prostate_MRI_US_Biopsy\prostate_mri_us_biopsy\Prostate-MRI-US-Biopsy-0974\23201\96392\fb090fe9-09c1-4221-bb90-dd85fae041ee.dcm,True,,,,0.0,,,0.0,,,0.0,
C:\Users\Gajendra\Desktop\D3_MONAI\Datasets\TCIA_IDC_Prostate_MRI_US_Biopsy\prostate_mri_us_biopsy\Prostate-MRI-US-Biopsy-0974\55980\18415\a53893d9-a03d-4605-ab5c-c46fa6be7410.dcm,True,,,,0.0,,,0.0,,,0.0,
C:\Users\Gajendra\Desktop\D3_MONAI\Datasets\TCIA_IDC_Prostate_MRI_US_Biopsy\prostate_mri_us_biopsy\Prostate-MRI-US-Biopsy-0975\01956\90808\5e02a76f-4c79-4c33-b2c2-7e4ed7ee4878.dcm,True,,,,0.0,,,0.0,,,0.0,
C:\Users\Gajendra\Desktop\D3_MONAI\Datasets\TCIA_IDC_Prostate_MRI_US_Biopsy\prostate_mri_us_biopsy\Prostate-MRI-US-Biopsy-0976\92667\86394\9e93442c-7896-49d8-8baa-1057ca1da4a3.dcm,True,,,,0.0,,,0.0,,,0.0,
C:\Users\Gajendra\Desktop\D3_MONAI\Datasets\TCIA_IDC_Prostate_MRI_US_Biopsy\prostate_mri_us_biopsy\Prostate-MRI-US-Biopsy-0976\93343\93921\3e0d86ac-4231-4749-9dc4-40cf2d41a385.dcm,True,,,,0.0,,,0.0,,,0.0,
C:\Users\Gajendra\Desktop\D3_MONAI\Datasets\TCIA_IDC_Prostate_MRI_US_Biopsy\prostate_mri_us_biopsy\Prostate-MRI-US-Biopsy-0977\96068\95232\2f8349d0-c047-48f4-ba56-dc5585c17e2f.dcm,True,,,,0.0,,,0.0,,,0.0,
C:\Users\Gajendra\Desktop\D3_MONAI\Datasets\TCIA_IDC_Prostate_MRI_US_Biopsy\prostate_mri_us_biopsy\Prostate-MRI-US-Biopsy-0978\62275\08182\3f6a4521-c370-4e78-827f-efdf443bd32e.dcm,True,,,,0.0,,,0.0,,,0.0,
C:\Users\Gajendra\Desktop\D3_MONAI\Datasets\TCIA_IDC_Prostate_MRI_US_Biopsy\prostate_mri_us_biopsy\Prostate-MRI-US-Biopsy-0979\51058\95612\dfb3d0e3-d800-4491-a87d-55b06f93d9e6.dcm,True,,,,0.0,,,0.0,,,0.0,
C:\Users\Gajendra\Desktop\D3_MONAI\Datasets\TCIA_IDC_Prostate_MRI_US_Biopsy\prostate_mri_us_biopsy\Prostate-MRI-US-Biopsy-0980\85575\08161\2533478e-a2fa-4f9d-bce2-dc56c014b613.dcm,True,,,,0.0,,,0.0,,,0.0,
C:\Users\Gajendra\Desktop\D3_MONAI\Datasets\TCIA_IDC_Prostate_MRI_US_Biopsy\prostate_mri_us_biopsy\Prostate-MRI-US-Biopsy-0981\82805\18289\edeca4f7-f311-4927-b14a-f99a46309073.dcm,True,,,,0.0,,,0.0,,,0.0,
C:\Users\Gajendra\Desktop\D3_MONAI\Datasets\TCIA_IDC_Prostate_MRI_US_Biopsy\prostate_mri_us_biopsy\Prostate-MRI-US-Biopsy-0982\80469\31197\72288a04-6220-4a34-a4f0-fe160e9dd648.dcm,True,,,,0.0,,,0.0,,,0.0,
C:\Users\Gajendra\Desktop\D3_MONAI\Datasets\TCIA_IDC_Prostate_MRI_US_Biopsy\prostate_mri_us_biopsy\Prostate-MRI-US-Biopsy-0983\85016\60158\fa7bb925-a754-4b85-9b59-63c84cf641bb.dcm,True,,,,0.0,,,0.0,,,0.0,
C:\Users\Gajendra\Desktop\D3_MONAI\Datasets\TCIA_IDC_Prostate_MRI_US_Biopsy\prostate_mri_us_biopsy\Prostate-MRI-US-Biopsy-0984\47584\80626\dc904b10-9202-47ba-a38d-2b1de133c8a2.dcm,True,,,,0.0,,,0.0,,,0.0,
C:\Users\Gajendra\Desktop\D3_MONAI\Datasets\TCIA_IDC_Prostate_MRI_US_Biopsy\prostate_mri_us_biopsy\Prostate-MRI-US-Biopsy-0985\29222\71971\35934625-50c7-48cd-b10c-5e978dcd6dc2.dcm,True,,,,0.0,,,0.0,,,0.0,
C:\Users\Gajendra\Desktop\D3_MONAI\Datasets\TCIA_IDC_Prostate_MRI_US_Biopsy\prostate_mri_us_biopsy\Prostate-MRI-US-Biopsy-0986\15342\53044\250022e6-62ff-4f9a-9565-c9be8ba55df6.dcm,True,,,,0.0,,,0.0,,,0.0,
C:\Users\Gajendra\Desktop\D3_MONAI\Datasets\TCIA_IDC_Prostate_MRI_US_Biopsy\prostate_mri_us_biopsy\Prostate-MRI-US-Biopsy-0986\20061\87782\853432db-ff7b-43a0-a045-90a35f2a207b.dcm,True,,,,0.0,,,0.0,,,0.0,
C:\Users\Gajendra\Desktop\D3_MONAI\Datasets\TCIA_IDC_Prostate_MRI_US_Biopsy\prostate_mri_us_biopsy\Prostate-MRI-US-Biopsy-0987\01843\50321\83924145-db32-4895-a8fc-175a2c892899.dcm,True,,,,0.0,,,0.0,,,0.0,
C:\Users\Gajendra\Desktop\D3_MONAI\Datasets\TCIA_IDC_Prostate_MRI_US_Biopsy\prostate_mri_us_biopsy\Prostate-MRI-US-Biopsy-0988\23753\63247\1c746687-0949-48fe-8428-b0b462240be1.dcm,True,,,,0.0,,,0.0,,,0.0,
C:\Users\Gajendra\Desktop\D3_MONAI\Datasets\TCIA_IDC_Prostate_MRI_US_Biopsy\prostate_mri_us_biopsy\Prostate-MRI-US-Biopsy-0989\41614\68070\4c162475-3e94-4c97-b89f-b1381b1cb063.dcm,True,,,,0.0,,,0.0,,,0.0,
C:\Users\Gajendra\Desktop\D3_MONAI\Datasets\TCIA_IDC_Prostate_MRI_US_Biopsy\prostate_mri_us_biopsy\Prostate-MRI-US-Biopsy-0990\10215\02007\3ebd9c64-46b3-416f-b469-8bd67543f081.dcm,True,,,,0.0,,,0.0,,,0.0,
C:\Users\Gajendra\Desktop\D3_MONAI\Datasets\TCIA_IDC_Prostate_MRI_US_Biopsy\prostate_mri_us_biopsy\Prostate-MRI-US-Biopsy-0990\59703\48938\ab6f43f9-4f3b-4d44-801d-384164c8c6b3.dcm,True,,,,0.0,,,0.0,,,0.0,
C:\Users\Gajendra\Desktop\D3_MONAI\Datasets\TCIA_IDC_Prostate_MRI_US_Biopsy\prostate_mri_us_biopsy\Prostate-MRI-US-Biopsy-0991\56541\28834\a39a1b93-5519-4a2e-b078-2a29c698aa14.dcm,True,,,,0.0,,,0.0,,,0.0,
C:\Users\Gajendra\Desktop\D3_MONAI\Datasets\TCIA_IDC_Prostate_MRI_US_Biopsy\prostate_mri_us_biopsy\Prostate-MRI-US-Biopsy-0991\94641\80236\b8180727-87b7-4580-bee6-f3ad803eee49.dcm,True,,,,0.0,,,0.0,,,0.0,
C:\Users\Gajendra\Desktop\D3_MONAI\Datasets\TCIA_IDC_Prostate_MRI_US_Biopsy\prostate_mri_us_biopsy\Prostate-MRI-US-Biopsy-0992\89879\48900\6519d024-6cd4-4853-b09a-97704270b204.dcm,True,,,,0.0,,,0.0,,,0.0,
C:\Users\Gajendra\Desktop\D3_MONAI\Datasets\TCIA_IDC_Prostate_MRI_US_Biopsy\prostate_mri_us_biopsy\Prostate-MRI-US-Biopsy-0993\35768\28772\a53e7e35-60d2-40bd-be3d-1bb13fbe7691.dcm,True,,,,0.0,,,0.0,,,0.0,
C:\Users\Gajendra\Desktop\D3_MONAI\Datasets\TCIA_IDC_Prostate_MRI_US_Biopsy\prostate_mri_us_biopsy\Prostate-MRI-US-Biopsy-0994\99493\09193\1211eb2d-cdb0-432a-af34-2b807ccb41a0.dcm,True,,,,0.0,,,0.0,,,0.0,
C:\Users\Gajendra\Desktop\D3_MONAI\Datasets\TCIA_IDC_Prostate_MRI_US_Biopsy\prostate_mri_us_biopsy\Prostate-MRI-US-Biopsy-0995\07920\84234\248908b6-fbd4-434e-9992-15c3e59627c5.dcm,True,,,,0.0,,,0.0,,,0.0,
C:\Users\Gajendra\Desktop\D3_MONAI\Datasets\TCIA_IDC_Prostate_MRI_US_Biopsy\prostate_mri_us_biopsy\Prostate-MRI-US-Biopsy-0995\32628\99546\f8f56fa1-dd56-4de2-bb48-f69ebf48dd23.dcm,True,,,,0.0,,,0.0,,,0.0,
C:\Users\Gajendra\Desktop\D3_MONAI\Datasets\TCIA_IDC_Prostate_MRI_US_Biopsy\prostate_mri_us_biopsy\Prostate-MRI-US-Biopsy-0996\23331\46847\1cbe9a45-e439-4aa6-af09-94493f733b71.dcm,True,,,,0.0,,,0.0,,,0.0,
C:\Users\Gajendra\Desktop\D3_MONAI\Datasets\TCIA_IDC_Prostate_MRI_US_Biopsy\prostate_mri_us_biopsy\Prostate-MRI-US-Biopsy-0996\33885\61777\18a3c1f8-991a-41b1-b067-1e540004e591.dcm,True,,,,0.0,,,0.0,,,0.0,
C:\Users\Gajendra\Desktop\D3_MONAI\Datasets\TCIA_IDC_Prostate_MRI_US_Biopsy\prostate_mri_us_biopsy\Prostate-MRI-US-Biopsy-0997\07393\85679\5afd7c78-3289-40cf-a5eb-3c5f79c18d10.dcm,True,,,,0.0,,,0.0,,,0.0,
C:\Users\Gajendra\Desktop\D3_MONAI\Datasets\TCIA_IDC_Prostate_MRI_US_Biopsy\prostate_mri_us_biopsy\Prostate-MRI-US-Biopsy-0998\40969\48109\7a60126e-fac0-4ff4-aafe-59c2c6852d9b.dcm,True,,,,0.0,,,0.0,,,0.0,
C:\Users\Gajendra\Desktop\D3_MONAI\Datasets\TCIA_IDC_Prostate_MRI_US_Biopsy\prostate_mri_us_biopsy\Prostate-MRI-US-Biopsy-0998\67500\31074\676ff1e7-e170-452d-a593-6e48f615b67e.dcm,True,,,,0.0,,,0.0,,,0.0,
C:\Users\Gajendra\Desktop\D3_MONAI\Datasets\TCIA_IDC_Prostate_MRI_US_Biopsy\prostate_mri_us_biopsy\Prostate-MRI-US-Biopsy-0999\07043\56417\f004b70a-5159-4411-8cdd-b4bdd4b96794.dcm,True,,,,0.0,,,0.0,,,0.0,
C:\Users\Gajendra\Desktop\D3_MONAI\Datasets\TCIA_IDC_Prostate_MRI_US_Biopsy\prostate_mri_us_biopsy\Prostate-MRI-US-Biopsy-0999\18760\87876\082683d7-6957-4819-b6b9-0ec70cd95298.dcm,True,,,,0.0,,,0.0,,,0.0,
C:\Users\Gajendra\Desktop\D3_MONAI\Datasets\TCIA_IDC_Prostate_MRI_US_Biopsy\prostate_mri_us_biopsy\Prostate-MRI-US-Biopsy-1000\31774\42938\f9cf060a-18a8-40b8-b808-274c0ea8dc5d.dcm,True,,,,0.0,,,0.0,,,0.0,
C:\Users\Gajendra\Desktop\D3_MONAI\Datasets\TCIA_IDC_Prostate_MRI_US_Biopsy\prostate_mri_us_biopsy\Prostate-MRI-US-Biopsy-1001\16382\56407\caa7a5d6-eac0-4a4d-bbcd-3e0b6d8d6306.dcm,True,,,,0.0,,,0.0,,,0.0,
C:\Users\Gajendra\Desktop\D3_MONAI\Datasets\TCIA_IDC_Prostate_MRI_US_Biopsy\prostate_mri_us_biopsy\Prostate-MRI-US-Biopsy-1002\20767\22321\966c804a-fc70-436e-a59b-964ca49e9c6a.dcm,True,,,,0.0,,,0.0,,,0.0,
C:\Users\Gajendra\Desktop\D3_MONAI\Datasets\TCIA_IDC_Prostate_MRI_US_Biopsy\prostate_mri_us_biopsy\Prostate-MRI-US-Biopsy-1003\03664\78788\83a83146-1bfd-4627-8a5b-3d8acd915286.dcm,True,,,,0.0,,,0.0,,,0.0,
C:\Users\Gajendra\Desktop\D3_MONAI\Datasets\TCIA_IDC_Prostate_MRI_US_Biopsy\prostate_mri_us_biopsy\Prostate-MRI-US-Biopsy-1004\80006\84499\1e720454-5cc7-4bb2-a16c-f74aa8a59250.dcm,True,,,,0.0,,,0.0,,,0.0,
C:\Users\Gajendra\Desktop\D3_MONAI\Datasets\TCIA_IDC_Prostate_MRI_US_Biopsy\prostate_mri_us_biopsy\Prostate-MRI-US-Biopsy-1005\52460\78541\4d544200-2731-4aa7-b2d2-5801eacd9199.dcm,True,,,,0.0,,,0.0,,,0.0,
C:\Users\Gajendra\Desktop\D3_MONAI\Datasets\TCIA_IDC_Prostate_MRI_US_Biopsy\prostate_mri_us_biopsy\Prostate-MRI-US-Biopsy-1005\96380\86095\acab651f-9c23-4f1e-b929-6e0e6a01b553.dcm,True,,,,0.0,,,0.0,,,0.0,
C:\Users\Gajendra\Desktop\D3_MONAI\Datasets\TCIA_IDC_Prostate_MRI_US_Biopsy\prostate_mri_us_biopsy\Prostate-MRI-US-Biopsy-1006\65324\97584\866a05d5-e787-4ad6-b86e-13529142b67e.dcm,True,,,,0.0,,,0.0,,,0.0,
C:\Users\Gajendra\Desktop\D3_MONAI\Datasets\TCIA_IDC_Prostate_MRI_US_Biopsy\prostate_mri_us_biopsy\Prostate-MRI-US-Biopsy-1007\36340\71844\dd6123dd-b1da-45c8-992c-1ef996056ed3.dcm,True,,,,0.0,,,0.0,,,0.0,
C:\Users\Gajendra\Desktop\D3_MONAI\Datasets\TCIA_IDC_Prostate_MRI_US_Biopsy\prostate_mri_us_biopsy\Prostate-MRI-US-Biopsy-1008\99379\24004\53d08932-d7dc-44c9-89c9-cb0bc8ef9f1f.dcm,True,,,,0.0,,,0.0,,,0.0,
C:\Users\Gajendra\Desktop\D3_MONAI\Datasets\TCIA_IDC_Prostate_MRI_US_Biopsy\prostate_mri_us_biopsy\Prostate-MRI-US-Biopsy-1009\31127\62176\a61e4545-5947-4a87-bef9-dea3d16de504.dcm,True,,,,0.0,,,0.0,,,0.0,
C:\Users\Gajendra\Desktop\D3_MONAI\Datasets\TCIA_IDC_Prostate_MRI_US_Biopsy\prostate_mri_us_biopsy\Prostate-MRI-US-Biopsy-1009\72078\99379\1022c1d4-2d0a-4a4f-aab7-b5469ac967b2.dcm,True,,,,0.0,,,0.0,,,0.0,
C:\Users\Gajendra\Desktop\D3_MONAI\Datasets\TCIA_IDC_Prostate_MRI_US_Biopsy\prostate_mri_us_biopsy\Prostate-MRI-US-Biopsy-1010\00247\60497\2b589211-8bb7-4e08-9527-259c74f0d195.dcm,True,,,,0.0,,,0.0,,,0.0,
C:\Users\Gajendra\Desktop\D3_MONAI\Datasets\TCIA_IDC_Prostate_MRI_US_Biopsy\prostate_mri_us_biopsy\Prostate-MRI-US-Biopsy-1011\45347\67024\5cebdfac-3aa2-4ab8-9bc7-9eec15825dd4.dcm,True,,,,0.0,,,0.0,,,0.0,
C:\Users\Gajendra\Desktop\D3_MONAI\Datasets\TCIA_IDC_Prostate_MRI_US_Biopsy\prostate_mri_us_biopsy\Prostate-MRI-US-Biopsy-1012\49114\49417\a1f21b54-edd1-44b2-9d5c-b3d12ea82a89.dcm,True,,,,0.0,,,0.0,,,0.0,
C:\Users\Gajendra\Desktop\D3_MONAI\Datasets\TCIA_IDC_Prostate_MRI_US_Biopsy\prostate_mri_us_biopsy\Prostate-MRI-US-Biopsy-1013\48319\08049\f845d121-03a5-4386-add3-f2bea9f75430.dcm,True,,,,0.0,,,0.0,,,0.0,
C:\Users\Gajendra\Desktop\D3_MONAI\Datasets\TCIA_IDC_Prostate_MRI_US_Biopsy\prostate_mri_us_biopsy\Prostate-MRI-US-Biopsy-1014\74711\42408\81874658-3104-4478-b51c-dde9cceade16.dcm,True,,,,0.0,,,0.0,,,0.0,
C:\Users\Gajendra\Desktop\D3_MONAI\Datasets\TCIA_IDC_Prostate_MRI_US_Biopsy\prostate_mri_us_biopsy\Prostate-MRI-US-Biopsy-1015\60941\28101\eaa6f26b-765c-4ef8-81ab-af965be75e9f.dcm,True,,,,0.0,,,0.0,,,0.0,
C:\Users\Gajendra\Desktop\D3_MONAI\Datasets\TCIA_IDC_Prostate_MRI_US_Biopsy\prostate_mri_us_biopsy\Prostate-MRI-US-Biopsy-1016\54813\06652\e9d78e9b-05a7-425e-a7a7-3affae241647.dcm,True,,,,0.0,,,0.0,,,0.0,
C:\Users\Gajendra\Desktop\D3_MONAI\Datasets\TCIA_IDC_Prostate_MRI_US_Biopsy\prostate_mri_us_biopsy\Prostate-MRI-US-Biopsy-1017\08294\47032\24ee6e18-5398-477d-af86-808452c8a185.dcm,True,,,,0.0,,,0.0,,,0.0,
C:\Users\Gajendra\Desktop\D3_MONAI\Datasets\TCIA_IDC_Prostate_MRI_US_Biopsy\prostate_mri_us_biopsy\Prostate-MRI-US-Biopsy-1018\33561\57753\7f76a6a2-d654-49a8-8ca4-2b6a295ed301.dcm,True,,,,0.0,,,0.0,,,0.0,
C:\Users\Gajendra\Desktop\D3_MONAI\Datasets\TCIA_IDC_Prostate_MRI_US_Biopsy\prostate_mri_us_biopsy\Prostate-MRI-US-Biopsy-1018\41987\40054\0cce865a-c272-477e-ba9d-82b28d3068c6.dcm,True,,,,0.0,,,0.0,,,0.0,
C:\Users\Gajendra\Desktop\D3_MONAI\Datasets\TCIA_IDC_Prostate_MRI_US_Biopsy\prostate_mri_us_biopsy\Prostate-MRI-US-Biopsy-1019\78767\47232\9ddc39ff-0e0e-4a94-9ad6-d1abe5e5efb3.dcm,True,,,,0.0,,,0.0,,,0.0,
C:\Users\Gajendra\Desktop\D3_MONAI\Datasets\TCIA_IDC_Prostate_MRI_US_Biopsy\prostate_mri_us_biopsy\Prostate-MRI-US-Biopsy-1020\74429\88551\7cce71ed-26e5-493d-b0b3-841da054a6a1.dcm,True,,,,0.0,,,0.0,,,0.0,
C:\Users\Gajendra\Desktop\D3_MONAI\Datasets\TCIA_IDC_Prostate_MRI_US_Biopsy\prostate_mri_us_biopsy\Prostate-MRI-US-Biopsy-1021\22322\38842\671baff3-a465-4f73-b199-ba47846b3d7f.dcm,True,,,,0.0,,,0.0,,,0.0,
C:\Users\Gajendra\Desktop\D3_MONAI\Datasets\TCIA_IDC_Prostate_MRI_US_Biopsy\prostate_mri_us_biopsy\Prostate-MRI-US-Biopsy-1022\27384\65042\a8b262b6-a7e6-4e9f-abbe-20cb8fedd67d.dcm,True,,,,0.0,,,0.0,,,0.0,
C:\Users\Gajendra\Desktop\D3_MONAI\Datasets\TCIA_IDC_Prostate_MRI_US_Biopsy\prostate_mri_us_biopsy\Prostate-MRI-US-Biopsy-1023\66053\76662\f1a46c2c-9dec-4785-b207-f236e695ab5f.dcm,True,,,,0.0,,,0.0,,,0.0,
C:\Users\Gajendra\Desktop\D3_MONAI\Datasets\TCIA_IDC_Prostate_MRI_US_Biopsy\prostate_mri_us_biopsy\Prostate-MRI-US-Biopsy-1024\82763\75581\a289663e-a0d0-4cc4-8e19-16425680f83a.dcm,True,,,,0.0,,,0.0,,,0.0,
C:\Users\Gajendra\Desktop\D3_MONAI\Datasets\TCIA_IDC_Prostate_MRI_US_Biopsy\prostate_mri_us_biopsy\Prostate-MRI-US-Biopsy-1025\71286\40417\2fa7e48a-0d10-4203-955b-951b73a3f9f7.dcm,True,,,,0.0,,,0.0,,,0.0,
C:\Users\Gajendra\Desktop\D3_MONAI\Datasets\TCIA_IDC_Prostate_MRI_US_Biopsy\prostate_mri_us_biopsy\Prostate-MRI-US-Biopsy-1026\20405\37603\5e9f29f8-91c4-4aa8-b10e-10c0c768e5e7.dcm,True,,,,0.0,,,0.0,,,0.0,
C:\Users\Gajendra\Desktop\D3_MONAI\Datasets\TCIA_IDC_Prostate_MRI_US_Biopsy\prostate_mri_us_biopsy\Prostate-MRI-US-Biopsy-1026\98372\26100\1152b329-3102-4a45-b332-a3e4ea68b5a9.dcm,True,,,,0.0,,,0.0,,,0.0,
C:\Users\Gajendra\Desktop\D3_MONAI\Datasets\TCIA_IDC_Prostate_MRI_US_Biopsy\prostate_mri_us_biopsy\Prostate-MRI-US-Biopsy-1027\44649\57846\ca5f9496-c28e-4aaa-bbbe-6d815d0afb1f.dcm,True,,,,0.0,,,0.0,,,0.0,
C:\Users\Gajendra\Desktop\D3_MONAI\Datasets\TCIA_IDC_Prostate_MRI_US_Biopsy\prostate_mri_us_biopsy\Prostate-MRI-US-Biopsy-1028\97089\14304\c4a5bfb8-7caf-46d4-b242-7999fd1f52ae.dcm,True,,,,0.0,,,0.0,,,0.0,
C:\Users\Gajendra\Desktop\D3_MONAI\Datasets\TCIA_IDC_Prostate_MRI_US_Biopsy\prostate_mri_us_biopsy\Prostate-MRI-US-Biopsy-1029\62797\05608\5c848efe-e6f3-4d9f-a4ad-1d12842e0837.dcm,True,,,,0.0,,,0.0,,,0.0,
C:\Users\Gajendra\Desktop\D3_MONAI\Datasets\TCIA_IDC_Prostate_MRI_US_Biopsy\prostate_mri_us_biopsy\Prostate-MRI-US-Biopsy-1029\73973\68137\ab459939-e9a9-4bcf-9901-54e228bcc6c3.dcm,True,,,,0.0,,,0.0,,,0.0,
C:\Users\Gajendra\Desktop\D3_MONAI\Datasets\TCIA_IDC_Prostate_MRI_US_Biopsy\prostate_mri_us_biopsy\Prostate-MRI-US-Biopsy-1030\83416\25808\ea1d2986-fb05-4b89-9a51-5047a11dd071.dcm,True,,,,0.0,,,0.0,,,0.0,
C:\Users\Gajendra\Desktop\D3_MONAI\Datasets\TCIA_IDC_Prostate_MRI_US_Biopsy\prostate_mri_us_biopsy\Prostate-MRI-US-Biopsy-1031\17848\01039\dd6b7a21-8c7c-4f50-a4cb-48d876c8e2a7.dcm,True,,,,0.0,,,0.0,,,0.0,
C:\Users\Gajendra\Desktop\D3_MONAI\Datasets\TCIA_IDC_Prostate_MRI_US_Biopsy\prostate_mri_us_biopsy\Prostate-MRI-US-Biopsy-1032\61933\80716\19103580-b14c-4b24-b280-cd7e643c6249.dcm,True,,,,0.0,,,0.0,,,0.0,
C:\Users\Gajendra\Desktop\D3_MONAI\Datasets\TCIA_IDC_Prostate_MRI_US_Biopsy\prostate_mri_us_biopsy\Prostate-MRI-US-Biopsy-1033\65441\43745\f1e79ae6-57ee-45cb-b427-91c9df04ce53.dcm,True,,,,0.0,,,0.0,,,0.0,
C:\Users\Gajendra\Desktop\D3_MONAI\Datasets\TCIA_IDC_Prostate_MRI_US_Biopsy\prostate_mri_us_biopsy\Prostate-MRI-US-Biopsy-1034\91585\55867\a532189d-b802-4380-ab04-d5653d413187.dcm,True,,,,0.0,,,0.0,,,0.0,
C:\Users\Gajendra\Desktop\D3_MONAI\Datasets\TCIA_IDC_Prostate_MRI_US_Biopsy\prostate_mri_us_biopsy\Prostate-MRI-US-Biopsy-1035\71791\61356\0222ba2b-7234-4b4e-859e-b2899d327d74.dcm,True,,,,0.0,,,0.0,,,0.0,
C:\Users\Gajendra\Desktop\D3_MONAI\Datasets\TCIA_IDC_Prostate_MRI_US_Biopsy\prostate_mri_us_biopsy\Prostate-MRI-US-Biopsy-1036\42859\52633\71d787ec-e84c-436c-9b16-72e0915456b2.dcm,True,,,,0.0,,,0.0,,,0.0,
C:\Users\Gajendra\Desktop\D3_MONAI\Datasets\TCIA_IDC_Prostate_MRI_US_Biopsy\prostate_mri_us_biopsy\Prostate-MRI-US-Biopsy-1037\17845\06133\a1043904-2176-4ef7-af19-dba9a39e9791.dcm,True,,,,0.0,,,0.0,,,0.0,
C:\Users\Gajendra\Desktop\D3_MONAI\Datasets\TCIA_IDC_Prostate_MRI_US_Biopsy\prostate_mri_us_biopsy\Prostate-MRI-US-Biopsy-1038\18596\05349\011e4f11-cfa2-4daf-99c2-6ce2d2a95276.dcm,True,,,,0.0,,,0.0,,,0.0,
C:\Users\Gajendra\Desktop\D3_MONAI\Datasets\TCIA_IDC_Prostate_MRI_US_Biopsy\prostate_mri_us_biopsy\Prostate-MRI-US-Biopsy-1039\87553\74873\ecb0b480-e43c-4893-b682-2b3c88d3110c.dcm,True,,,,0.0,,,0.0,,,0.0,
C:\Users\Gajendra\Desktop\D3_MONAI\Datasets\TCIA_IDC_Prostate_MRI_US_Biopsy\prostate_mri_us_biopsy\Prostate-MRI-US-Biopsy-1040\60192\29534\aa93ce55-0b25-4d2b-984e-54cdf2b622ae.dcm,True,,,,0.0,,,0.0,,,0.0,
C:\Users\Gajendra\Desktop\D3_MONAI\Datasets\TCIA_IDC_Prostate_MRI_US_Biopsy\prostate_mri_us_biopsy\Prostate-MRI-US-Biopsy-1041\33719\69492\3e50ca93-53c4-4d31-beb5-3ec94fdb14d8.dcm,True,,,,0.0,,,0.0,,,0.0,
C:\Users\Gajendra\Desktop\D3_MONAI\Datasets\TCIA_IDC_Prostate_MRI_US_Biopsy\prostate_mri_us_biopsy\Prostate-MRI-US-Biopsy-1042\19699\98658\3281583a-eed6-4241-aeff-96310955d013.dcm,True,,,,0.0,,,0.0,,,0.0,
C:\Users\Gajendra\Desktop\D3_MONAI\Datasets\TCIA_IDC_Prostate_MRI_US_Biopsy\prostate_mri_us_biopsy\Prostate-MRI-US-Biopsy-1042\75720\64539\e30a8001-998a-438c-a61a-eaad06ad0190.dcm,True,,,,0.0,,,0.0,,,0.0,
C:\Users\Gajendra\Desktop\D3_MONAI\Datasets\TCIA_IDC_Prostate_MRI_US_Biopsy\prostate_mri_us_biopsy\Prostate-MRI-US-Biopsy-1043\40396\83125\1ab7c9b3-2c67-43d1-8143-638601449be5.dcm,True,,,,0.0,,,0.0,,,0.0,
C:\Users\Gajendra\Desktop\D3_MONAI\Datasets\TCIA_IDC_Prostate_MRI_US_Biopsy\prostate_mri_us_biopsy\Prostate-MRI-US-Biopsy-1044\91209\34397\48a14f55-ee3a-4602-b859-fd538873e4dd.dcm,True,,,,0.0,,,0.0,,,0.0,
C:\Users\Gajendra\Desktop\D3_MONAI\Datasets\TCIA_IDC_Prostate_MRI_US_Biopsy\prostate_mri_us_biopsy\Prostate-MRI-US-Biopsy-1045\78961\37191\8103c89b-a617-4a1c-9b6b-e92969f3ff9a.dcm,True,,,,0.0,,,0.0,,,0.0,
C:\Users\Gajendra\Desktop\D3_MONAI\Datasets\TCIA_IDC_Prostate_MRI_US_Biopsy\prostate_mri_us_biopsy\Prostate-MRI-US-Biopsy-1046\20459\94338\2b4db78a-a876-41dd-ada0-7cb16f6efbfd.dcm,True,,,,0.0,,,0.0,,,0.0,
C:\Users\Gajendra\Desktop\D3_MONAI\Datasets\TCIA_IDC_Prostate_MRI_US_Biopsy\prostate_mri_us_biopsy\Prostate-MRI-US-Biopsy-1047\80400\90226\fc5c9239-6627-46f2-8edb-36c719d92b74.dcm,True,,,,0.0,,,0.0,,,0.0,
C:\Users\Gajendra\Desktop\D3_MONAI\Datasets\TCIA_IDC_Prostate_MRI_US_Biopsy\prostate_mri_us_biopsy\Prostate-MRI-US-Biopsy-1048\14177\06042\662c7462-1316-4091-955f-24acc5a4e204.dcm,True,,,,0.0,,,0.0,,,0.0,
C:\Users\Gajendra\Desktop\D3_MONAI\Datasets\TCIA_IDC_Prostate_MRI_US_Biopsy\prostate_mri_us_biopsy\Prostate-MRI-US-Biopsy-1048\16496\66049\143d7adf-815b-42a8-8b13-c4ae27825b47.dcm,True,,,,0.0,,,0.0,,,0.0,
C:\Users\Gajendra\Desktop\D3_MONAI\Datasets\TCIA_IDC_Prostate_MRI_US_Biopsy\prostate_mri_us_biopsy\Prostate-MRI-US-Biopsy-1049\17812\75476\3c6cfc6d-2215-4111-9fa0-620ad295a22e.dcm,True,,,,0.0,,,0.0,,,0.0,
C:\Users\Gajendra\Desktop\D3_MONAI\Datasets\TCIA_IDC_Prostate_MRI_US_Biopsy\prostate_mri_us_biopsy\Prostate-MRI-US-Biopsy-1050\17963\98304\06d27339-03a7-4c16-ab8e-1c6483044f35.dcm,True,,,,0.0,,,0.0,,,0.0,
C:\Users\Gajendra\Desktop\D3_MONAI\Datasets\TCIA_IDC_Prostate_MRI_US_Biopsy\prostate_mri_us_biopsy\Prostate-MRI-US-Biopsy-1051\83670\79566\3a776087-51a1-4097-80b2-44028888df25.dcm,True,,,,0.0,,,0.0,,,0.0,
C:\Users\Gajendra\Desktop\D3_MONAI\Datasets\TCIA_IDC_Prostate_MRI_US_Biopsy\prostate_mri_us_biopsy\Prostate-MRI-US-Biopsy-1052\64697\98439\ccab103f-f668-46fe-939b-ec2b1ce435a9.dcm,True,,,,0.0,,,0.0,,,0.0,
C:\Users\Gajendra\Desktop\D3_MONAI\Datasets\TCIA_IDC_Prostate_MRI_US_Biopsy\prostate_mri_us_biopsy\Prostate-MRI-US-Biopsy-1053\07187\35850\5676196e-0f6f-4c26-a31f-554c9397e000.dcm,True,,,,0.0,,,0.0,,,0.0,
C:\Users\Gajendra\Desktop\D3_MONAI\Datasets\TCIA_IDC_Prostate_MRI_US_Biopsy\prostate_mri_us_biopsy\Prostate-MRI-US-Biopsy-1054\93158\69457\1bac561f-e1ae-4b09-945a-c17bbf36b178.dcm,True,,,,0.0,,,0.0,,,0.0,
C:\Users\Gajendra\Desktop\D3_MONAI\Datasets\TCIA_IDC_Prostate_MRI_US_Biopsy\prostate_mri_us_biopsy\Prostate-MRI-US-Biopsy-1055\19736\98215\e1ce11a7-7ddb-4ba2-a64d-f36fbd5d107d.dcm,True,,,,0.0,,,0.0,,,0.0,
C:\Users\Gajendra\Desktop\D3_MONAI\Datasets\TCIA_IDC_Prostate_MRI_US_Biopsy\prostate_mri_us_biopsy\Prostate-MRI-US-Biopsy-1056\64428\53969\4e46b381-b5d3-4abc-a01a-93e5e16eb767.dcm,True,,,,0.0,,,0.0,,,0.0,
C:\Users\Gajendra\Desktop\D3_MONAI\Datasets\TCIA_IDC_Prostate_MRI_US_Biopsy\prostate_mri_us_biopsy\Prostate-MRI-US-Biopsy-1057\58556\63861\d0e6be54-45b0-4be5-8466-7b875f663442.dcm,True,,,,0.0,,,0.0,,,0.0,
C:\Users\Gajendra\Desktop\D3_MONAI\Datasets\TCIA_IDC_Prostate_MRI_US_Biopsy\prostate_mri_us_biopsy\Prostate-MRI-US-Biopsy-1058\03709\29964\d495bfca-c178-496c-b391-d47ce9f3b319.dcm,True,,,,0.0,,,0.0,,,0.0,
C:\Users\Gajendra\Desktop\D3_MONAI\Datasets\TCIA_IDC_Prostate_MRI_US_Biopsy\prostate_mri_us_biopsy\Prostate-MRI-US-Biopsy-1059\95904\23043\2c20f41e-3ae3-4584-8286-5652226b4f42.dcm,True,,,,0.0,,,0.0,,,0.0,
C:\Users\Gajendra\Desktop\D3_MONAI\Datasets\TCIA_IDC_Prostate_MRI_US_Biopsy\prostate_mri_us_biopsy\Prostate-MRI-US-Biopsy-1060\14426\92854\e5ab968e-da31-4129-a7d8-b8499d1d8b3a.dcm,True,,,,0.0,,,0.0,,,0.0,
C:\Users\Gajendra\Desktop\D3_MONAI\Datasets\TCIA_IDC_Prostate_MRI_US_Biopsy\prostate_mri_us_biopsy\Prostate-MRI-US-Biopsy-1061\08014\97211\b993fb67-0e16-48ad-8e8b-9fbd34b0e194.dcm,True,,,,0.0,,,0.0,,,0.0,
C:\Users\Gajendra\Desktop\D3_MONAI\Datasets\TCIA_IDC_Prostate_MRI_US_Biopsy\prostate_mri_us_biopsy\Prostate-MRI-US-Biopsy-1062\95897\27188\04596c09-f145-46cf-9a33-8cc32976355d.dcm,True,,,,0.0,,,0.0,,,0.0,
C:\Users\Gajendra\Desktop\D3_MONAI\Datasets\TCIA_IDC_Prostate_MRI_US_Biopsy\prostate_mri_us_biopsy\Prostate-MRI-US-Biopsy-1063\75944\43958\524ea68d-4ad8-47a6-8f8d-3b12111e87a4.dcm,True,,,,0.0,,,0.0,,,0.0,
C:\Users\Gajendra\Desktop\D3_MONAI\Datasets\TCIA_IDC_Prostate_MRI_US_Biopsy\prostate_mri_us_biopsy\Prostate-MRI-US-Biopsy-1064\16563\34397\8a9963cb-7630-480a-b331-d51a5a32b88a.dcm,True,,,,0.0,,,0.0,,,0.0,
C:\Users\Gajendra\Desktop\D3_MONAI\Datasets\TCIA_IDC_Prostate_MRI_US_Biopsy\prostate_mri_us_biopsy\Prostate-MRI-US-Biopsy-1065\31583\18573\ebbca8a1-4c00-434e-9442-09ad5ed28bd9.dcm,True,,,,0.0,,,0.0,,,0.0,
C:\Users\Gajendra\Desktop\D3_MONAI\Datasets\TCIA_IDC_Prostate_MRI_US_Biopsy\prostate_mri_us_biopsy\Prostate-MRI-US-Biopsy-1066\51590\28142\0a882069-ccc5-468f-b433-1aeba8a6762e.dcm,True,,,,0.0,,,0.0,,,0.0,
C:\Users\Gajendra\Desktop\D3_MONAI\Datasets\TCIA_IDC_Prostate_MRI_US_Biopsy\prostate_mri_us_biopsy\Prostate-MRI-US-Biopsy-1067\36441\06193\6330fe67-fd41-4ea8-b040-0ee6fc7dfbe4.dcm,True,,,,0.0,,,0.0,,,0.0,
C:\Users\Gajendra\Desktop\D3_MONAI\Datasets\TCIA_IDC_Prostate_MRI_US_Biopsy\prostate_mri_us_biopsy\Prostate-MRI-US-Biopsy-1068\48698\40209\cfa49b95-3fd9-4ddf-be74-97bb658439be.dcm,True,,,,0.0,,,0.0,,,0.0,
C:\Users\Gajendra\Desktop\D3_MONAI\Datasets\TCIA_IDC_Prostate_MRI_US_Biopsy\prostate_mri_us_biopsy\Prostate-MRI-US-Biopsy-1069\76259\33425\dbbc0990-dab7-442c-b619-de6c1f91c6f6.dcm,True,,,,0.0,,,0.0,,,0.0,
C:\Users\Gajendra\Desktop\D3_MONAI\Datasets\TCIA_IDC_Prostate_MRI_US_Biopsy\prostate_mri_us_biopsy\Prostate-MRI-US-Biopsy-1070\98385\90747\ab03de84-7466-4bb0-851e-2340bfa1a897.dcm,True,,,,0.0,,,0.0,,,0.0,
C:\Users\Gajendra\Desktop\D3_MONAI\Datasets\TCIA_IDC_Prostate_MRI_US_Biopsy\prostate_mri_us_biopsy\Prostate-MRI-US-Biopsy-1071\68053\83828\4f65f062-79d2-414f-9049-44f3bf57922f.dcm,True,,,,0.0,,,0.0,,,0.0,
C:\Users\Gajendra\Desktop\D3_MONAI\Datasets\TCIA_IDC_Prostate_MRI_US_Biopsy\prostate_mri_us_biopsy\Prostate-MRI-US-Biopsy-1072\14427\59118\882299b8-c95e-4285-a5fc-b4b7e6d60528.dcm,True,,,,0.0,,,0.0,,,0.0,
C:\Users\Gajendra\Desktop\D3_MONAI\Datasets\TCIA_IDC_Prostate_MRI_US_Biopsy\prostate_mri_us_biopsy\Prostate-MRI-US-Biopsy-1073\75405\11209\4d3a3da7-5608-43a2-97c8-ddf1ffaa47d3.dcm,True,,,,0.0,,,0.0,,,0.0,
C:\Users\Gajendra\Desktop\D3_MONAI\Datasets\TCIA_IDC_Prostate_MRI_US_Biopsy\prostate_mri_us_biopsy\Prostate-MRI-US-Biopsy-1074\44521\05575\3fd837fe-f1d3-4abd-9267-a7d2febdc07c.dcm,True,,,,0.0,,,0.0,,,0.0,
C:\Users\Gajendra\Desktop\D3_MONAI\Datasets\TCIA_IDC_Prostate_MRI_US_Biopsy\prostate_mri_us_biopsy\Prostate-MRI-US-Biopsy-1075\26055\86179\57fe1ad9-d8a5-4748-bd86-d4555f174f9a.dcm,True,,,,0.0,,,0.0,,,0.0,
C:\Users\Gajendra\Desktop\D3_MONAI\Datasets\TCIA_IDC_Prostate_MRI_US_Biopsy\prostate_mri_us_biopsy\Prostate-MRI-US-Biopsy-1075\59886\32122\740ea755-cee6-4fa3-947f-a63c9ef2d5ba.dcm,True,,,,0.0,,,0.0,,,0.0,
C:\Users\Gajendra\Desktop\D3_MONAI\Datasets\TCIA_IDC_Prostate_MRI_US_Biopsy\prostate_mri_us_biopsy\Prostate-MRI-US-Biopsy-1076\95199\61308\71a44671-a6f5-4feb-be6f-78e28384cc0c.dcm,True,,,,0.0,,,0.0,,,0.0,
C:\Users\Gajendra\Desktop\D3_MONAI\Datasets\TCIA_IDC_Prostate_MRI_US_Biopsy\prostate_mri_us_biopsy\Prostate-MRI-US-Biopsy-1077\92860\57138\207cd2ec-eb3d-4bfa-89de-54033f0492ba.dcm,True,,,,0.0,,,0.0,,,0.0,
C:\Users\Gajendra\Desktop\D3_MONAI\Datasets\TCIA_IDC_Prostate_MRI_US_Biopsy\prostate_mri_us_biopsy\Prostate-MRI-US-Biopsy-1078\02601\45686\3cdfad5e-e986-4b92-bdf9-a7c0c483fb1f.dcm,True,,,,0.0,,,0.0,,,0.0,
C:\Users\Gajendra\Desktop\D3_MONAI\Datasets\TCIA_IDC_Prostate_MRI_US_Biopsy\prostate_mri_us_biopsy\Prostate-MRI-US-Biopsy-1078\78126\85766\6fddc3da-013a-495b-9c79-277ce85784de.dcm,True,,,,0.0,,,0.0,,,0.0,
C:\Users\Gajendra\Desktop\D3_MONAI\Datasets\TCIA_IDC_Prostate_MRI_US_Biopsy\prostate_mri_us_biopsy\Prostate-MRI-US-Biopsy-1079\68058\13294\fef38406-aa86-47b0-8113-c93a71f68de7.dcm,True,,,,0.0,,,0.0,,,0.0,
C:\Users\Gajendra\Desktop\D3_MONAI\Datasets\TCIA_IDC_Prostate_MRI_US_Biopsy\prostate_mri_us_biopsy\Prostate-MRI-US-Biopsy-1080\30168\71470\6effeb95-8366-4e02-b497-8379faa0da7f.dcm,True,,,,0.0,,,0.0,,,0.0,
C:\Users\Gajendra\Desktop\D3_MONAI\Datasets\TCIA_IDC_Prostate_MRI_US_Biopsy\prostate_mri_us_biopsy\Prostate-MRI-US-Biopsy-1081\16558\12789\a419a9a4-aabd-4d7d-86e7-438ddaca088e.dcm,True,,,,0.0,,,0.0,,,0.0,
C:\Users\Gajendra\Desktop\D3_MONAI\Datasets\TCIA_IDC_Prostate_MRI_US_Biopsy\prostate_mri_us_biopsy\Prostate-MRI-US-Biopsy-1082\84435\02135\9ad94af0-146d-476f-958d-e0982f9888b4.dcm,True,,,,0.0,,,0.0,,,0.0,
C:\Users\Gajendra\Desktop\D3_MONAI\Datasets\TCIA_IDC_Prostate_MRI_US_Biopsy\prostate_mri_us_biopsy\Prostate-MRI-US-Biopsy-1083\13957\17958\ade54bd0-6100-4ae9-abc1-4bbebb9457c4.dcm,True,,,,0.0,,,0.0,,,0.0,
C:\Users\Gajendra\Desktop\D3_MONAI\Datasets\TCIA_IDC_Prostate_MRI_US_Biopsy\prostate_mri_us_biopsy\Prostate-MRI-US-Biopsy-1084\56375\80660\f60c4563-0ba7-4f23-995e-33712605e4ad.dcm,True,,,,0.0,,,0.0,,,0.0,
C:\Users\Gajendra\Desktop\D3_MONAI\Datasets\TCIA_IDC_Prostate_MRI_US_Biopsy\prostate_mri_us_biopsy\Prostate-MRI-US-Biopsy-1085\73984\13835\ffb0c934-4298-41a8-a9bb-bdef5b8a6abd.dcm,True,,,,0.0,,,0.0,,,0.0,
C:\Users\Gajendra\Desktop\D3_MONAI\Datasets\TCIA_IDC_Prostate_MRI_US_Biopsy\prostate_mri_us_biopsy\Prostate-MRI-US-Biopsy-1086\96731\44975\0230846a-61e4-4608-af19-fda8f33b7161.dcm,True,,,,0.0,,,0.0,,,0.0,
C:\Users\Gajendra\Desktop\D3_MONAI\Datasets\TCIA_IDC_Prostate_MRI_US_Biopsy\prostate_mri_us_biopsy\Prostate-MRI-US-Biopsy-1087\10073\89507\b0b1cbcf-2e9b-4da8-8ed6-aba0c4b6b5fc.dcm,True,,,,0.0,,,0.0,,,0.0,
C:\Users\Gajendra\Desktop\D3_MONAI\Datasets\TCIA_IDC_Prostate_MRI_US_Biopsy\prostate_mri_us_biopsy\Prostate-MRI-US-Biopsy-1088\27811\98130\c9037064-d37e-4fd8-a976-e2180a55e6b9.dcm,True,,,,0.0,,,0.0,,,0.0,
C:\Users\Gajendra\Desktop\D3_MONAI\Datasets\TCIA_IDC_Prostate_MRI_US_Biopsy\prostate_mri_us_biopsy\Prostate-MRI-US-Biopsy-1089\13267\28023\613d40e8-c574-4551-a0d8-cf33e42a4fc0.dcm,True,,,,0.0,,,0.0,,,0.0,
C:\Users\Gajendra\Desktop\D3_MONAI\Datasets\TCIA_IDC_Prostate_MRI_US_Biopsy\prostate_mri_us_biopsy\Prostate-MRI-US-Biopsy-1090\71184\71070\0b2a8333-d1f2-4844-aa38-fae98d431aa0.dcm,True,,,,0.0,,,0.0,,,0.0,
C:\Users\Gajendra\Desktop\D3_MONAI\Datasets\TCIA_IDC_Prostate_MRI_US_Biopsy\prostate_mri_us_biopsy\Prostate-MRI-US-Biopsy-1091\24745\40328\e0fc0f1f-5567-486e-8036-7e578500796c.dcm,True,,,,0.0,,,0.0,,,0.0,
C:\Users\Gajendra\Desktop\D3_MONAI\Datasets\TCIA_IDC_Prostate_MRI_US_Biopsy\prostate_mri_us_biopsy\Prostate-MRI-US-Biopsy-1092\51425\91601\8a4c84fb-52ff-47d7-8a66-60c506271873.dcm,True,,,,0.0,,,0.0,,,0.0,
C:\Users\Gajendra\Desktop\D3_MONAI\Datasets\TCIA_IDC_Prostate_MRI_US_Biopsy\prostate_mri_us_biopsy\Prostate-MRI-US-Biopsy-1093\24287\78733\23baf3c5-a627-4ba7-a567-e43ee4ccd004.dcm,True,,,,0.0,,,0.0,,,0.0,
C:\Users\Gajendra\Desktop\D3_MONAI\Datasets\TCIA_IDC_Prostate_MRI_US_Biopsy\prostate_mri_us_biopsy\Prostate-MRI-US-Biopsy-1094\13887\56131\e932dfe7-6d7c-418a-8d9f-30862fa9cafb.dcm,True,,,,0.0,,,0.0,,,0.0,
C:\Users\Gajendra\Desktop\D3_MONAI\Datasets\TCIA_IDC_Prostate_MRI_US_Biopsy\prostate_mri_us_biopsy\Prostate-MRI-US-Biopsy-1095\20687\70446\9a795599-1102-49af-aecf-cc4953a54078.dcm,True,,,,0.0,,,0.0,,,0.0,
C:\Users\Gajendra\Desktop\D3_MONAI\Datasets\TCIA_IDC_Prostate_MRI_US_Biopsy\prostate_mri_us_biopsy\Prostate-MRI-US-Biopsy-1096\12311\29439\a03a124d-31cb-4169-ba3f-b1c2c42cf7af.dcm,True,,,,0.0,,,0.0,,,0.0,
C:\Users\Gajendra\Desktop\D3_MONAI\Datasets\TCIA_IDC_Prostate_MRI_US_Biopsy\prostate_mri_us_biopsy\Prostate-MRI-US-Biopsy-1097\35263\68397\93efb2b8-27c0-4a67-afab-c2428f733fda.dcm,True,,,,0.0,,,0.0,,,0.0,
C:\Users\Gajendra\Desktop\D3_MONAI\Datasets\TCIA_IDC_Prostate_MRI_US_Biopsy\prostate_mri_us_biopsy\Prostate-MRI-US-Biopsy-1098\21821\72753\ada8ca6f-1518-46d6-9cdb-8db5b7f904f6.dcm,True,,,,0.0,,,0.0,,,0.0,
C:\Users\Gajendra\Desktop\D3_MONAI\Datasets\TCIA_IDC_Prostate_MRI_US_Biopsy\prostate_mri_us_biopsy\Prostate-MRI-US-Biopsy-1099\37245\12185\f9a55c14-8387-4234-beca-02585f59ef1b.dcm,True,,,,0.0,,,0.0,,,0.0,
C:\Users\Gajendra\Desktop\D3_MONAI\Datasets\TCIA_IDC_Prostate_MRI_US_Biopsy\prostate_mri_us_biopsy\Prostate-MRI-US-Biopsy-1100\21508\68962\e4e6b65b-d71c-4120-8be1-1c209fbd8eec.dcm,True,,,,0.0,,,0.0,,,0.0,
C:\Users\Gajendra\Desktop\D3_MONAI\Datasets\TCIA_IDC_Prostate_MRI_US_Biopsy\prostate_mri_us_biopsy\Prostate-MRI-US-Biopsy-1101\75831\77236\bd169581-7c28-4f9d-90e0-655900b04673.dcm,True,,,,0.0,,,0.0,,,0.0,
C:\Users\Gajendra\Desktop\D3_MONAI\Datasets\TCIA_IDC_Prostate_MRI_US_Biopsy\prostate_mri_us_biopsy\Prostate-MRI-US-Biopsy-1102\27815\09204\7293b9d0-623a-4a9c-b9d7-fa16267e768e.dcm,True,,,,0.0,,,0.0,,,0.0,
C:\Users\Gajendra\Desktop\D3_MONAI\Datasets\TCIA_IDC_Prostate_MRI_US_Biopsy\prostate_mri_us_biopsy\Prostate-MRI-US-Biopsy-1103\53842\29446\d1bec325-2b0d-4302-bc37-1264a5636610.dcm,True,,,,0.0,,,0.0,,,0.0,
C:\Users\Gajendra\Desktop\D3_MONAI\Datasets\TCIA_IDC_Prostate_MRI_US_Biopsy\prostate_mri_us_biopsy\Prostate-MRI-US-Biopsy-1104\74813\29424\d4269b13-fcb5-482a-b1db-fbb04397530e.dcm,True,,,,0.0,,,0.0,,,0.0,
C:\Users\Gajendra\Desktop\D3_MONAI\Datasets\TCIA_IDC_Prostate_MRI_US_Biopsy\prostate_mri_us_biopsy\Prostate-MRI-US-Biopsy-1105\81557\80985\799e33af-6650-403e-b945-81b8ae446444.dcm,True,,,,0.0,,,0.0,,,0.0,
C:\Users\Gajendra\Desktop\D3_MONAI\Datasets\TCIA_IDC_Prostate_MRI_US_Biopsy\prostate_mri_us_biopsy\Prostate-MRI-US-Biopsy-1106\60416\69463\6736f9ed-9ffa-41d0-8ffa-01966f897ab5.dcm,True,,,,0.0,,,0.0,,,0.0,
C:\Users\Gajendra\Desktop\D3_MONAI\Datasets\TCIA_IDC_Prostate_MRI_US_Biopsy\prostate_mri_us_biopsy\Prostate-MRI-US-Biopsy-1107\38709\38600\29ccb9fe-f76c-499d-8af2-ef09d5cd29e8.dcm,True,,,,0.0,,,0.0,,,0.0,
C:\Users\Gajendra\Desktop\D3_MONAI\Datasets\TCIA_IDC_Prostate_MRI_US_Biopsy\prostate_mri_us_biopsy\Prostate-MRI-US-Biopsy-1108\21290\38020\7b4d21f3-65b4-4e92-8d3e-efb279af628c.dcm,True,,,,0.0,,,0.0,,,0.0,
C:\Users\Gajendra\Desktop\D3_MONAI\Datasets\TCIA_IDC_Prostate_MRI_US_Biopsy\prostate_mri_us_biopsy\Prostate-MRI-US-Biopsy-1109\71450\36063\16e5e155-90c1-4046-ae22-43b1ef238fbc.dcm,True,,,,0.0,,,0.0,,,0.0,
C:\Users\Gajendra\Desktop\D3_MONAI\Datasets\TCIA_IDC_Prostate_MRI_US_Biopsy\prostate_mri_us_biopsy\Prostate-MRI-US-Biopsy-1110\76605\45317\d8c6e0e7-a496-4ad9-9246-293cbebb817e.dcm,True,,,,0.0,,,0.0,,,0.0,
C:\Users\Gajendra\Desktop\D3_MONAI\Datasets\TCIA_IDC_Prostate_MRI_US_Biopsy\prostate_mri_us_biopsy\Prostate-MRI-US-Biopsy-1111\45143\47567\9447ad45-22a9-41c2-837c-399b7a52fd91.dcm,True,,,,0.0,,,0.0,,,0.0,
C:\Users\Gajendra\Desktop\D3_MONAI\Datasets\TCIA_IDC_Prostate_MRI_US_Biopsy\prostate_mri_us_biopsy\Prostate-MRI-US-Biopsy-1112\89960\99098\07857e77-6583-4ef4-9124-3dddec58b7d0.dcm,True,,,,0.0,,,0.0,,,0.0,
C:\Users\Gajendra\Desktop\D3_MONAI\Datasets\TCIA_IDC_Prostate_MRI_US_Biopsy\prostate_mri_us_biopsy\Prostate-MRI-US-Biopsy-1113\51367\50373\13fd88b9-703c-46d1-b04b-d711d93aff25.dcm,True,,,,0.0,,,0.0,,,0.0,
C:\Users\Gajendra\Desktop\D3_MONAI\Datasets\TCIA_IDC_Prostate_MRI_US_Biopsy\prostate_mri_us_biopsy\Prostate-MRI-US-Biopsy-1114\47164\71471\2c59b5d5-ffeb-4de4-9ff3-a6bd4f62a041.dcm,True,,,,0.0,,,0.0,,,0.0,
C:\Users\Gajendra\Desktop\D3_MONAI\Datasets\TCIA_IDC_Prostate_MRI_US_Biopsy\prostate_mri_us_biopsy\Prostate-MRI-US-Biopsy-1115\77957\39877\d9a54d4a-260b-4700-8459-9df6df6c2fa6.dcm,True,,,,0.0,,,0.0,,,0.0,
C:\Users\Gajendra\Desktop\D3_MONAI\Datasets\TCIA_IDC_Prostate_MRI_US_Biopsy\prostate_mri_us_biopsy\Prostate-MRI-US-Biopsy-1116\57864\10529\6b80a3e8-7d34-4c5f-a7d9-5bafa5120d1f.dcm,True,,,,0.0,,,0.0,,,0.0,
C:\Users\Gajendra\Desktop\D3_MONAI\Datasets\TCIA_IDC_Prostate_MRI_US_Biopsy\prostate_mri_us_biopsy\Prostate-MRI-US-Biopsy-1117\69617\77619\79d45076-a9ae-409d-8dec-edcaf7a8db83.dcm,True,,,,0.0,,,0.0,,,0.0,
C:\Users\Gajendra\Desktop\D3_MONAI\Datasets\TCIA_IDC_Prostate_MRI_US_Biopsy\prostate_mri_us_biopsy\Prostate-MRI-US-Biopsy-1118\68289\32505\173fc7cd-edfa-4330-a7c9-845e881f8e6a.dcm,True,,,,0.0,,,0.0,,,0.0,
C:\Users\Gajendra\Desktop\D3_MONAI\Datasets\TCIA_IDC_Prostate_MRI_US_Biopsy\prostate_mri_us_biopsy\Prostate-MRI-US-Biopsy-1119\08996\39782\1320f470-4c9e-4524-b973-65fc6acd4c1c.dcm,True,,,,0.0,,,0.0,,,0.0,
C:\Users\Gajendra\Desktop\D3_MONAI\Datasets\TCIA_IDC_Prostate_MRI_US_Biopsy\prostate_mri_us_biopsy\Prostate-MRI-US-Biopsy-1120\79337\21708\b1959278-cac8-46de-9f87-b88c4c55a9c9.dcm,True,,,,0.0,,,0.0,,,0.0,
C:\Users\Gajendra\Desktop\D3_MONAI\Datasets\TCIA_IDC_Prostate_MRI_US_Biopsy\prostate_mri_us_biopsy\Prostate-MRI-US-Biopsy-1121\23289\08398\405d4e01-9637-4f97-9adb-80badfb9ed9f.dcm,True,,,,0.0,,,0.0,,,0.0,
C:\Users\Gajendra\Desktop\D3_MONAI\Datasets\TCIA_IDC_Prostate_MRI_US_Biopsy\prostate_mri_us_biopsy\Prostate-MRI-US-Biopsy-1122\30307\12522\5149e013-047e-4e23-b53e-938249bdf204.dcm,True,,,,0.0,,,0.0,,,0.0,
C:\Users\Gajendra\Desktop\D3_MONAI\Datasets\TCIA_IDC_Prostate_MRI_US_Biopsy\prostate_mri_us_biopsy\Prostate-MRI-US-Biopsy-1123\81119\34536\ff52059f-d3b1-4f5f-90ad-d32f23eac5cf.dcm,True,,,,0.0,,,0.0,,,0.0,
C:\Users\Gajendra\Desktop\D3_MONAI\Datasets\TCIA_IDC_Prostate_MRI_US_Biopsy\prostate_mri_us_biopsy\Prostate-MRI-US-Biopsy-1124\74987\83100\15740514-088c-4fa0-8f54-0dc1f68353ac.dcm,True,,,,0.0,,,0.0,,,0.0,
C:\Users\Gajendra\Desktop\D3_MONAI\Datasets\TCIA_IDC_Prostate_MRI_US_Biopsy\prostate_mri_us_biopsy\Prostate-MRI-US-Biopsy-1125\00302\90309\3c606db0-67b7-4bd0-991c-81944c1031b4.dcm,True,,,,0.0,,,0.0,,,0.0,
C:\Users\Gajendra\Desktop\D3_MONAI\Datasets\TCIA_IDC_Prostate_MRI_US_Biopsy\prostate_mri_us_biopsy\Prostate-MRI-US-Biopsy-1126\28503\66324\b8cfdca0-393f-4cd6-9291-96fc6b093fe8.dcm,True,,,,0.0,,,0.0,,,0.0,
C:\Users\Gajendra\Desktop\D3_MONAI\Datasets\TCIA_IDC_Prostate_MRI_US_Biopsy\prostate_mri_us_biopsy\Prostate-MRI-US-Biopsy-1127\91710\29797\00e53478-9992-46c0-9830-ecda30c5e15c.dcm,True,,,,0.0,,,0.0,,,0.0,
C:\Users\Gajendra\Desktop\D3_MONAI\Datasets\TCIA_IDC_Prostate_MRI_US_Biopsy\prostate_mri_us_biopsy\Prostate-MRI-US-Biopsy-1128\43664\45005\886466e5-3ab2-40e1-b3a7-29c7bd71544d.dcm,True,,,,0.0,,,0.0,,,0.0,
C:\Users\Gajendra\Desktop\D3_MONAI\Datasets\TCIA_IDC_Prostate_MRI_US_Biopsy\prostate_mri_us_biopsy\Prostate-MRI-US-Biopsy-1129\42603\72072\652ee2f9-1feb-425f-81d9-58a18d1394fd.dcm,True,,,,0.0,,,0.0,,,0.0,
C:\Users\Gajendra\Desktop\D3_MONAI\Datasets\TCIA_IDC_Prostate_MRI_US_Biopsy\prostate_mri_us_biopsy\Prostate-MRI-US-Biopsy-1130\14543\47140\72ad2bf5-8a28-49df-9c08-258b326d8fff.dcm,True,,,,0.0,,,0.0,,,0.0,
C:\Users\Gajendra\Desktop\D3_MONAI\Datasets\TCIA_IDC_Prostate_MRI_US_Biopsy\prostate_mri_us_biopsy\Prostate-MRI-US-Biopsy-1131\54591\34695\bc546d19-5c03-4802-b0af-ec873a118635.dcm,True,,,,0.0,,,0.0,,,0.0,
C:\Users\Gajendra\Desktop\D3_MONAI\Datasets\TCIA_IDC_Prostate_MRI_US_Biopsy\prostate_mri_us_biopsy\Prostate-MRI-US-Biopsy-1132\03442\94707\88fbb742-b48e-4e25-ac6f-2eded02d2775.dcm,True,,,,0.0,,,0.0,,,0.0,
C:\Users\Gajendra\Desktop\D3_MONAI\Datasets\TCIA_IDC_Prostate_MRI_US_Biopsy\prostate_mri_us_biopsy\Prostate-MRI-US-Biopsy-1133\52517\15521\bd6dd0dd-87df-4a78-90d9-531c74cbc333.dcm,True,,,,0.0,,,0.0,,,0.0,
C:\Users\Gajendra\Desktop\D3_MONAI\Datasets\TCIA_IDC_Prostate_MRI_US_Biopsy\prostate_mri_us_biopsy\Prostate-MRI-US-Biopsy-1134\26719\19988\c3406935-ba09-48f9-af21-d6f3a18d98fe.dcm,True,,,,0.0,,,0.0,,,0.0,
C:\Users\Gajendra\Desktop\D3_MONAI\Datasets\TCIA_IDC_Prostate_MRI_US_Biopsy\prostate_mri_us_biopsy\Prostate-MRI-US-Biopsy-1135\62150\32897\9d4cf832-371f-43b3-938b-c75e546cb252.dcm,True,,,,0.0,,,0.0,,,0.0,
C:\Users\Gajendra\Desktop\D3_MONAI\Datasets\TCIA_IDC_Prostate_MRI_US_Biopsy\prostate_mri_us_biopsy\Prostate-MRI-US-Biopsy-1136\42009\38551\8d0d18c4-5d4a-4562-a8f0-5a09fbcf337b.dcm,True,,,,0.0,,,0.0,,,0.0,
C:\Users\Gajendra\Desktop\D3_MONAI\Datasets\TCIA_IDC_Prostate_MRI_US_Biopsy\prostate_mri_us_biopsy\Prostate-MRI-US-Biopsy-1137\35960\86555\ed78a2c4-be77-4254-b9d3-1ac69c69523f.dcm,True,,,,0.0,,,0.0,,,0.0,
C:\Users\Gajendra\Desktop\D3_MONAI\Datasets\TCIA_IDC_Prostate_MRI_US_Biopsy\prostate_mri_us_biopsy\Prostate-MRI-US-Biopsy-1138\69367\22143\f1f94f12-0829-4f91-ba8d-4476e4a86527.dcm,True,,,,0.0,,,0.0,,,0.0,
C:\Users\Gajendra\Desktop\D3_MONAI\Datasets\TCIA_IDC_Prostate_MRI_US_Biopsy\prostate_mri_us_biopsy\Prostate-MRI-US-Biopsy-1139\93836\09640\13850de5-8add-48ad-92f4-e8c3047f0fa6.dcm,True,,,,0.0,,,0.0,,,0.0,
C:\Users\Gajendra\Desktop\D3_MONAI\Datasets\TCIA_IDC_Prostate_MRI_US_Biopsy\prostate_mri_us_biopsy\Prostate-MRI-US-Biopsy-1140\35003\07332\38720551-d46b-48a6-a347-f92a303cac76.dcm,True,,,,0.0,,,0.0,,,0.0,
C:\Users\Gajendra\Desktop\D3_MONAI\Datasets\TCIA_IDC_Prostate_MRI_US_Biopsy\prostate_mri_us_biopsy\Prostate-MRI-US-Biopsy-1141\44832\64349\18267dfc-e6ca-486e-9fec-483cb98c80fa.dcm,True,,,,0.0,,,0.0,,,0.0,
C:\Users\Gajendra\Desktop\D3_MONAI\Datasets\TCIA_IDC_Prostate_MRI_US_Biopsy\prostate_mri_us_biopsy\Prostate-MRI-US-Biopsy-1142\86976\74486\4cf03d45-e168-44f4-ae8a-8cc9358ffd39.dcm,True,,,,0.0,,,0.0,,,0.0,
C:\Users\Gajendra\Desktop\D3_MONAI\Datasets\TCIA_IDC_Prostate_MRI_US_Biopsy\prostate_mri_us_biopsy\Prostate-MRI-US-Biopsy-1143\38893\42760\313dfd1f-29e9-4e37-afed-0633781efceb.dcm,True,,,,0.0,,,0.0,,,0.0,
C:\Users\Gajendra\Desktop\D3_MONAI\Datasets\TCIA_IDC_Prostate_MRI_US_Biopsy\prostate_mri_us_biopsy\Prostate-MRI-US-Biopsy-1144\10115\91440\11e18105-aeb4-4948-8b90-4ac2d891f991.dcm,True,,,,0.0,,,0.0,,,0.0,
C:\Users\Gajendra\Desktop\D3_MONAI\Datasets\TCIA_IDC_Prostate_MRI_US_Biopsy\prostate_mri_us_biopsy\Prostate-MRI-US-Biopsy-1145\23226\56794\310eb58b-4ba9-450e-9a01-ee29ef28b536.dcm,True,,,,0.0,,,0.0,,,0.0,
C:\Users\Gajendra\Desktop\D3_MONAI\Datasets\TCIA_IDC_Prostate_MRI_US_Biopsy\prostate_mri_us_biopsy\Prostate-MRI-US-Biopsy-1146\56303\82097\876002fe-87e5-4f8b-b826-54ebf1d6eb0b.dcm,True,,,,0.0,,,0.0,,,0.0,
C:\Users\Gajendra\Desktop\D3_MONAI\Datasets\TCIA_IDC_Prostate_MRI_US_Biopsy\prostate_mri_us_biopsy\Prostate-MRI-US-Biopsy-1147\44190\82295\f6942a00-d1da-4ebc-8163-355da6751984.dcm,True,,,,0.0,,,0.0,,,0.0,
C:\Users\Gajendra\Desktop\D3_MONAI\Datasets\TCIA_IDC_Prostate_MRI_US_Biopsy\prostate_mri_us_biopsy\Prostate-MRI-US-Biopsy-1148\87409\48924\26098c39-0352-40af-b8d7-5f3b91a55c5d.dcm,True,,,,0.0,,,0.0,,,0.0,
C:\Users\Gajendra\Desktop\D3_MONAI\Datasets\TCIA_IDC_Prostate_MRI_US_Biopsy\prostate_mri_us_biopsy\Prostate-MRI-US-Biopsy-1149\40298\03381\b76f87b8-d3dc-4c0b-9aa1-ffb87b77b10e.dcm,True,,,,0.0,,,0.0,,,0.0,
C:\Users\Gajendra\Desktop\D3_MONAI\Datasets\TCIA_IDC_Prostate_MRI_US_Biopsy\prostate_mri_us_biopsy\Prostate-MRI-US-Biopsy-1150\65805\09136\9bf8ba35-ccd8-4e97-9c38-e33a26317b9a.dcm,True,,,,0.0,,,0.0,,,0.0,
C:\Users\Gajendra\Desktop\D3_MONAI\Datasets\TCIA_IDC_Prostate_MRI_US_Biopsy\prostate_mri_us_biopsy\Prostate-MRI-US-Biopsy-1151\20938\74522\a2481c24-6c89-4fa8-8e03-ecbb8479c794.dcm,True,,,,0.0,,,0.0,,,0.0,
C:\Users\Gajendra\Desktop\D3_MONAI\Datasets\UTA10\04fb0b69-ebccbb23-d158e73e-43973898-6dd37465\71a90290c9b642beae8bd3d90915be52 Anonymized2\Breast\US\US000000.dcm,,,,,,,,,,,,
C:\Users\Gajendra\Desktop\D3_MONAI\Datasets\UTA10\04fb0b69-ebccbb23-d158e73e-43973898-6dd37465\71a90290c9b642beae8bd3d90915be52 Anonymized2\Mamografia\MG Mamografia\MG000000.dcm,,,,,,,,,,,,
C:\Users\Gajendra\Desktop\D3_MONAI\Datasets\UTA10\04fb0b69-ebccbb23-d158e73e-43973898-6dd37465\71a90290c9b642beae8bd3d90915be52 Anonymized2\Mamografia\MG Mamografia\MG000001.dcm,,,,,,,,,,,,
C:\Users\Gajendra\Desktop\D3_MONAI\Datasets\UTA10\04fb0b69-ebccbb23-d158e73e-43973898-6dd37465\71a90290c9b642beae8bd3d90915be52 Anonymized2\Mamografia\MG Mamografia\MG000002.dcm,,,,,,,,,,,,
C:\Users\Gajendra\Desktop\D3_MONAI\Datasets\UTA10\04fb0b69-ebccbb23-d158e73e-43973898-6dd37465\71a90290c9b642beae8bd3d90915be52 Anonymized2\Mamografia\MG Mamografia\MG000003.dcm,,,,,,,,,,,,
C:\Users\Gajendra\Desktop\D3_MONAI\Datasets\UTA10\0e3984db-d5f1daf4-a4bda5b8-6ccf0322-5c722059\89417be68e7a428dac6fca73a7c5e029 Anonymized1\01\MG MM\MG000000.dcm,,,,,,,,,,,,
C:\Users\Gajendra\Desktop\D3_MONAI\Datasets\UTA10\0e3984db-d5f1daf4-a4bda5b8-6ccf0322-5c722059\89417be68e7a428dac6fca73a7c5e029 Anonymized1\01\MG MM\MG000001.dcm,,,,,,,,,,,,
C:\Users\Gajendra\Desktop\D3_MONAI\Datasets\UTA10\0e3984db-d5f1daf4-a4bda5b8-6ccf0322-5c722059\89417be68e7a428dac6fca73a7c5e029 Anonymized1\01\MG MM\MG000002.dcm,,,,,,,,,,,,
C:\Users\Gajendra\Desktop\D3_MONAI\Datasets\UTA10\0e3984db-d5f1daf4-a4bda5b8-6ccf0322-5c722059\89417be68e7a428dac6fca73a7c5e029 Anonymized1\01\MG MM\MG000003.dcm,,,,,,,,,,,,
C:\Users\Gajendra\Desktop\D3_MONAI\Datasets\UTA10\4ac9fc52-7ec1d5aa-5fe70a83-2966430b-72dfd763\4adaa41eb31c4240bdc59879da0769f9 Anonymized4\Mammo\MG LCC\MG000000.dcm,,,,,,,,,,,,
C:\Users\Gajendra\Desktop\D3_MONAI\Datasets\UTA10\4ac9fc52-7ec1d5aa-5fe70a83-2966430b-72dfd763\4adaa41eb31c4240bdc59879da0769f9 Anonymized4\Mammo\MG LMLO\MG000000.dcm,,,,,,,,,,,,
C:\Users\Gajendra\Desktop\D3_MONAI\Datasets\UTA10\4ac9fc52-7ec1d5aa-5fe70a83-2966430b-72dfd763\4adaa41eb31c4240bdc59879da0769f9 Anonymized4\Mammo\MG RMLO\MG000000.dcm,,,,,,,,,,,,
C:\Users\Gajendra\Desktop\D3_MONAI\Datasets\UTA10\618c1034-4fcb30a6-27809e39-42b72b2e-6eab5900\70a15c33e38e4270b37fa8aa1dff6fdf Anonymized3\01\MG MM\MG000000.dcm,,,,,,,,,,,,
C:\Users\Gajendra\Desktop\D3_MONAI\Datasets\UTA10\618c1034-4fcb30a6-27809e39-42b72b2e-6eab5900\70a15c33e38e4270b37fa8aa1dff6fdf Anonymized3\01\MG MM\MG000001.dcm,,,,,,,,,,,,
C:\Users\Gajendra\Desktop\D3_MONAI\Datasets\UTA10\618c1034-4fcb30a6-27809e39-42b72b2e-6eab5900\70a15c33e38e4270b37fa8aa1dff6fdf Anonymized3\01\MG MM\MG000002.dcm,,,,,,,,,,,,
C:\Users\Gajendra\Desktop\D3_MONAI\Datasets\UTA10\618c1034-4fcb30a6-27809e39-42b72b2e-6eab5900\70a15c33e38e4270b37fa8aa1dff6fdf Anonymized3\01\MG MM\MG000003.dcm,,,,,,,,,,,,
C:\Users\Gajendra\Desktop\D3_MONAI\Datasets\UTA10\618c1034-4fcb30a6-27809e39-42b72b2e-6eab5900\70a15c33e38e4270b37fa8aa1dff6fdf Anonymized3\Breast\US\US000000.dcm,,,,,,,,,,,,
C:\Users\Gajendra\Desktop\D3_MONAI\Datasets\UTA10\618c1034-4fcb30a6-27809e39-42b72b2e-6eab5900\70a15c33e38e4270b37fa8aa1dff6fdf Anonymized3\Breast\US\US000001.dcm,,,,,,,,,,,,
C:\Users\Gajendra\Desktop\D3_MONAI\Datasets\UTA10\86f93277-867bcd9d-b3a116ca-f703a4a3-4d9e92ba\2707937603e24762aed47300c827850c Anonymized5\01\MG MM\MG000000.dcm,,,,,,,,,,,,
C:\Users\Gajendra\Desktop\D3_MONAI\Datasets\UTA10\86f93277-867bcd9d-b3a116ca-f703a4a3-4d9e92ba\2707937603e24762aed47300c827850c Anonymized5\01\MG MM\MG000001.dcm,,,,,,,,,,,,
C:\Users\Gajendra\Desktop\D3_MONAI\Datasets\UTA10\86f93277-867bcd9d-b3a116ca-f703a4a3-4d9e92ba\2707937603e24762aed47300c827850c Anonymized5\01\MG MM\MG000002.dcm,,,,,,,,,,,,
C:\Users\Gajendra\Desktop\D3_MONAI\Datasets\UTA10\86f93277-867bcd9d-b3a116ca-f703a4a3-4d9e92ba\2707937603e24762aed47300c827850c Anonymized5\01\MG MM\MG000003.dcm,,,,,,,,,,,,
C:\Users\Gajendra\Desktop\D3_MONAI\Datasets\UTA10\86f93277-867bcd9d-b3a116ca-f703a4a3-4d9e92ba\2707937603e24762aed47300c827850c Anonymized5\Unknown Study\US\US000000.dcm,,,,,,,,,,,,
C:\Users\Gajendra\Desktop\D3_MONAI\Datasets\UTA10\893c9b2c-3b134efb-6dcb1026-2f98fb3b-46e101b8\97b1bd325c1347159506a172267990c9 Anonymized4\Mammo\MG LCC\MG000000.dcm,,,,,,,,,,,,
C:\Users\Gajendra\Desktop\D3_MONAI\Datasets\UTA10\893c9b2c-3b134efb-6dcb1026-2f98fb3b-46e101b8\97b1bd325c1347159506a172267990c9 Anonymized4\Mammo\MG LMLO\MG000000.dcm,,,,,,,,,,,,
C:\Users\Gajendra\Desktop\D3_MONAI\Datasets\UTA10\893c9b2c-3b134efb-6dcb1026-2f98fb3b-46e101b8\97b1bd325c1347159506a172267990c9 Anonymized4\Mammo\MG RCC\MG000000.dcm,,,,,,,,,,,,
C:\Users\Gajendra\Desktop\D3_MONAI\Datasets\UTA10\893c9b2c-3b134efb-6dcb1026-2f98fb3b-46e101b8\97b1bd325c1347159506a172267990c9 Anonymized4\Mammo\MG RMLO\MG000000.dcm,,,,,,,,,,,,
C:\Users\Gajendra\Desktop\D3_MONAI\Datasets\UTA4\mm\p1_d045f565-e0be-432c-aaab-8296b169c529\IM0,,False,,45.96081220337163,,,509.0,,,109640.0,,
C:\Users\Gajendra\Desktop\D3_MONAI\Datasets\UTA4\mm\p1_d045f565-e0be-432c-aaab-8296b169c529\IM1,,False,,46.32266861325578,,,553.0,,,109508.0,,
C:\Users\Gajendra\Desktop\D3_MONAI\Datasets\UTA4\mm\p1_d045f565-e0be-432c-aaab-8296b169c529\IM10,,False,,46.05830607778759,,,465.0,,,111172.0,,
C:\Users\Gajendra\Desktop\D3_MONAI\Datasets\UTA4\mm\p1_d045f565-e0be-432c-aaab-8296b169c529\IM100,,False,,45.53613061769995,,,427.0,,,109410.0,,
C:\Users\Gajendra\Desktop\D3_MONAI\Datasets\UTA4\mm\p1_d045f565-e0be-432c-aaab-8296b169c529\IM101,,False,,22.93627796134415,,,213.0,,,107930.0,,
C:\Users\Gajendra\Desktop\D3_MONAI\Datasets\UTA4\mm\p1_d045f565-e0be-432c-aaab-8296b169c529\IM102,,False,,24.515398132796133,,,241.0,,,108018.0,,
C:\Users\Gajendra\Desktop\D3_MONAI\Datasets\UTA4\mm\p1_d045f565-e0be-432c-aaab-8296b169c529\IM103,,False,,41.88871795626632,,,377.0,,,109042.0,,
C:\Users\Gajendra\Desktop\D3_MONAI\Datasets\UTA4\mm\p1_d045f565-e0be-432c-aaab-8296b169c529\IM104,,False,,27.437247323240225,,,270.0,,,108274.0,,
C:\Users\Gajendra\Desktop\D3_MONAI\Datasets\UTA4\mm\p1_d045f565-e0be-432c-aaab-8296b169c529\IM105,,False,,29.053861297180905,,,290.0,,,107934.0,,
C:\Users\Gajendra\Desktop\D3_MONAI\Datasets\UTA4\mm\p1_d045f565-e0be-432c-aaab-8296b169c529\IM106,,False,,30.80003608782567,,,348.0,,,108120.0,,
C:\Users\Gajendra\Desktop\D3_MONAI\Datasets\UTA4\mm\p1_d045f565-e0be-432c-aaab-8296b169c529\IM107,,False,,32.22210914164616,,,348.0,,,108250.0,,
C:\Users\Gajendra\Desktop\D3_MONAI\Datasets\UTA4\mm\p1_d045f565-e0be-432c-aaab-8296b169c529\IM108,,False,,33.829550464545996,,,339.0,,,108246.0,,
C:\Users\Gajendra\Desktop\D3_MONAI\Datasets\UTA4\mm\p1_d045f565-e0be-432c-aaab-8296b169c529\IM109,,False,,26.065180362398802,,,240.0,,,108216.0,,
C:\Users\Gajendra\Desktop\D3_MONAI\Datasets\UTA4\mm\p1_d045f565-e0be-432c-aaab-8296b169c529\IM11,,False,,47.0386626355525,,,508.0,,,111630.0,,
C:\Users\Gajendra\Desktop\D3_MONAI\Datasets\UTA4\mm\p1_d045f565-e0be-432c-aaab-8296b169c529\IM110,,False,,35.35947517291698,,,345.0,,,108526.0,,
C:\Users\Gajendra\Desktop\D3_MONAI\Datasets\UTA4\mm\p1_d045f565-e0be-432c-aaab-8296b169c529\IM111,,False,,38.12775338079515,,,418.0,,,108630.0,,
C:\Users\Gajendra\Desktop\D3_MONAI\Datasets\UTA4\mm\p1_d045f565-e0be-432c-aaab-8296b169c529\IM112,,False,,39.08653496107617,,,455.0,,,109060.0,,
C:\Users\Gajendra\Desktop\D3_MONAI\Datasets\UTA4\mm\p1_d045f565-e0be-432c-aaab-8296b169c529\IM113,,False,,39.6749058806369,,,381.0,,,109248.0,,
C:\Users\Gajendra\Desktop\D3_MONAI\Datasets\UTA4\mm\p1_d045f565-e0be-432c-aaab-8296b169c529\IM114,,False,,39.27315122844346,,,434.0,,,109114.0,,
C:\Users\Gajendra\Desktop\D3_MONAI\Datasets\UTA4\mm\p1_d045f565-e0be-432c-aaab-8296b169c529\IM115,,False,,40.550783288488,,,384.0,,,109066.0,,
C:\Users\Gajendra\Desktop\D3_MONAI\Datasets\UTA4\mm\p1_d045f565-e0be-432c-aaab-8296b169c529\IM116,,False,,36.77478415277881,,,358.0,,,108718.0,,
C:\Users\Gajendra\Desktop\D3_MONAI\Datasets\UTA4\mm\p1_d045f565-e0be-432c-aaab-8296b169c529\IM117,,False,,41.31472566396938,,,404.0,,,109222.0,,
C:\Users\Gajendra\Desktop\D3_MONAI\Datasets\UTA4\mm\p1_d045f565-e0be-432c-aaab-8296b169c529\IM118,,False,,43.709437180444205,,,550.0,,,108864.0,,
C:\Users\Gajendra\Desktop\D3_MONAI\Datasets\UTA4\mm\p1_d045f565-e0be-432c-aaab-8296b169c529\IM119,,False,,42.69987599356352,,,476.0,,,109046.0,,
C:\Users\Gajendra\Desktop\D3_MONAI\Datasets\UTA4\mm\p1_d045f565-e0be-432c-aaab-8296b169c529\IM12,,False,,46.179402926507834,,,473.0,,,111498.0,,
C:\Users\Gajendra\Desktop\D3_MONAI\Datasets\UTA4\mm\p1_d045f565-e0be-432c-aaab-8296b169c529\IM120,,False,,44.48972772375534,,,521.0,,,109174.0,,
C:\Users\Gajendra\Desktop\D3_MONAI\Datasets\UTA4\mm\p1_d045f565-e0be-432c-aaab-8296b169c529\IM121,,False,,44.91939467191333,,,486.0,,,109114.0,,
C:\Users\Gajendra\Desktop\D3_MONAI\Datasets\UTA4\mm\p1_d045f565-e0be-432c-aaab-8296b169c529\IM122,,False,,45.43319988860314,,,509.0,,,109278.0,,
C:\Users\Gajendra\Desktop\D3_MONAI\Datasets\UTA4\mm\p1_d045f565-e0be-432c-aaab-8296b169c529\IM123,,False,,41.96199352317582,,,468.0,,,109246.0,,
C:\Users\Gajendra\Desktop\D3_MONAI\Datasets\UTA4\mm\p1_d045f565-e0be-432c-aaab-8296b169c529\IM124,,False,,45.93753250265899,,,481.0,,,109572.0,,
C:\Users\Gajendra\Desktop\D3_MONAI\Datasets\UTA4\mm\p1_d045f565-e0be-432c-aaab-8296b169c529\IM125,,False,,46.09143808111578,,,504.0,,,109582.0,,
C:\Users\Gajendra\Desktop\D3_MONAI\Datasets\UTA4\mm\p1_d045f565-e0be-432c-aaab-8296b169c529\IM126,,False,,37.72802615964547,,,411.0,,,109116.0,,
C:\Users\Gajendra\Desktop\D3_MONAI\Datasets\UTA4\mm\p1_d045f565-e0be-432c-aaab-8296b169c529\IM127,,False,,16.16525402702551,,,119.0,,,107444.0,,
C:\Users\Gajendra\Desktop\D3_MONAI\Datasets\UTA4\mm\p1_d045f565-e0be-432c-aaab-8296b169c529\IM128,,,,,,,,,,,,
C:\Users\Gajendra\Desktop\D3_MONAI\Datasets\UTA4\mm\p1_d045f565-e0be-432c-aaab-8296b169c529\IM129,,,,,,,,,,,,
C:\Users\Gajendra\Desktop\D3_MONAI\Datasets\UTA4\mm\p1_d045f565-e0be-432c-aaab-8296b169c529\IM13,,False,,48.42030769936769,,,557.0,,,112300.0,,
C:\Users\Gajendra\Desktop\D3_MONAI\Datasets\UTA4\mm\p1_d045f565-e0be-432c-aaab-8296b169c529\IM14,,False,,36.29658146340716,,,367.0,,,109032.0,,
C:\Users\Gajendra\Desktop\D3_MONAI\Datasets\UTA4\mm\p1_d045f565-e0be-432c-aaab-8296b169c529\IM15,,False,,50.164662038201996,,,516.0,,,112574.0,,
C:\Users\Gajendra\Desktop\D3_MONAI\Datasets\UTA4\mm\p1_d045f565-e0be-432c-aaab-8296b169c529\IM16,,False,,49.291469056479414,,,545.0,,,112330.0,,
C:\Users\Gajendra\Desktop\D3_MONAI\Datasets\UTA4\mm\p1_d045f565-e0be-432c-aaab-8296b169c529\IM17,,False,,49.692494973477125,,,475.0,,,113438.0,,
C:\Users\Gajendra\Desktop\D3_MONAI\Datasets\UTA4\mm\p1_d045f565-e0be-432c-aaab-8296b169c529\IM18,,False,,49.8273224016915,,,482.0,,,112998.0,,
C:\Users\Gajendra\Desktop\D3_MONAI\Datasets\UTA4\mm\p1_d045f565-e0be-432c-aaab-8296b169c529\IM19,,False,,49.591429064382964,,,492.0,,,113488.0,,
C:\Users\Gajendra\Desktop\D3_MONAI\Datasets\UTA4\mm\p1_d045f565-e0be-432c-aaab-8296b169c529\IM2,,False,,46.052672987654596,,,516.0,,,109742.0,,
C:\Users\Gajendra\Desktop\D3_MONAI\Datasets\UTA4\mm\p1_d045f565-e0be-432c-aaab-8296b169c529\IM20,,False,,50.247355289454894,,,494.0,,,112660.0,,
C:\Users\Gajendra\Desktop\D3_MONAI\Datasets\UTA4\mm\p1_d045f565-e0be-432c-aaab-8296b169c529\IM21,,False,,49.53258586917703,,,477.0,,,113954.0,,
C:\Users\Gajendra\Desktop\D3_MONAI\Datasets\UTA4\mm\p1_d045f565-e0be-432c-aaab-8296b169c529\IM22,,False,,34.8465672850223,,,370.0,,,108872.0,,
C:\Users\Gajendra\Desktop\D3_MONAI\Datasets\UTA4\mm\p1_d045f565-e0be-432c-aaab-8296b169c529\IM23,,False,,49.63536966594487,,,465.0,,,114174.0,,
C:\Users\Gajendra\Desktop\D3_MONAI\Datasets\UTA4\mm\p1_d045f565-e0be-432c-aaab-8296b169c529\IM24,,False,,49.149003202039935,,,511.0,,,114286.0,,
C:\Users\Gajendra\Desktop\D3_MONAI\Datasets\UTA4\mm\p1_d045f565-e0be-432c-aaab-8296b169c529\IM25,,False,,49.45026628065083,,,552.0,,,114220.0,,
C:\Users\Gajendra\Desktop\D3_MONAI\Datasets\UTA4\mm\p1_d045f565-e0be-432c-aaab-8296b169c529\IM26,,False,,49.65164434104502,,,472.0,,,114186.0,,
C:\Users\Gajendra\Desktop\D3_MONAI\Datasets\UTA4\mm\p1_d045f565-e0be-432c-aaab-8296b169c529\IM27,,False,,50.513289921343336,,,509.0,,,114606.0,,
C:\Users\Gajendra\Desktop\D3_MONAI\Datasets\UTA4\mm\p1_d045f565-e0be-432c-aaab-8296b169c529\IM28,,False,,49.55315860922315,,,558.0,,,114112.0,,
C:\Users\Gajendra\Desktop\D3_MONAI\Datasets\UTA4\mm\p1_d045f565-e0be-432c-aaab-8296b169c529\IM29,,False,,50.35957995643361,,,560.0,,,114362.0,,
C:\Users\Gajendra\Desktop\D3_MONAI\Datasets\UTA4\mm\p1_d045f565-e0be-432c-aaab-8296b169c529\IM3,,False,,46.90265953919003,,,531.0,,,109558.0,,
C:\Users\Gajendra\Desktop\D3_MONAI\Datasets\UTA4\mm\p1_d045f565-e0be-432c-aaab-8296b169c529\IM30,,False,,49.089696099807824,,,499.0,,,114538.0,,
C:\Users\Gajendra\Desktop\D3_MONAI\Datasets\UTA4\mm\p1_d045f565-e0be-432c-aaab-8296b169c529\IM31,,False,,32.99646310364501,,,375.0,,,108914.0,,
C:\Users\Gajendra\Desktop\D3_MONAI\Datasets\UTA4\mm\p1_d045f565-e0be-432c-aaab-8296b169c529\IM32,,False,,48.64672919491748,,,495.0,,,114654.0,,
C:\Users\Gajendra\Desktop\D3_MONAI\Datasets\UTA4\mm\p1_d045f565-e0be-432c-aaab-8296b169c529\IM33,,False,,48.89761751170788,,,504.0,,,114406.0,,
C:\Users\Gajendra\Desktop\D3_MONAI\Datasets\UTA4\mm\p1_d045f565-e0be-432c-aaab-8296b169c529\IM34,,False,,51.279955277620836,,,558.0,,,114468.0,,
C:\Users\Gajendra\Desktop\D3_MONAI\Datasets\UTA4\mm\p1_d045f565-e0be-432c-aaab-8296b169c529\IM35,,False,,48.73101618348209,,,431.0,,,114798.0,,
C:\Users\Gajendra\Desktop\D3_MONAI\Datasets\UTA4\mm\p1_d045f565-e0be-432c-aaab-8296b169c529\IM36,,False,,49.57732747080794,,,502.0,,,114916.0,,
C:\Users\Gajendra\Desktop\D3_MONAI\Datasets\UTA4\mm\p1_d045f565-e0be-432c-aaab-8296b169c529\IM37,,False,,51.19820802563462,,,551.0,,,114710.0,,
C:\Users\Gajendra\Desktop\D3_MONAI\Datasets\UTA4\mm\p1_d045f565-e0be-432c-aaab-8296b169c529\IM38,,False,,48.61339928859699,,,405.0,,,114420.0,,
C:\Users\Gajendra\Desktop\D3_MONAI\Datasets\UTA4\mm\p1_d045f565-e0be-432c-aaab-8296b169c529\IM39,,False,,49.43007360427213,,,434.0,,,114696.0,,
C:\Users\Gajendra\Desktop\D3_MONAI\Datasets\UTA4\mm\p1_d045f565-e0be-432c-aaab-8296b169c529\IM4,,False,,47.16330964153147,,,506.0,,,109624.0,,
C:\Users\Gajendra\Desktop\D3_MONAI\Datasets\UTA4\mm\p1_d045f565-e0be-432c-aaab-8296b169c529\IM40,,False,,48.43299249221581,,,372.0,,,114550.0,,
C:\Users\Gajendra\Desktop\D3_MONAI\Datasets\UTA4\mm\p1_d045f565-e0be-432c-aaab-8296b169c529\IM41,,False,,51.04569044408375,,,534.0,,,114680.0,,
C:\Users\Gajendra\Desktop\D3_MONAI\Datasets\UTA4\mm\p1_d045f565-e0be-432c-aaab-8296b169c529\IM42,,False,,48.212442528254975,,,356.0,,,114416.0,,
C:\Users\Gajendra\Desktop\D3_MONAI\Datasets\UTA4\mm\p1_d045f565-e0be-432c-aaab-8296b169c529\IM43,,False,,30.729684621165937,,,336.0,,,108718.0,,
C:\Users\Gajendra\Desktop\D3_MONAI\Datasets\UTA4\mm\p1_d045f565-e0be-432c-aaab-8296b169c529\IM44,,False,,48.52144635178567,,,443.0,,,114610.0,,
C:\Users\Gajendra\Desktop\D3_MONAI\Datasets\UTA4\mm\p1_d045f565-e0be-432c-aaab-8296b169c529\IM45,,False,,49.15638766970681,,,405.0,,,114762.0,,
C:\Users\Gajendra\Desktop\D3_MONAI\Datasets\UTA4\mm\p1_d045f565-e0be-432c-aaab-8296b169c529\IM46,,False,,50.25949385562858,,,437.0,,,114778.0,,
C:\Users\Gajendra\Desktop\D3_MONAI\Datasets\UTA4\mm\p1_d045f565-e0be-432c-aaab-8296b169c529\IM47,,False,,50.618485577189084,,,458.0,,,115198.0,,
C:\Users\Gajendra\Desktop\D3_MONAI\Datasets\UTA4\mm\p1_d045f565-e0be-432c-aaab-8296b169c529\IM48,,False,,50.558939719784895,,,490.0,,,114982.0,,
C:\Users\Gajendra\Desktop\D3_MONAI\Datasets\UTA4\mm\p1_d045f565-e0be-432c-aaab-8296b169c529\IM49,,False,,48.56881244405961,,,414.0,,,114562.0,,
C:\Users\Gajendra\Desktop\D3_MONAI\Datasets\UTA4\mm\p1_d045f565-e0be-432c-aaab-8296b169c529\IM5,,False,,47.614676436893724,,,456.0,,,110410.0,,
C:\Users\Gajendra\Desktop\D3_MONAI\Datasets\UTA4\mm\p1_d045f565-e0be-432c-aaab-8296b169c529\IM50,,False,,50.514161966151256,,,472.0,,,114838.0,,
C:\Users\Gajendra\Desktop\D3_MONAI\Datasets\UTA4\mm\p1_d045f565-e0be-432c-aaab-8296b169c529\IM51,,False,,50.637558066437386,,,491.0,,,114874.0,,
C:\Users\Gajendra\Desktop\D3_MONAI\Datasets\UTA4\mm\p1_d045f565-e0be-432c-aaab-8296b169c529\IM52,,False,,51.22618405766239,,,462.0,,,114480.0,,
C:\Users\Gajendra\Desktop\D3_MONAI\Datasets\UTA4\mm\p1_d045f565-e0be-432c-aaab-8296b169c529\IM53,,False,,51.23787478138221,,,488.0,,,114452.0,,
C:\Users\Gajendra\Desktop\D3_MONAI\Datasets\UTA4\mm\p1_d045f565-e0be-432c-aaab-8296b169c529\IM54,,False,,27.685527675399097,,,327.0,,,108564.0,,
C:\Users\Gajendra\Desktop\D3_MONAI\Datasets\UTA4\mm\p1_d045f565-e0be-432c-aaab-8296b169c529\IM55,,False,,51.17217291014789,,,623.0,,,114630.0,,
C:\Users\Gajendra\Desktop\D3_MONAI\Datasets\UTA4\mm\p1_d045f565-e0be-432c-aaab-8296b169c529\IM56,,False,,50.05350523682401,,,487.0,,,115076.0,,
C:\Users\Gajendra\Desktop\D3_MONAI\Datasets\UTA4\mm\p1_d045f565-e0be-432c-aaab-8296b169c529\IM57,,False,,50.39861957291461,,,535.0,,,113824.0,,
C:\Users\Gajendra\Desktop\D3_MONAI\Datasets\UTA4\mm\p1_d045f565-e0be-432c-aaab-8296b169c529\IM58,,False,,50.63197250091761,,,602.0,,,114116.0,,
C:\Users\Gajendra\Desktop\D3_MONAI\Datasets\UTA4\mm\p1_d045f565-e0be-432c-aaab-8296b169c529\IM59,,False,,50.24408623099853,,,468.0,,,113166.0,,
C:\Users\Gajendra\Desktop\D3_MONAI\Datasets\UTA4\mm\p1_d045f565-e0be-432c-aaab-8296b169c529\IM6,,False,,48.097124520478665,,,500.0,,,109796.0,,
C:\Users\Gajendra\Desktop\D3_MONAI\Datasets\UTA4\mm\p1_d045f565-e0be-432c-aaab-8296b169c529\IM60,,False,,50.795383999340885,,,450.0,,,113580.0,,
C:\Users\Gajendra\Desktop\D3_MONAI\Datasets\UTA4\mm\p1_d045f565-e0be-432c-aaab-8296b169c529\IM61,,False,,50.048315853871486,,,588.0,,,112738.0,,
C:\Users\Gajendra\Desktop\D3_MONAI\Datasets\UTA4\mm\p1_d045f565-e0be-432c-aaab-8296b169c529\IM62,,False,,50.83785934004197,,,527.0,,,113634.0,,
C:\Users\Gajendra\Desktop\D3_MONAI\Datasets\UTA4\mm\p1_d045f565-e0be-432c-aaab-8296b169c529\IM63,,False,,50.44111845295586,,,581.0,,,112462.0,,
C:\Users\Gajendra\Desktop\D3_MONAI\Datasets\UTA4\mm\p1_d045f565-e0be-432c-aaab-8296b169c529\IM64,,False,,24.37779836659741,,,281.0,,,108136.0,,
C:\Users\Gajendra\Desktop\D3_MONAI\Datasets\UTA4\mm\p1_d045f565-e0be-432c-aaab-8296b169c529\IM65,,False,,50.7114361964377,,,542.0,,,111234.0,,
C:\Users\Gajendra\Desktop\D3_MONAI\Datasets\UTA4\mm\p1_d045f565-e0be-432c-aaab-8296b169c529\IM66,,False,,51.01033522829766,,,489.0,,,111606.0,,
C:\Users\Gajendra\Desktop\D3_MONAI\Datasets\UTA4\mm\p1_d045f565-e0be-432c-aaab-8296b169c529\IM67,,False,,50.89780116548656,,,534.0,,,111050.0,,
C:\Users\Gajendra\Desktop\D3_MONAI\Datasets\UTA4\mm\p1_d045f565-e0be-432c-aaab-8296b169c529\IM68,,False,,51.09159925149548,,,500.0,,,111022.0,,
C:\Users\Gajendra\Desktop\D3_MONAI\Datasets\UTA4\mm\p1_d045f565-e0be-432c-aaab-8296b169c529\IM69,,False,,51.250573060442555,,,491.0,,,110662.0,,
C:\Users\Gajendra\Desktop\D3_MONAI\Datasets\UTA4\mm\p1_d045f565-e0be-432c-aaab-8296b169c529\IM7,,False,,46.80649936300301,,,455.0,,,110666.0,,
C:\Users\Gajendra\Desktop\D3_MONAI\Datasets\UTA4\mm\p1_d045f565-e0be-432c-aaab-8296b169c529\IM70,,False,,51.1379095410268,,,464.0,,,112178.0,,
C:\Users\Gajendra\Desktop\D3_MONAI\Datasets\UTA4\mm\p1_d045f565-e0be-432c-aaab-8296b169c529\IM71,,False,,51.66052399848993,,,481.0,,,110338.0,,
C:\Users\Gajendra\Desktop\D3_MONAI\Datasets\UTA4\mm\p1_d045f565-e0be-432c-aaab-8296b169c529\IM72,,False,,51.724073953210116,,,498.0,,,110382.0,,
C:\Users\Gajendra\Desktop\D3_MONAI\Datasets\UTA4\mm\p1_d045f565-e0be-432c-aaab-8296b169c529\IM73,,False,,49.901720786704075,,,547.0,,,110396.0,,
C:\Users\Gajendra\Desktop\D3_MONAI\Datasets\UTA4\mm\p1_d045f565-e0be-432c-aaab-8296b169c529\IM74,,False,,21.222824596001463,,,186.0,,,108152.0,,
C:\Users\Gajendra\Desktop\D3_MONAI\Datasets\UTA4\mm\p1_d045f565-e0be-432c-aaab-8296b169c529\IM75,,False,,49.30410798220017,,,401.0,,,110338.0,,
C:\Users\Gajendra\Desktop\D3_MONAI\Datasets\UTA4\mm\p1_d045f565-e0be-432c-aaab-8296b169c529\IM76,,False,,49.474492584072514,,,444.0,,,110022.0,,
C:\Users\Gajendra\Desktop\D3_MONAI\Datasets\UTA4\mm\p1_d045f565-e0be-432c-aaab-8296b169c529\IM77,,False,,49.657725206152904,,,477.0,,,109768.0,,
C:\Users\Gajendra\Desktop\D3_MONAI\Datasets\UTA4\mm\p1_d045f565-e0be-432c-aaab-8296b169c529\IM78,,False,,49.60215655250375,,,428.0,,,110244.0,,
C:\Users\Gajendra\Desktop\D3_MONAI\Datasets\UTA4\mm\p1_d045f565-e0be-432c-aaab-8296b169c529\IM79,,False,,50.853963278146196,,,522.0,,,110430.0,,
C:\Users\Gajendra\Desktop\D3_MONAI\Datasets\UTA4\mm\p1_d045f565-e0be-432c-aaab-8296b169c529\IM8,,False,,47.862939283644444,,,520.0,,,109640.0,,
C:\Users\Gajendra\Desktop\D3_MONAI\Datasets\UTA4\mm\p1_d045f565-e0be-432c-aaab-8296b169c529\IM80,,False,,49.99587276354349,,,503.0,,,109700.0,,
C:\Users\Gajendra\Desktop\D3_MONAI\Datasets\UTA4\mm\p1_d045f565-e0be-432c-aaab-8296b169c529\IM81,,False,,50.60604318706037,,,477.0,,,109392.0,,
C:\Users\Gajendra\Desktop\D3_MONAI\Datasets\UTA4\mm\p1_d045f565-e0be-432c-aaab-8296b169c529\IM82,,False,,51.23661716141749,,,474.0,,,109376.0,,
C:\Users\Gajendra\Desktop\D3_MONAI\Datasets\UTA4\mm\p1_d045f565-e0be-432c-aaab-8296b169c529\IM83,,False,,53.04353424968319,,,497.0,,,109670.0,,
C:\Users\Gajendra\Desktop\D3_MONAI\Datasets\UTA4\mm\p1_d045f565-e0be-432c-aaab-8296b169c529\IM84,,False,,50.93782940495832,,,465.0,,,109768.0,,
C:\Users\Gajendra\Desktop\D3_MONAI\Datasets\UTA4\mm\p1_d045f565-e0be-432c-aaab-8296b169c529\IM85,,False,,51.992126528400895,,,445.0,,,109438.0,,
C:\Users\Gajendra\Desktop\D3_MONAI\Datasets\UTA4\mm\p1_d045f565-e0be-432c-aaab-8296b169c529\IM86,,False,,18.42784407120386,,,153.0,,,107838.0,,
C:\Users\Gajendra\Desktop\D3_MONAI\Datasets\UTA4\mm\p1_d045f565-e0be-432c-aaab-8296b169c529\IM87,,False,,53.248175445500415,,,517.0,,,109578.0,,
C:\Users\Gajendra\Desktop\D3_MONAI\Datasets\UTA4\mm\p1_d045f565-e0be-432c-aaab-8296b169c529\IM88,,False,,53.32703985067554,,,472.0,,,109688.0,,
C:\Users\Gajendra\Desktop\D3_MONAI\Datasets\UTA4\mm\p1_d045f565-e0be-432c-aaab-8296b169c529\IM89,,False,,53.051532665475285,,,493.0,,,109564.0,,
C:\Users\Gajendra\Desktop\D3_MONAI\Datasets\UTA4\mm\p1_d045f565-e0be-432c-aaab-8296b169c529\IM9,,False,,46.22884452359339,,,502.0,,,110946.0,,
C:\Users\Gajendra\Desktop\D3_MONAI\Datasets\UTA4\mm\p1_d045f565-e0be-432c-aaab-8296b169c529\IM90,,False,,51.7951510073279,,,417.0,,,109616.0,,
C:\Users\Gajendra\Desktop\D3_MONAI\Datasets\UTA4\mm\p1_d045f565-e0be-432c-aaab-8296b169c529\IM91,,False,,53.77248262499099,,,480.0,,,109636.0,,
C:\Users\Gajendra\Desktop\D3_MONAI\Datasets\UTA4\mm\p1_d045f565-e0be-432c-aaab-8296b169c529\IM92,,False,,53.39899505643519,,,482.0,,,109566.0,,
C:\Users\Gajendra\Desktop\D3_MONAI\Datasets\UTA4\mm\p1_d045f565-e0be-432c-aaab-8296b169c529\IM93,,False,,48.502155095842035,,,389.0,,,109418.0,,
C:\Users\Gajendra\Desktop\D3_MONAI\Datasets\UTA4\mm\p1_d045f565-e0be-432c-aaab-8296b169c529\IM94,,False,,13.267909257454605,,,140.0,,,106480.0,,
C:\Users\Gajendra\Desktop\D3_MONAI\Datasets\UTA4\mm\p1_d045f565-e0be-432c-aaab-8296b169c529\IM95,,False,,14.924303772851141,,,163.0,,,106350.0,,
C:\Users\Gajendra\Desktop\D3_MONAI\Datasets\UTA4\mm\p1_d045f565-e0be-432c-aaab-8296b169c529\IM96,,False,,18.32358747149185,,,159.0,,,107400.0,,
C:\Users\Gajendra\Desktop\D3_MONAI\Datasets\UTA4\mm\p1_d045f565-e0be-432c-aaab-8296b169c529\IM97,,False,,16.647925068635704,,,170.0,,,106904.0,,
C:\Users\Gajendra\Desktop\D3_MONAI\Datasets\UTA4\mm\p1_d045f565-e0be-432c-aaab-8296b169c529\IM98,,False,,21.31714787483452,,,208.0,,,107676.0,,
C:\Users\Gajendra\Desktop\D3_MONAI\Datasets\UTA4\mm\p1_d045f565-e0be-432c-aaab-8296b169c529\IM99,,False,,19.897827458732255,,,189.0,,,107436.0,,
C:\Users\Gajendra\Desktop\D3_MONAI\Datasets\UTA4\mm\p2_9cfd047c-14f1-45c3-aadc-02ec90feeae9\IM0,,False,,65.97285964604342,,,601.0,,,77810.0,,
C:\Users\Gajendra\Desktop\D3_MONAI\Datasets\UTA4\mm\p2_9cfd047c-14f1-45c3-aadc-02ec90feeae9\IM1,,False,,68.06088272801088,,,609.0,,,77812.0,,
C:\Users\Gajendra\Desktop\D3_MONAI\Datasets\UTA4\mm\p2_9cfd047c-14f1-45c3-aadc-02ec90feeae9\IM10,,False,,32.09814247562937,,,354.0,,,70428.0,,
C:\Users\Gajendra\Desktop\D3_MONAI\Datasets\UTA4\mm\p2_9cfd047c-14f1-45c3-aadc-02ec90feeae9\IM100,,False,,83.90343575010083,,,508.0,,,73840.0,,
C:\Users\Gajendra\Desktop\D3_MONAI\Datasets\UTA4\mm\p2_9cfd047c-14f1-45c3-aadc-02ec90feeae9\IM101,,False,,78.81636190741735,,,518.0,,,73952.0,,
C:\Users\Gajendra\Desktop\D3_MONAI\Datasets\UTA4\mm\p2_9cfd047c-14f1-45c3-aadc-02ec90feeae9\IM102,,False,,71.52473564188809,,,544.0,,,74118.0,,
C:\Users\Gajendra\Desktop\D3_MONAI\Datasets\UTA4\mm\p2_9cfd047c-14f1-45c3-aadc-02ec90feeae9\IM103,,False,,65.80775460510048,,,523.0,,,74264.0,,
C:\Users\Gajendra\Desktop\D3_MONAI\Datasets\UTA4\mm\p2_9cfd047c-14f1-45c3-aadc-02ec90feeae9\IM104,,False,,63.18010597407274,,,544.0,,,74456.0,,
C:\Users\Gajendra\Desktop\D3_MONAI\Datasets\UTA4\mm\p2_9cfd047c-14f1-45c3-aadc-02ec90feeae9\IM105,,False,,61.0798771980916,,,562.0,,,74452.0,,
C:\Users\Gajendra\Desktop\D3_MONAI\Datasets\UTA4\mm\p2_9cfd047c-14f1-45c3-aadc-02ec90feeae9\IM106,,False,,58.66336779840224,,,626.0,,,74670.0,,
C:\Users\Gajendra\Desktop\D3_MONAI\Datasets\UTA4\mm\p2_9cfd047c-14f1-45c3-aadc-02ec90feeae9\IM107,,False,,56.30281513982896,,,579.0,,,74668.0,,
C:\Users\Gajendra\Desktop\D3_MONAI\Datasets\UTA4\mm\p2_9cfd047c-14f1-45c3-aadc-02ec90feeae9\IM108,,False,,54.6171255748332,,,548.0,,,74780.0,,
C:\Users\Gajendra\Desktop\D3_MONAI\Datasets\UTA4\mm\p2_9cfd047c-14f1-45c3-aadc-02ec90feeae9\IM109,,False,,53.51963851873372,,,556.0,,,74690.0,,
C:\Users\Gajendra\Desktop\D3_MONAI\Datasets\UTA4\mm\p2_9cfd047c-14f1-45c3-aadc-02ec90feeae9\IM11,,False,,72.51603048216603,,,755.0,,,79030.0,,
C:\Users\Gajendra\Desktop\D3_MONAI\Datasets\UTA4\mm\p2_9cfd047c-14f1-45c3-aadc-02ec90feeae9\IM110,,False,,109.95557880954742,,,575.0,,,76192.0,,
C:\Users\Gajendra\Desktop\D3_MONAI\Datasets\UTA4\mm\p2_9cfd047c-14f1-45c3-aadc-02ec90feeae9\IM111,,False,,52.78896696998073,,,557.0,,,74864.0,,
C:\Users\Gajendra\Desktop\D3_MONAI\Datasets\UTA4\mm\p2_9cfd047c-14f1-45c3-aadc-02ec90feeae9\IM112,,False,,51.686157371309086,,,464.0,,,74948.0,,
C:\Users\Gajendra\Desktop\D3_MONAI\Datasets\UTA4\mm\p2_9cfd047c-14f1-45c3-aadc-02ec90feeae9\IM113,,False,,52.296779068001364,,,494.0,,,74892.0,,
C:\Users\Gajendra\Desktop\D3_MONAI\Datasets\UTA4\mm\p2_9cfd047c-14f1-45c3-aadc-02ec90feeae9\IM114,,False,,51.3731275097319,,,419.0,,,75012.0,,
C:\Users\Gajendra\Desktop\D3_MONAI\Datasets\UTA4\mm\p2_9cfd047c-14f1-45c3-aadc-02ec90feeae9\IM115,,False,,51.74494797759201,,,444.0,,,75292.0,,
C:\Users\Gajendra\Desktop\D3_MONAI\Datasets\UTA4\mm\p2_9cfd047c-14f1-45c3-aadc-02ec90feeae9\IM116,,False,,52.44931254808756,,,477.0,,,75426.0,,
C:\Users\Gajendra\Desktop\D3_MONAI\Datasets\UTA4\mm\p2_9cfd047c-14f1-45c3-aadc-02ec90feeae9\IM117,,False,,53.396178793264056,,,386.0,,,75550.0,,
C:\Users\Gajendra\Desktop\D3_MONAI\Datasets\UTA4\mm\p2_9cfd047c-14f1-45c3-aadc-02ec90feeae9\IM118,,False,,54.9677041122364,,,439.0,,,75740.0,,
C:\Users\Gajendra\Desktop\D3_MONAI\Datasets\UTA4\mm\p2_9cfd047c-14f1-45c3-aadc-02ec90feeae9\IM119,,False,,56.76685893325566,,,437.0,,,75948.0,,
C:\Users\Gajendra\Desktop\D3_MONAI\Datasets\UTA4\mm\p2_9cfd047c-14f1-45c3-aadc-02ec90feeae9\IM12,,False,,71.82629287649216,,,774.0,,,79050.0,,
C:\Users\Gajendra\Desktop\D3_MONAI\Datasets\UTA4\mm\p2_9cfd047c-14f1-45c3-aadc-02ec90feeae9\IM120,,False,,58.14493136965149,,,440.0,,,75996.0,,
C:\Users\Gajendra\Desktop\D3_MONAI\Datasets\UTA4\mm\p2_9cfd047c-14f1-45c3-aadc-02ec90feeae9\IM121,,False,,96.16275582385775,,,442.0,,,75798.0,,
C:\Users\Gajendra\Desktop\D3_MONAI\Datasets\UTA4\mm\p2_9cfd047c-14f1-45c3-aadc-02ec90feeae9\IM122,,False,,58.32481543299738,,,428.0,,,76108.0,,
C:\Users\Gajendra\Desktop\D3_MONAI\Datasets\UTA4\mm\p2_9cfd047c-14f1-45c3-aadc-02ec90feeae9\IM123,,False,,56.921042998133565,,,384.0,,,76170.0,,
C:\Users\Gajendra\Desktop\D3_MONAI\Datasets\UTA4\mm\p2_9cfd047c-14f1-45c3-aadc-02ec90feeae9\IM124,,False,,55.24359722829626,,,365.0,,,76472.0,,
C:\Users\Gajendra\Desktop\D3_MONAI\Datasets\UTA4\mm\p2_9cfd047c-14f1-45c3-aadc-02ec90feeae9\IM125,,False,,54.35805597536851,,,366.0,,,76524.0,,
C:\Users\Gajendra\Desktop\D3_MONAI\Datasets\UTA4\mm\p2_9cfd047c-14f1-45c3-aadc-02ec90feeae9\IM126,,False,,54.266243718990054,,,393.0,,,76402.0,,
C:\Users\Gajendra\Desktop\D3_MONAI\Datasets\UTA4\mm\p2_9cfd047c-14f1-45c3-aadc-02ec90feeae9\IM127,,False,,54.275504748478944,,,414.0,,,76638.0,,
C:\Users\Gajendra\Desktop\D3_MONAI\Datasets\UTA4\mm\p2_9cfd047c-14f1-45c3-aadc-02ec90feeae9\IM128,,False,,54.67862538221194,,,432.0,,,76868.0,,
C:\Users\Gajendra\Desktop\D3_MONAI\Datasets\UTA4\mm\p2_9cfd047c-14f1-45c3-aadc-02ec90feeae9\IM129,,False,,55.25788743906516,,,404.0,,,77050.0,,
C:\Users\Gajendra\Desktop\D3_MONAI\Datasets\UTA4\mm\p2_9cfd047c-14f1-45c3-aadc-02ec90feeae9\IM13,,False,,71.45612325839421,,,805.0,,,79094.0,,
C:\Users\Gajendra\Desktop\D3_MONAI\Datasets\UTA4\mm\p2_9cfd047c-14f1-45c3-aadc-02ec90feeae9\IM130,,False,,55.38426915183611,,,407.0,,,77002.0,,
C:\Users\Gajendra\Desktop\D3_MONAI\Datasets\UTA4\mm\p2_9cfd047c-14f1-45c3-aadc-02ec90feeae9\IM131,,False,,54.656258271921956,,,362.0,,,77258.0,,
C:\Users\Gajendra\Desktop\D3_MONAI\Datasets\UTA4\mm\p2_9cfd047c-14f1-45c3-aadc-02ec90feeae9\IM132,,False,,65.41243849127626,,,342.0,,,75378.0,,
C:\Users\Gajendra\Desktop\D3_MONAI\Datasets\UTA4\mm\p2_9cfd047c-14f1-45c3-aadc-02ec90feeae9\IM133,,False,,54.13045887420592,,,346.0,,,77366.0,,
C:\Users\Gajendra\Desktop\D3_MONAI\Datasets\UTA4\mm\p2_9cfd047c-14f1-45c3-aadc-02ec90feeae9\IM134,,False,,53.48320616804764,,,341.0,,,77326.0,,
C:\Users\Gajendra\Desktop\D3_MONAI\Datasets\UTA4\mm\p2_9cfd047c-14f1-45c3-aadc-02ec90feeae9\IM135,,False,,52.10607582171757,,,306.0,,,77650.0,,
C:\Users\Gajendra\Desktop\D3_MONAI\Datasets\UTA4\mm\p2_9cfd047c-14f1-45c3-aadc-02ec90feeae9\IM136,,False,,50.57072779620601,,,313.0,,,77670.0,,
C:\Users\Gajendra\Desktop\D3_MONAI\Datasets\UTA4\mm\p2_9cfd047c-14f1-45c3-aadc-02ec90feeae9\IM137,,False,,50.392668664893634,,,323.0,,,77842.0,,
C:\Users\Gajendra\Desktop\D3_MONAI\Datasets\UTA4\mm\p2_9cfd047c-14f1-45c3-aadc-02ec90feeae9\IM138,,False,,51.26333997192497,,,319.0,,,77930.0,,
C:\Users\Gajendra\Desktop\D3_MONAI\Datasets\UTA4\mm\p2_9cfd047c-14f1-45c3-aadc-02ec90feeae9\IM139,,False,,52.27612189637532,,,329.0,,,77954.0,,
C:\Users\Gajendra\Desktop\D3_MONAI\Datasets\UTA4\mm\p2_9cfd047c-14f1-45c3-aadc-02ec90feeae9\IM14,,False,,62.88647906835139,,,815.0,,,79138.0,,
C:\Users\Gajendra\Desktop\D3_MONAI\Datasets\UTA4\mm\p2_9cfd047c-14f1-45c3-aadc-02ec90feeae9\IM140,,False,,52.07039746764251,,,327.0,,,77938.0,,
C:\Users\Gajendra\Desktop\D3_MONAI\Datasets\UTA4\mm\p2_9cfd047c-14f1-45c3-aadc-02ec90feeae9\IM141,,False,,50.68878060065032,,,367.0,,,78038.0,,
C:\Users\Gajendra\Desktop\D3_MONAI\Datasets\UTA4\mm\p2_9cfd047c-14f1-45c3-aadc-02ec90feeae9\IM142,,False,,48.89173859276695,,,379.0,,,77978.0,,
C:\Users\Gajendra\Desktop\D3_MONAI\Datasets\UTA4\mm\p2_9cfd047c-14f1-45c3-aadc-02ec90feeae9\IM143,,False,,40.8652588016889,,,345.0,,,74864.0,,
C:\Users\Gajendra\Desktop\D3_MONAI\Datasets\UTA4\mm\p2_9cfd047c-14f1-45c3-aadc-02ec90feeae9\IM144,,False,,26.437224555667527,,,306.0,,,68186.0,,
C:\Users\Gajendra\Desktop\D3_MONAI\Datasets\UTA4\mm\p2_9cfd047c-14f1-45c3-aadc-02ec90feeae9\IM145,,False,,47.29754001707347,,,338.0,,,78016.0,,
C:\Users\Gajendra\Desktop\D3_MONAI\Datasets\UTA4\mm\p2_9cfd047c-14f1-45c3-aadc-02ec90feeae9\IM146,,False,,46.110920243078866,,,358.0,,,78208.0,,
C:\Users\Gajendra\Desktop\D3_MONAI\Datasets\UTA4\mm\p2_9cfd047c-14f1-45c3-aadc-02ec90feeae9\IM147,,False,,45.85495859783606,,,366.0,,,78190.0,,
C:\Users\Gajendra\Desktop\D3_MONAI\Datasets\UTA4\mm\p2_9cfd047c-14f1-45c3-aadc-02ec90feeae9\IM148,,False,,46.24295179027587,,,370.0,,,78352.0,,
C:\Users\Gajendra\Desktop\D3_MONAI\Datasets\UTA4\mm\p2_9cfd047c-14f1-45c3-aadc-02ec90feeae9\IM149,,False,,46.5580529610581,,,392.0,,,78318.0,,
C:\Users\Gajendra\Desktop\D3_MONAI\Datasets\UTA4\mm\p2_9cfd047c-14f1-45c3-aadc-02ec90feeae9\IM15,,False,,67.53708364908921,,,895.0,,,79112.0,,
C:\Users\Gajendra\Desktop\D3_MONAI\Datasets\UTA4\mm\p2_9cfd047c-14f1-45c3-aadc-02ec90feeae9\IM150,,False,,46.49733793861845,,,376.0,,,78382.0,,
C:\Users\Gajendra\Desktop\D3_MONAI\Datasets\UTA4\mm\p2_9cfd047c-14f1-45c3-aadc-02ec90feeae9\IM151,,False,,46.15033158829822,,,393.0,,,78406.0,,
C:\Users\Gajendra\Desktop\D3_MONAI\Datasets\UTA4\mm\p2_9cfd047c-14f1-45c3-aadc-02ec90feeae9\IM152,,False,,46.1498266080066,,,427.0,,,78642.0,,
C:\Users\Gajendra\Desktop\D3_MONAI\Datasets\UTA4\mm\p2_9cfd047c-14f1-45c3-aadc-02ec90feeae9\IM153,,False,,46.32906936065167,,,438.0,,,78592.0,,
C:\Users\Gajendra\Desktop\D3_MONAI\Datasets\UTA4\mm\p2_9cfd047c-14f1-45c3-aadc-02ec90feeae9\IM154,,False,,46.67913451587588,,,439.0,,,78588.0,,
C:\Users\Gajendra\Desktop\D3_MONAI\Datasets\UTA4\mm\p2_9cfd047c-14f1-45c3-aadc-02ec90feeae9\IM155,,False,,35.57794772866098,,,353.0,,,74602.0,,
C:\Users\Gajendra\Desktop\D3_MONAI\Datasets\UTA4\mm\p2_9cfd047c-14f1-45c3-aadc-02ec90feeae9\IM156,,False,,47.01021906323621,,,446.0,,,78672.0,,
C:\Users\Gajendra\Desktop\D3_MONAI\Datasets\UTA4\mm\p2_9cfd047c-14f1-45c3-aadc-02ec90feeae9\IM157,,False,,47.288289414815175,,,472.0,,,78740.0,,
C:\Users\Gajendra\Desktop\D3_MONAI\Datasets\UTA4\mm\p2_9cfd047c-14f1-45c3-aadc-02ec90feeae9\IM158,,False,,47.64645960454168,,,490.0,,,78816.0,,
C:\Users\Gajendra\Desktop\D3_MONAI\Datasets\UTA4\mm\p2_9cfd047c-14f1-45c3-aadc-02ec90feeae9\IM159,,False,,47.814077981706816,,,503.0,,,78652.0,,
C:\Users\Gajendra\Desktop\D3_MONAI\Datasets\UTA4\mm\p2_9cfd047c-14f1-45c3-aadc-02ec90feeae9\IM16,,False,,59.573876442923606,,,707.0,,,79120.0,,
C:\Users\Gajendra\Desktop\D3_MONAI\Datasets\UTA4\mm\p2_9cfd047c-14f1-45c3-aadc-02ec90feeae9\IM160,,False,,47.396858454522324,,,525.0,,,78692.0,,
C:\Users\Gajendra\Desktop\D3_MONAI\Datasets\UTA4\mm\p2_9cfd047c-14f1-45c3-aadc-02ec90feeae9\IM161,,False,,47.155108302331676,,,553.0,,,78620.0,,
C:\Users\Gajendra\Desktop\D3_MONAI\Datasets\UTA4\mm\p2_9cfd047c-14f1-45c3-aadc-02ec90feeae9\IM162,,False,,47.65790360923851,,,583.0,,,78614.0,,
C:\Users\Gajendra\Desktop\D3_MONAI\Datasets\UTA4\mm\p2_9cfd047c-14f1-45c3-aadc-02ec90feeae9\IM163,,False,,48.35077112002698,,,599.0,,,78950.0,,
C:\Users\Gajendra\Desktop\D3_MONAI\Datasets\UTA4\mm\p2_9cfd047c-14f1-45c3-aadc-02ec90feeae9\IM164,,False,,48.753827702689975,,,585.0,,,78828.0,,
C:\Users\Gajendra\Desktop\D3_MONAI\Datasets\UTA4\mm\p2_9cfd047c-14f1-45c3-aadc-02ec90feeae9\IM165,,False,,49.21847748797771,,,639.0,,,78710.0,,
C:\Users\Gajendra\Desktop\D3_MONAI\Datasets\UTA4\mm\p2_9cfd047c-14f1-45c3-aadc-02ec90feeae9\IM166,,False,,34.68913944796602,,,333.0,,,73958.0,,
C:\Users\Gajendra\Desktop\D3_MONAI\Datasets\UTA4\mm\p2_9cfd047c-14f1-45c3-aadc-02ec90feeae9\IM167,,False,,49.79675028287055,,,677.0,,,78748.0,,
C:\Users\Gajendra\Desktop\D3_MONAI\Datasets\UTA4\mm\p2_9cfd047c-14f1-45c3-aadc-02ec90feeae9\IM168,,False,,50.48586681317937,,,724.0,,,78650.0,,
C:\Users\Gajendra\Desktop\D3_MONAI\Datasets\UTA4\mm\p2_9cfd047c-14f1-45c3-aadc-02ec90feeae9\IM169,,False,,51.69178750112757,,,762.0,,,78576.0,,
C:\Users\Gajendra\Desktop\D3_MONAI\Datasets\UTA4\mm\p2_9cfd047c-14f1-45c3-aadc-02ec90feeae9\IM17,,False,,56.877013556474594,,,703.0,,,79200.0,,
C:\Users\Gajendra\Desktop\D3_MONAI\Datasets\UTA4\mm\p2_9cfd047c-14f1-45c3-aadc-02ec90feeae9\IM170,,False,,53.136333213794565,,,771.0,,,78548.0,,
C:\Users\Gajendra\Desktop\D3_MONAI\Datasets\UTA4\mm\p2_9cfd047c-14f1-45c3-aadc-02ec90feeae9\IM171,,False,,54.198954719702236,,,796.0,,,78516.0,,
C:\Users\Gajendra\Desktop\D3_MONAI\Datasets\UTA4\mm\p2_9cfd047c-14f1-45c3-aadc-02ec90feeae9\IM172,,False,,55.364716930433566,,,818.0,,,78410.0,,
C:\Users\Gajendra\Desktop\D3_MONAI\Datasets\UTA4\mm\p2_9cfd047c-14f1-45c3-aadc-02ec90feeae9\IM173,,False,,57.125370183445455,,,812.0,,,78576.0,,
C:\Users\Gajendra\Desktop\D3_MONAI\Datasets\UTA4\mm\p2_9cfd047c-14f1-45c3-aadc-02ec90feeae9\IM174,,False,,59.33492901418883,,,786.0,,,78426.0,,
C:\Users\Gajendra\Desktop\D3_MONAI\Datasets\UTA4\mm\p2_9cfd047c-14f1-45c3-aadc-02ec90feeae9\IM175,,False,,61.402296919062636,,,713.0,,,78600.0,,
C:\Users\Gajendra\Desktop\D3_MONAI\Datasets\UTA4\mm\p2_9cfd047c-14f1-45c3-aadc-02ec90feeae9\IM176,,False,,63.139234124294454,,,643.0,,,78518.0,,
C:\Users\Gajendra\Desktop\D3_MONAI\Datasets\UTA4\mm\p2_9cfd047c-14f1-45c3-aadc-02ec90feeae9\IM177,,False,,33.572192157004764,,,360.0,,,73116.0,,
C:\Users\Gajendra\Desktop\D3_MONAI\Datasets\UTA4\mm\p2_9cfd047c-14f1-45c3-aadc-02ec90feeae9\IM178,,False,,64.17529309348154,,,706.0,,,78444.0,,
C:\Users\Gajendra\Desktop\D3_MONAI\Datasets\UTA4\mm\p2_9cfd047c-14f1-45c3-aadc-02ec90feeae9\IM179,,False,,64.19900504858619,,,790.0,,,78396.0,,
C:\Users\Gajendra\Desktop\D3_MONAI\Datasets\UTA4\mm\p2_9cfd047c-14f1-45c3-aadc-02ec90feeae9\IM18,,False,,54.08675774198453,,,673.0,,,79372.0,,
C:\Users\Gajendra\Desktop\D3_MONAI\Datasets\UTA4\mm\p2_9cfd047c-14f1-45c3-aadc-02ec90feeae9\IM180,,False,,64.36047514581733,,,702.0,,,78360.0,,
C:\Users\Gajendra\Desktop\D3_MONAI\Datasets\UTA4\mm\p2_9cfd047c-14f1-45c3-aadc-02ec90feeae9\IM181,,False,,67.89507385816181,,,703.0,,,78346.0,,
C:\Users\Gajendra\Desktop\D3_MONAI\Datasets\UTA4\mm\p2_9cfd047c-14f1-45c3-aadc-02ec90feeae9\IM182,,False,,65.60850358505179,,,702.0,,,78402.0,,
C:\Users\Gajendra\Desktop\D3_MONAI\Datasets\UTA4\mm\p2_9cfd047c-14f1-45c3-aadc-02ec90feeae9\IM183,,False,,69.9292695801984,,,750.0,,,78384.0,,
C:\Users\Gajendra\Desktop\D3_MONAI\Datasets\UTA4\mm\p2_9cfd047c-14f1-45c3-aadc-02ec90feeae9\IM184,,False,,70.9264332342122,,,772.0,,,78318.0,,
C:\Users\Gajendra\Desktop\D3_MONAI\Datasets\UTA4\mm\p2_9cfd047c-14f1-45c3-aadc-02ec90feeae9\IM185,,False,,72.81469440475402,,,821.0,,,78210.0,,
C:\Users\Gajendra\Desktop\D3_MONAI\Datasets\UTA4\mm\p2_9cfd047c-14f1-45c3-aadc-02ec90feeae9\IM186,,False,,75.5563811612368,,,932.0,,,78126.0,,
C:\Users\Gajendra\Desktop\D3_MONAI\Datasets\UTA4\mm\p2_9cfd047c-14f1-45c3-aadc-02ec90feeae9\IM187,,False,,76.26257723001426,,,823.0,,,78026.0,,
C:\Users\Gajendra\Desktop\D3_MONAI\Datasets\UTA4\mm\p2_9cfd047c-14f1-45c3-aadc-02ec90feeae9\IM188,,False,,33.828388333662694,,,362.0,,,72644.0,,
C:\Users\Gajendra\Desktop\D3_MONAI\Datasets\UTA4\mm\p2_9cfd047c-14f1-45c3-aadc-02ec90feeae9\IM189,,False,,75.04994478987285,,,800.0,,,78040.0,,
C:\Users\Gajendra\Desktop\D3_MONAI\Datasets\UTA4\mm\p2_9cfd047c-14f1-45c3-aadc-02ec90feeae9\IM19,,False,,51.8205209524413,,,667.0,,,79384.0,,
C:\Users\Gajendra\Desktop\D3_MONAI\Datasets\UTA4\mm\p2_9cfd047c-14f1-45c3-aadc-02ec90feeae9\IM190,,False,,74.17227679182449,,,773.0,,,78096.0,,
C:\Users\Gajendra\Desktop\D3_MONAI\Datasets\UTA4\mm\p2_9cfd047c-14f1-45c3-aadc-02ec90feeae9\IM191,,False,,73.78658968225004,,,815.0,,,77842.0,,
C:\Users\Gajendra\Desktop\D3_MONAI\Datasets\UTA4\mm\p2_9cfd047c-14f1-45c3-aadc-02ec90feeae9\IM192,,False,,74.79541557327775,,,843.0,,,77986.0,,
C:\Users\Gajendra\Desktop\D3_MONAI\Datasets\UTA4\mm\p2_9cfd047c-14f1-45c3-aadc-02ec90feeae9\IM193,,False,,78.60601625740594,,,793.0,,,78088.0,,
C:\Users\Gajendra\Desktop\D3_MONAI\Datasets\UTA4\mm\p2_9cfd047c-14f1-45c3-aadc-02ec90feeae9\IM194,,False,,79.12813907772835,,,822.0,,,78164.0,,
C:\Users\Gajendra\Desktop\D3_MONAI\Datasets\UTA4\mm\p2_9cfd047c-14f1-45c3-aadc-02ec90feeae9\IM195,,False,,72.9278281801329,,,721.0,,,77990.0,,
C:\Users\Gajendra\Desktop\D3_MONAI\Datasets\UTA4\mm\p2_9cfd047c-14f1-45c3-aadc-02ec90feeae9\IM196,,False,,64.52588357278624,,,444.0,,,77500.0,,
C:\Users\Gajendra\Desktop\D3_MONAI\Datasets\UTA4\mm\p2_9cfd047c-14f1-45c3-aadc-02ec90feeae9\IM197,,False,,54.78672809914994,,,413.0,,,77108.0,,
C:\Users\Gajendra\Desktop\D3_MONAI\Datasets\UTA4\mm\p2_9cfd047c-14f1-45c3-aadc-02ec90feeae9\IM198,,False,,45.83384180063076,,,343.0,,,77004.0,,
C:\Users\Gajendra\Desktop\D3_MONAI\Datasets\UTA4\mm\p2_9cfd047c-14f1-45c3-aadc-02ec90feeae9\IM199,,False,,34.698565204864515,,,372.0,,,71936.0,,
C:\Users\Gajendra\Desktop\D3_MONAI\Datasets\UTA4\mm\p2_9cfd047c-14f1-45c3-aadc-02ec90feeae9\IM2,,False,,69.73132099494902,,,603.0,,,77962.0,,
C:\Users\Gajendra\Desktop\D3_MONAI\Datasets\UTA4\mm\p2_9cfd047c-14f1-45c3-aadc-02ec90feeae9\IM20,,False,,51.90303282799404,,,674.0,,,79310.0,,
C:\Users\Gajendra\Desktop\D3_MONAI\Datasets\UTA4\mm\p2_9cfd047c-14f1-45c3-aadc-02ec90feeae9\IM200,,False,,42.590704089574274,,,299.0,,,76890.0,,
C:\Users\Gajendra\Desktop\D3_MONAI\Datasets\UTA4\mm\p2_9cfd047c-14f1-45c3-aadc-02ec90feeae9\IM201,,False,,41.82421285639574,,,279.0,,,76682.0,,
C:\Users\Gajendra\Desktop\D3_MONAI\Datasets\UTA4\mm\p2_9cfd047c-14f1-45c3-aadc-02ec90feeae9\IM202,,False,,41.168048972143914,,,284.0,,,76400.0,,
C:\Users\Gajendra\Desktop\D3_MONAI\Datasets\UTA4\mm\p2_9cfd047c-14f1-45c3-aadc-02ec90feeae9\IM203,,False,,40.37592537782559,,,301.0,,,76130.0,,
C:\Users\Gajendra\Desktop\D3_MONAI\Datasets\UTA4\mm\p2_9cfd047c-14f1-45c3-aadc-02ec90feeae9\IM204,,False,,40.73316559415666,,,289.0,,,76226.0,,
C:\Users\Gajendra\Desktop\D3_MONAI\Datasets\UTA4\mm\p2_9cfd047c-14f1-45c3-aadc-02ec90feeae9\IM205,,False,,39.92597588471974,,,298.0,,,76324.0,,
C:\Users\Gajendra\Desktop\D3_MONAI\Datasets\UTA4\mm\p2_9cfd047c-14f1-45c3-aadc-02ec90feeae9\IM206,,False,,39.63476799610335,,,308.0,,,76346.0,,
C:\Users\Gajendra\Desktop\D3_MONAI\Datasets\UTA4\mm\p2_9cfd047c-14f1-45c3-aadc-02ec90feeae9\IM207,,False,,39.486085157981854,,,317.0,,,76046.0,,
C:\Users\Gajendra\Desktop\D3_MONAI\Datasets\UTA4\mm\p2_9cfd047c-14f1-45c3-aadc-02ec90feeae9\IM208,,False,,39.47359667049531,,,325.0,,,75956.0,,
C:\Users\Gajendra\Desktop\D3_MONAI\Datasets\UTA4\mm\p2_9cfd047c-14f1-45c3-aadc-02ec90feeae9\IM209,,False,,39.40513984617104,,,321.0,,,75766.0,,
C:\Users\Gajendra\Desktop\D3_MONAI\Datasets\UTA4\mm\p2_9cfd047c-14f1-45c3-aadc-02ec90feeae9\IM21,,False,,31.401155650644256,,,337.0,,,70208.0,,
C:\Users\Gajendra\Desktop\D3_MONAI\Datasets\UTA4\mm\p2_9cfd047c-14f1-45c3-aadc-02ec90feeae9\IM210,,False,,35.28563212269039,,,358.0,,,71736.0,,
C:\Users\Gajendra\Desktop\D3_MONAI\Datasets\UTA4\mm\p2_9cfd047c-14f1-45c3-aadc-02ec90feeae9\IM211,,False,,39.390656180968655,,,322.0,,,75492.0,,
C:\Users\Gajendra\Desktop\D3_MONAI\Datasets\UTA4\mm\p2_9cfd047c-14f1-45c3-aadc-02ec90feeae9\IM212,,False,,39.639681506324436,,,327.0,,,75510.0,,
C:\Users\Gajendra\Desktop\D3_MONAI\Datasets\UTA4\mm\p2_9cfd047c-14f1-45c3-aadc-02ec90feeae9\IM213,,False,,39.942255834126684,,,332.0,,,75314.0,,
C:\Users\Gajendra\Desktop\D3_MONAI\Datasets\UTA4\mm\p2_9cfd047c-14f1-45c3-aadc-02ec90feeae9\IM214,,False,,40.308737801763236,,,344.0,,,75090.0,,
C:\Users\Gajendra\Desktop\D3_MONAI\Datasets\UTA4\mm\p2_9cfd047c-14f1-45c3-aadc-02ec90feeae9\IM215,,False,,40.74548698547659,,,354.0,,,75416.0,,
C:\Users\Gajendra\Desktop\D3_MONAI\Datasets\UTA4\mm\p2_9cfd047c-14f1-45c3-aadc-02ec90feeae9\IM216,,False,,41.097100183814895,,,365.0,,,75532.0,,
C:\Users\Gajendra\Desktop\D3_MONAI\Datasets\UTA4\mm\p2_9cfd047c-14f1-45c3-aadc-02ec90feeae9\IM217,,False,,41.12489416803149,,,367.0,,,75530.0,,
C:\Users\Gajendra\Desktop\D3_MONAI\Datasets\UTA4\mm\p2_9cfd047c-14f1-45c3-aadc-02ec90feeae9\IM218,,False,,40.919266625549874,,,373.0,,,75824.0,,
C:\Users\Gajendra\Desktop\D3_MONAI\Datasets\UTA4\mm\p2_9cfd047c-14f1-45c3-aadc-02ec90feeae9\IM219,,False,,40.88999104511706,,,381.0,,,75842.0,,
C:\Users\Gajendra\Desktop\D3_MONAI\Datasets\UTA4\mm\p2_9cfd047c-14f1-45c3-aadc-02ec90feeae9\IM22,,False,,52.85499627993122,,,684.0,,,79440.0,,
C:\Users\Gajendra\Desktop\D3_MONAI\Datasets\UTA4\mm\p2_9cfd047c-14f1-45c3-aadc-02ec90feeae9\IM220,,False,,41.12575811245398,,,384.0,,,75380.0,,
C:\Users\Gajendra\Desktop\D3_MONAI\Datasets\UTA4\mm\p2_9cfd047c-14f1-45c3-aadc-02ec90feeae9\IM221,,False,,41.44315717718996,,,383.0,,,75130.0,,
C:\Users\Gajendra\Desktop\D3_MONAI\Datasets\UTA4\mm\p2_9cfd047c-14f1-45c3-aadc-02ec90feeae9\IM222,,False,,35.293922650794244,,,380.0,,,71576.0,,
C:\Users\Gajendra\Desktop\D3_MONAI\Datasets\UTA4\mm\p2_9cfd047c-14f1-45c3-aadc-02ec90feeae9\IM223,,False,,41.61633563153542,,,376.0,,,74854.0,,
C:\Users\Gajendra\Desktop\D3_MONAI\Datasets\UTA4\mm\p2_9cfd047c-14f1-45c3-aadc-02ec90feeae9\IM224,,False,,41.6261336413678,,,371.0,,,74760.0,,
C:\Users\Gajendra\Desktop\D3_MONAI\Datasets\UTA4\mm\p2_9cfd047c-14f1-45c3-aadc-02ec90feeae9\IM225,,False,,41.84079961638616,,,362.0,,,74884.0,,
C:\Users\Gajendra\Desktop\D3_MONAI\Datasets\UTA4\mm\p2_9cfd047c-14f1-45c3-aadc-02ec90feeae9\IM226,,False,,41.66935870933117,,,379.0,,,74830.0,,
C:\Users\Gajendra\Desktop\D3_MONAI\Datasets\UTA4\mm\p2_9cfd047c-14f1-45c3-aadc-02ec90feeae9\IM227,,False,,42.093390689485375,,,346.0,,,75030.0,,
C:\Users\Gajendra\Desktop\D3_MONAI\Datasets\UTA4\mm\p2_9cfd047c-14f1-45c3-aadc-02ec90feeae9\IM228,,False,,42.3371169523436,,,352.0,,,74998.0,,
C:\Users\Gajendra\Desktop\D3_MONAI\Datasets\UTA4\mm\p2_9cfd047c-14f1-45c3-aadc-02ec90feeae9\IM229,,False,,42.62490977190769,,,346.0,,,75080.0,,
C:\Users\Gajendra\Desktop\D3_MONAI\Datasets\UTA4\mm\p2_9cfd047c-14f1-45c3-aadc-02ec90feeae9\IM23,,False,,52.86779603903204,,,585.0,,,79594.0,,
C:\Users\Gajendra\Desktop\D3_MONAI\Datasets\UTA4\mm\p2_9cfd047c-14f1-45c3-aadc-02ec90feeae9\IM230,,False,,42.88892711929787,,,349.0,,,75098.0,,
C:\Users\Gajendra\Desktop\D3_MONAI\Datasets\UTA4\mm\p2_9cfd047c-14f1-45c3-aadc-02ec90feeae9\IM231,,False,,43.13020773932518,,,350.0,,,75088.0,,
C:\Users\Gajendra\Desktop\D3_MONAI\Datasets\UTA4\mm\p2_9cfd047c-14f1-45c3-aadc-02ec90feeae9\IM232,,False,,34.39054818122629,,,358.0,,,71186.0,,
C:\Users\Gajendra\Desktop\D3_MONAI\Datasets\UTA4\mm\p2_9cfd047c-14f1-45c3-aadc-02ec90feeae9\IM233,,False,,43.31775867502942,,,329.0,,,75140.0,,
C:\Users\Gajendra\Desktop\D3_MONAI\Datasets\UTA4\mm\p2_9cfd047c-14f1-45c3-aadc-02ec90feeae9\IM234,,False,,43.60778196334165,,,333.0,,,75440.0,,
C:\Users\Gajendra\Desktop\D3_MONAI\Datasets\UTA4\mm\p2_9cfd047c-14f1-45c3-aadc-02ec90feeae9\IM235,,False,,43.80952988074528,,,332.0,,,75300.0,,
C:\Users\Gajendra\Desktop\D3_MONAI\Datasets\UTA4\mm\p2_9cfd047c-14f1-45c3-aadc-02ec90feeae9\IM236,,False,,43.71807228955213,,,335.0,,,75644.0,,
C:\Users\Gajendra\Desktop\D3_MONAI\Datasets\UTA4\mm\p2_9cfd047c-14f1-45c3-aadc-02ec90feeae9\IM237,,False,,43.28532580421282,,,327.0,,,75526.0,,
C:\Users\Gajendra\Desktop\D3_MONAI\Datasets\UTA4\mm\p2_9cfd047c-14f1-45c3-aadc-02ec90feeae9\IM238,,False,,42.43199442914,,,314.0,,,75850.0,,
C:\Users\Gajendra\Desktop\D3_MONAI\Datasets\UTA4\mm\p2_9cfd047c-14f1-45c3-aadc-02ec90feeae9\IM239,,False,,42.80143448734379,,,320.0,,,75542.0,,
C:\Users\Gajendra\Desktop\D3_MONAI\Datasets\UTA4\mm\p2_9cfd047c-14f1-45c3-aadc-02ec90feeae9\IM24,,False,,52.943657905577695,,,635.0,,,79638.0,,
C:\Users\Gajendra\Desktop\D3_MONAI\Datasets\UTA4\mm\p2_9cfd047c-14f1-45c3-aadc-02ec90feeae9\IM240,,False,,42.00680036620467,,,309.0,,,75876.0,,
C:\Users\Gajendra\Desktop\D3_MONAI\Datasets\UTA4\mm\p2_9cfd047c-14f1-45c3-aadc-02ec90feeae9\IM241,,False,,41.444349318944305,,,294.0,,,75730.0,,
C:\Users\Gajendra\Desktop\D3_MONAI\Datasets\UTA4\mm\p2_9cfd047c-14f1-45c3-aadc-02ec90feeae9\IM242,,False,,40.816754240109915,,,284.0,,,75670.0,,
C:\Users\Gajendra\Desktop\D3_MONAI\Datasets\UTA4\mm\p2_9cfd047c-14f1-45c3-aadc-02ec90feeae9\IM243,,False,,33.47201655365583,,,330.0,,,70940.0,,
C:\Users\Gajendra\Desktop\D3_MONAI\Datasets\UTA4\mm\p2_9cfd047c-14f1-45c3-aadc-02ec90feeae9\IM244,,False,,40.43452974856582,,,274.0,,,75774.0,,
C:\Users\Gajendra\Desktop\D3_MONAI\Datasets\UTA4\mm\p2_9cfd047c-14f1-45c3-aadc-02ec90feeae9\IM245,,False,,40.23496527344786,,,275.0,,,76084.0,,
C:\Users\Gajendra\Desktop\D3_MONAI\Datasets\UTA4\mm\p2_9cfd047c-14f1-45c3-aadc-02ec90feeae9\IM246,,False,,40.434555689268805,,,269.0,,,76018.0,,
C:\Users\Gajendra\Desktop\D3_MONAI\Datasets\UTA4\mm\p2_9cfd047c-14f1-45c3-aadc-02ec90feeae9\IM247,,False,,41.42693360057314,,,283.0,,,76162.0,,
C:\Users\Gajendra\Desktop\D3_MONAI\Datasets\UTA4\mm\p2_9cfd047c-14f1-45c3-aadc-02ec90feeae9\IM248,,False,,43.18788496326613,,,298.0,,,76302.0,,
C:\Users\Gajendra\Desktop\D3_MONAI\Datasets\UTA4\mm\p2_9cfd047c-14f1-45c3-aadc-02ec90feeae9\IM249,,False,,45.91288130528388,,,354.0,,,76646.0,,
C:\Users\Gajendra\Desktop\D3_MONAI\Datasets\UTA4\mm\p2_9cfd047c-14f1-45c3-aadc-02ec90feeae9\IM25,,False,,52.97020453500192,,,573.0,,,79600.0,,
C:\Users\Gajendra\Desktop\D3_MONAI\Datasets\UTA4\mm\p2_9cfd047c-14f1-45c3-aadc-02ec90feeae9\IM250,,False,,49.01794341877444,,,372.0,,,76836.0,,
C:\Users\Gajendra\Desktop\D3_MONAI\Datasets\UTA4\mm\p2_9cfd047c-14f1-45c3-aadc-02ec90feeae9\IM251,,False,,52.34084488437187,,,439.0,,,77104.0,,
C:\Users\Gajendra\Desktop\D3_MONAI\Datasets\UTA4\mm\p2_9cfd047c-14f1-45c3-aadc-02ec90feeae9\IM252,,False,,56.67189369445072,,,462.0,,,77230.0,,
C:\Users\Gajendra\Desktop\D3_MONAI\Datasets\UTA4\mm\p2_9cfd047c-14f1-45c3-aadc-02ec90feeae9\IM253,,False,,61.80965322714717,,,508.0,,,77396.0,,
C:\Users\Gajendra\Desktop\D3_MONAI\Datasets\UTA4\mm\p2_9cfd047c-14f1-45c3-aadc-02ec90feeae9\IM254,,False,,32.75363620728823,,,361.0,,,70472.0,,
C:\Users\Gajendra\Desktop\D3_MONAI\Datasets\UTA4\mm\p2_9cfd047c-14f1-45c3-aadc-02ec90feeae9\IM255,,False,,25.34384871005727,,,285.0,,,67750.0,,
C:\Users\Gajendra\Desktop\D3_MONAI\Datasets\UTA4\mm\p2_9cfd047c-14f1-45c3-aadc-02ec90feeae9\IM256,,,,,,,,,,,,
C:\Users\Gajendra\Desktop\D3_MONAI\Datasets\UTA4\mm\p2_9cfd047c-14f1-45c3-aadc-02ec90feeae9\IM257,,,,,,,,,,,,
C:\Users\Gajendra\Desktop\D3_MONAI\Datasets\UTA4\mm\p2_9cfd047c-14f1-45c3-aadc-02ec90feeae9\IM26,,False,,51.58490254075206,,,601.0,,,79498.0,,
C:\Users\Gajendra\Desktop\D3_MONAI\Datasets\UTA4\mm\p2_9cfd047c-14f1-45c3-aadc-02ec90feeae9\IM27,,False,,49.09904105345467,,,555.0,,,79708.0,,
C:\Users\Gajendra\Desktop\D3_MONAI\Datasets\UTA4\mm\p2_9cfd047c-14f1-45c3-aadc-02ec90feeae9\IM28,,False,,47.08573924531479,,,487.0,,,79702.0,,
C:\Users\Gajendra\Desktop\D3_MONAI\Datasets\UTA4\mm\p2_9cfd047c-14f1-45c3-aadc-02ec90feeae9\IM29,,False,,45.72300140882913,,,445.0,,,79758.0,,
C:\Users\Gajendra\Desktop\D3_MONAI\Datasets\UTA4\mm\p2_9cfd047c-14f1-45c3-aadc-02ec90feeae9\IM3,,False,,71.47207883940793,,,573.0,,,78430.0,,
C:\Users\Gajendra\Desktop\D3_MONAI\Datasets\UTA4\mm\p2_9cfd047c-14f1-45c3-aadc-02ec90feeae9\IM30,,False,,44.719500973972316,,,427.0,,,79656.0,,
C:\Users\Gajendra\Desktop\D3_MONAI\Datasets\UTA4\mm\p2_9cfd047c-14f1-45c3-aadc-02ec90feeae9\IM31,,False,,44.5119043694396,,,457.0,,,79650.0,,
C:\Users\Gajendra\Desktop\D3_MONAI\Datasets\UTA4\mm\p2_9cfd047c-14f1-45c3-aadc-02ec90feeae9\IM32,,False,,30.790251981610176,,,313.0,,,70018.0,,
C:\Users\Gajendra\Desktop\D3_MONAI\Datasets\UTA4\mm\p2_9cfd047c-14f1-45c3-aadc-02ec90feeae9\IM33,,False,,44.83832249277452,,,429.0,,,79638.0,,
C:\Users\Gajendra\Desktop\D3_MONAI\Datasets\UTA4\mm\p2_9cfd047c-14f1-45c3-aadc-02ec90feeae9\IM34,,False,,44.74373565972154,,,368.0,,,79504.0,,
C:\Users\Gajendra\Desktop\D3_MONAI\Datasets\UTA4\mm\p2_9cfd047c-14f1-45c3-aadc-02ec90feeae9\IM35,,False,,44.50095474249768,,,336.0,,,79460.0,,
C:\Users\Gajendra\Desktop\D3_MONAI\Datasets\UTA4\mm\p2_9cfd047c-14f1-45c3-aadc-02ec90feeae9\IM36,,False,,44.51921499164403,,,303.0,,,79526.0,,
C:\Users\Gajendra\Desktop\D3_MONAI\Datasets\UTA4\mm\p2_9cfd047c-14f1-45c3-aadc-02ec90feeae9\IM37,,False,,44.9976106404414,,,284.0,,,79638.0,,
C:\Users\Gajendra\Desktop\D3_MONAI\Datasets\UTA4\mm\p2_9cfd047c-14f1-45c3-aadc-02ec90feeae9\IM38,,False,,45.32739165685116,,,259.0,,,79530.0,,
C:\Users\Gajendra\Desktop\D3_MONAI\Datasets\UTA4\mm\p2_9cfd047c-14f1-45c3-aadc-02ec90feeae9\IM39,,False,,45.28406808086217,,,242.0,,,79516.0,,
C:\Users\Gajendra\Desktop\D3_MONAI\Datasets\UTA4\mm\p2_9cfd047c-14f1-45c3-aadc-02ec90feeae9\IM4,,False,,69.93634051433516,,,546.0,,,78890.0,,
C:\Users\Gajendra\Desktop\D3_MONAI\Datasets\UTA4\mm\p2_9cfd047c-14f1-45c3-aadc-02ec90feeae9\IM40,,False,,45.64468198634162,,,279.0,,,79564.0,,
C:\Users\Gajendra\Desktop\D3_MONAI\Datasets\UTA4\mm\p2_9cfd047c-14f1-45c3-aadc-02ec90feeae9\IM41,,False,,46.69798159813234,,,300.0,,,79340.0,,
C:\Users\Gajendra\Desktop\D3_MONAI\Datasets\UTA4\mm\p2_9cfd047c-14f1-45c3-aadc-02ec90feeae9\IM42,,False,,47.43777168752206,,,293.0,,,79480.0,,
C:\Users\Gajendra\Desktop\D3_MONAI\Datasets\UTA4\mm\p2_9cfd047c-14f1-45c3-aadc-02ec90feeae9\IM43,,False,,30.04147403236128,,,287.0,,,69638.0,,
C:\Users\Gajendra\Desktop\D3_MONAI\Datasets\UTA4\mm\p2_9cfd047c-14f1-45c3-aadc-02ec90feeae9\IM44,,False,,48.05226561273647,,,269.0,,,79440.0,,
C:\Users\Gajendra\Desktop\D3_MONAI\Datasets\UTA4\mm\p2_9cfd047c-14f1-45c3-aadc-02ec90feeae9\IM45,,False,,48.655999859605835,,,282.0,,,79348.0,,
C:\Users\Gajendra\Desktop\D3_MONAI\Datasets\UTA4\mm\p2_9cfd047c-14f1-45c3-aadc-02ec90feeae9\IM46,,False,,48.2052514000143,,,287.0,,,79356.0,,
C:\Users\Gajendra\Desktop\D3_MONAI\Datasets\UTA4\mm\p2_9cfd047c-14f1-45c3-aadc-02ec90feeae9\IM47,,False,,47.45985602620153,,,272.0,,,79350.0,,
C:\Users\Gajendra\Desktop\D3_MONAI\Datasets\UTA4\mm\p2_9cfd047c-14f1-45c3-aadc-02ec90feeae9\IM48,,False,,47.992194149329904,,,330.0,,,79226.0,,
C:\Users\Gajendra\Desktop\D3_MONAI\Datasets\UTA4\mm\p2_9cfd047c-14f1-45c3-aadc-02ec90feeae9\IM49,,False,,49.26796860554508,,,400.0,,,79300.0,,
C:\Users\Gajendra\Desktop\D3_MONAI\Datasets\UTA4\mm\p2_9cfd047c-14f1-45c3-aadc-02ec90feeae9\IM5,,False,,68.95633231823172,,,566.0,,,78618.0,,
C:\Users\Gajendra\Desktop\D3_MONAI\Datasets\UTA4\mm\p2_9cfd047c-14f1-45c3-aadc-02ec90feeae9\IM50,,False,,51.40335475823766,,,407.0,,,79242.0,,
C:\Users\Gajendra\Desktop\D3_MONAI\Datasets\UTA4\mm\p2_9cfd047c-14f1-45c3-aadc-02ec90feeae9\IM51,,False,,54.30532111344677,,,391.0,,,79306.0,,
C:\Users\Gajendra\Desktop\D3_MONAI\Datasets\UTA4\mm\p2_9cfd047c-14f1-45c3-aadc-02ec90feeae9\IM52,,False,,56.259642949173774,,,384.0,,,79292.0,,
C:\Users\Gajendra\Desktop\D3_MONAI\Datasets\UTA4\mm\p2_9cfd047c-14f1-45c3-aadc-02ec90feeae9\IM53,,False,,56.75796235339372,,,393.0,,,79218.0,,
C:\Users\Gajendra\Desktop\D3_MONAI\Datasets\UTA4\mm\p2_9cfd047c-14f1-45c3-aadc-02ec90feeae9\IM54,,False,,29.114665946016764,,,303.0,,,69560.0,,
C:\Users\Gajendra\Desktop\D3_MONAI\Datasets\UTA4\mm\p2_9cfd047c-14f1-45c3-aadc-02ec90feeae9\IM55,,False,,56.832242950059324,,,414.0,,,79218.0,,
C:\Users\Gajendra\Desktop\D3_MONAI\Datasets\UTA4\mm\p2_9cfd047c-14f1-45c3-aadc-02ec90feeae9\IM56,,False,,56.4500848149698,,,423.0,,,79290.0,,
C:\Users\Gajendra\Desktop\D3_MONAI\Datasets\UTA4\mm\p2_9cfd047c-14f1-45c3-aadc-02ec90feeae9\IM57,,False,,55.5079748503829,,,398.0,,,79220.0,,
C:\Users\Gajendra\Desktop\D3_MONAI\Datasets\UTA4\mm\p2_9cfd047c-14f1-45c3-aadc-02ec90feeae9\IM58,,False,,55.12373716044614,,,418.0,,,79020.0,,
C:\Users\Gajendra\Desktop\D3_MONAI\Datasets\UTA4\mm\p2_9cfd047c-14f1-45c3-aadc-02ec90feeae9\IM59,,False,,55.30306599815508,,,416.0,,,78950.0,,
C:\Users\Gajendra\Desktop\D3_MONAI\Datasets\UTA4\mm\p2_9cfd047c-14f1-45c3-aadc-02ec90feeae9\IM6,,False,,72.7728020258879,,,576.0,,,78924.0,,
C:\Users\Gajendra\Desktop\D3_MONAI\Datasets\UTA4\mm\p2_9cfd047c-14f1-45c3-aadc-02ec90feeae9\IM60,,False,,55.52095189689238,,,409.0,,,78796.0,,
C:\Users\Gajendra\Desktop\D3_MONAI\Datasets\UTA4\mm\p2_9cfd047c-14f1-45c3-aadc-02ec90feeae9\IM61,,False,,55.354147717765336,,,485.0,,,78850.0,,
C:\Users\Gajendra\Desktop\D3_MONAI\Datasets\UTA4\mm\p2_9cfd047c-14f1-45c3-aadc-02ec90feeae9\IM62,,False,,54.44841211095436,,,445.0,,,78814.0,,
C:\Users\Gajendra\Desktop\D3_MONAI\Datasets\UTA4\mm\p2_9cfd047c-14f1-45c3-aadc-02ec90feeae9\IM63,,False,,53.275655570495324,,,546.0,,,78680.0,,
C:\Users\Gajendra\Desktop\D3_MONAI\Datasets\UTA4\mm\p2_9cfd047c-14f1-45c3-aadc-02ec90feeae9\IM64,,False,,52.216080367995005,,,564.0,,,78556.0,,
C:\Users\Gajendra\Desktop\D3_MONAI\Datasets\UTA4\mm\p2_9cfd047c-14f1-45c3-aadc-02ec90feeae9\IM65,,False,,28.236422806663498,,,312.0,,,69238.0,,
C:\Users\Gajendra\Desktop\D3_MONAI\Datasets\UTA4\mm\p2_9cfd047c-14f1-45c3-aadc-02ec90feeae9\IM66,,False,,51.92660817885063,,,476.0,,,78344.0,,
C:\Users\Gajendra\Desktop\D3_MONAI\Datasets\UTA4\mm\p2_9cfd047c-14f1-45c3-aadc-02ec90feeae9\IM67,,False,,52.658427964445806,,,590.0,,,78366.0,,
C:\Users\Gajendra\Desktop\D3_MONAI\Datasets\UTA4\mm\p2_9cfd047c-14f1-45c3-aadc-02ec90feeae9\IM68,,False,,53.20911686609497,,,634.0,,,78032.0,,
C:\Users\Gajendra\Desktop\D3_MONAI\Datasets\UTA4\mm\p2_9cfd047c-14f1-45c3-aadc-02ec90feeae9\IM69,,False,,53.00556154214526,,,588.0,,,77844.0,,
C:\Users\Gajendra\Desktop\D3_MONAI\Datasets\UTA4\mm\p2_9cfd047c-14f1-45c3-aadc-02ec90feeae9\IM7,,False,,75.26317348853166,,,601.0,,,78874.0,,
C:\Users\Gajendra\Desktop\D3_MONAI\Datasets\UTA4\mm\p2_9cfd047c-14f1-45c3-aadc-02ec90feeae9\IM70,,False,,52.65354301665549,,,610.0,,,77788.0,,
C:\Users\Gajendra\Desktop\D3_MONAI\Datasets\UTA4\mm\p2_9cfd047c-14f1-45c3-aadc-02ec90feeae9\IM71,,False,,52.97080632138766,,,647.0,,,77702.0,,
C:\Users\Gajendra\Desktop\D3_MONAI\Datasets\UTA4\mm\p2_9cfd047c-14f1-45c3-aadc-02ec90feeae9\IM72,,False,,54.884357768160655,,,658.0,,,77476.0,,
C:\Users\Gajendra\Desktop\D3_MONAI\Datasets\UTA4\mm\p2_9cfd047c-14f1-45c3-aadc-02ec90feeae9\IM73,,False,,53.69319668428645,,,605.0,,,77630.0,,
C:\Users\Gajendra\Desktop\D3_MONAI\Datasets\UTA4\mm\p2_9cfd047c-14f1-45c3-aadc-02ec90feeae9\IM74,,False,,56.56810749947828,,,781.0,,,77272.0,,
C:\Users\Gajendra\Desktop\D3_MONAI\Datasets\UTA4\mm\p2_9cfd047c-14f1-45c3-aadc-02ec90feeae9\IM75,,False,,58.03819080915334,,,887.0,,,77210.0,,
C:\Users\Gajendra\Desktop\D3_MONAI\Datasets\UTA4\mm\p2_9cfd047c-14f1-45c3-aadc-02ec90feeae9\IM76,,False,,27.375014533650802,,,319.0,,,68948.0,,
C:\Users\Gajendra\Desktop\D3_MONAI\Datasets\UTA4\mm\p2_9cfd047c-14f1-45c3-aadc-02ec90feeae9\IM77,,False,,59.47194124888218,,,776.0,,,77016.0,,
C:\Users\Gajendra\Desktop\D3_MONAI\Datasets\UTA4\mm\p2_9cfd047c-14f1-45c3-aadc-02ec90feeae9\IM78,,False,,62.3728658727787,,,677.0,,,76906.0,,
C:\Users\Gajendra\Desktop\D3_MONAI\Datasets\UTA4\mm\p2_9cfd047c-14f1-45c3-aadc-02ec90feeae9\IM79,,False,,68.07683872135375,,,634.0,,,76762.0,,
C:\Users\Gajendra\Desktop\D3_MONAI\Datasets\UTA4\mm\p2_9cfd047c-14f1-45c3-aadc-02ec90feeae9\IM8,,False,,77.68728692376648,,,738.0,,,79066.0,,
C:\Users\Gajendra\Desktop\D3_MONAI\Datasets\UTA4\mm\p2_9cfd047c-14f1-45c3-aadc-02ec90feeae9\IM80,,False,,77.10920220955161,,,602.0,,,76686.0,,
C:\Users\Gajendra\Desktop\D3_MONAI\Datasets\UTA4\mm\p2_9cfd047c-14f1-45c3-aadc-02ec90feeae9\IM81,,False,,19.954709159272976,,,231.0,,,65744.0,,
C:\Users\Gajendra\Desktop\D3_MONAI\Datasets\UTA4\mm\p2_9cfd047c-14f1-45c3-aadc-02ec90feeae9\IM82,,False,,21.44333629566998,,,267.0,,,66208.0,,
C:\Users\Gajendra\Desktop\D3_MONAI\Datasets\UTA4\mm\p2_9cfd047c-14f1-45c3-aadc-02ec90feeae9\IM83,,False,,22.884726268265844,,,281.0,,,66454.0,,
C:\Users\Gajendra\Desktop\D3_MONAI\Datasets\UTA4\mm\p2_9cfd047c-14f1-45c3-aadc-02ec90feeae9\IM84,,False,,24.218184232738512,,,261.0,,,66942.0,,
C:\Users\Gajendra\Desktop\D3_MONAI\Datasets\UTA4\mm\p2_9cfd047c-14f1-45c3-aadc-02ec90feeae9\IM85,,False,,25.3171187296581,,,304.0,,,67298.0,,
C:\Users\Gajendra\Desktop\D3_MONAI\Datasets\UTA4\mm\p2_9cfd047c-14f1-45c3-aadc-02ec90feeae9\IM86,,False,,26.191081088568357,,,321.0,,,67742.0,,
C:\Users\Gajendra\Desktop\D3_MONAI\Datasets\UTA4\mm\p2_9cfd047c-14f1-45c3-aadc-02ec90feeae9\IM87,,False,,27.11519626766989,,,325.0,,,68080.0,,
C:\Users\Gajendra\Desktop\D3_MONAI\Datasets\UTA4\mm\p2_9cfd047c-14f1-45c3-aadc-02ec90feeae9\IM88,,False,,83.3898182409905,,,689.0,,,76496.0,,
C:\Users\Gajendra\Desktop\D3_MONAI\Datasets\UTA4\mm\p2_9cfd047c-14f1-45c3-aadc-02ec90feeae9\IM89,,False,,27.877533119276496,,,341.0,,,68868.0,,
C:\Users\Gajendra\Desktop\D3_MONAI\Datasets\UTA4\mm\p2_9cfd047c-14f1-45c3-aadc-02ec90feeae9\IM9,,False,,76.07996245220153,,,849.0,,,79096.0,,
C:\Users\Gajendra\Desktop\D3_MONAI\Datasets\UTA4\mm\p2_9cfd047c-14f1-45c3-aadc-02ec90feeae9\IM90,,False,,28.42233816068027,,,305.0,,,69608.0,,
C:\Users\Gajendra\Desktop\D3_MONAI\Datasets\UTA4\mm\p2_9cfd047c-14f1-45c3-aadc-02ec90feeae9\IM91,,False,,29.38445474320658,,,288.0,,,70386.0,,
C:\Users\Gajendra\Desktop\D3_MONAI\Datasets\UTA4\mm\p2_9cfd047c-14f1-45c3-aadc-02ec90feeae9\IM92,,False,,30.891860977493373,,,276.0,,,71322.0,,
C:\Users\Gajendra\Desktop\D3_MONAI\Datasets\UTA4\mm\p2_9cfd047c-14f1-45c3-aadc-02ec90feeae9\IM93,,False,,35.25308867859911,,,283.0,,,71772.0,,
C:\Users\Gajendra\Desktop\D3_MONAI\Datasets\UTA4\mm\p2_9cfd047c-14f1-45c3-aadc-02ec90feeae9\IM94,,False,,48.07205531209387,,,394.0,,,72188.0,,
C:\Users\Gajendra\Desktop\D3_MONAI\Datasets\UTA4\mm\p2_9cfd047c-14f1-45c3-aadc-02ec90feeae9\IM95,,False,,67.56266381417082,,,452.0,,,72652.0,,
C:\Users\Gajendra\Desktop\D3_MONAI\Datasets\UTA4\mm\p2_9cfd047c-14f1-45c3-aadc-02ec90feeae9\IM96,,False,,81.32620965904974,,,548.0,,,72936.0,,
C:\Users\Gajendra\Desktop\D3_MONAI\Datasets\UTA4\mm\p2_9cfd047c-14f1-45c3-aadc-02ec90feeae9\IM97,,False,,85.47637253853067,,,518.0,,,73428.0,,
C:\Users\Gajendra\Desktop\D3_MONAI\Datasets\UTA4\mm\p2_9cfd047c-14f1-45c3-aadc-02ec90feeae9\IM98,,False,,85.5645552400404,,,504.0,,,73616.0,,
C:\Users\Gajendra\Desktop\D3_MONAI\Datasets\UTA4\mm\p2_9cfd047c-14f1-45c3-aadc-02ec90feeae9\IM99,,False,,97.0083817682511,,,737.0,,,76374.0,,
C:\Users\Gajendra\Desktop\D3_MONAI\Datasets\UTA4\mm\p3_aec1f10a-a315-409e-b099-0e1c0bdc0077\IM0,,,,,,,,,,,,
C:\Users\Gajendra\Desktop\D3_MONAI\Datasets\UTA4\mm\p3_aec1f10a-a315-409e-b099-0e1c0bdc0077\IM1,,False,,36.170207538142115,,,332.0,,,108978.0,,
C:\Users\Gajendra\Desktop\D3_MONAI\Datasets\UTA4\mm\p3_aec1f10a-a315-409e-b099-0e1c0bdc0077\IM10,,False,,34.5310727202734,,,309.0,,,108540.0,,
C:\Users\Gajendra\Desktop\D3_MONAI\Datasets\UTA4\mm\p3_aec1f10a-a315-409e-b099-0e1c0bdc0077\IM100,,False,,20.03095849345014,,,174.0,,,104316.0,,
C:\Users\Gajendra\Desktop\D3_MONAI\Datasets\UTA4\mm\p3_aec1f10a-a315-409e-b099-0e1c0bdc0077\IM101,,False,,20.88370919612278,,,181.0,,,104140.0,,
C:\Users\Gajendra\Desktop\D3_MONAI\Datasets\UTA4\mm\p3_aec1f10a-a315-409e-b099-0e1c0bdc0077\IM102,,False,,21.159545953143272,,,185.0,,,104210.0,,
C:\Users\Gajendra\Desktop\D3_MONAI\Datasets\UTA4\mm\p3_aec1f10a-a315-409e-b099-0e1c0bdc0077\IM103,,False,,21.37915032987699,,,192.0,,,103862.0,,
C:\Users\Gajendra\Desktop\D3_MONAI\Datasets\UTA4\mm\p3_aec1f10a-a315-409e-b099-0e1c0bdc0077\IM104,,False,,21.61149250611679,,,183.0,,,104162.0,,
C:\Users\Gajendra\Desktop\D3_MONAI\Datasets\UTA4\mm\p3_aec1f10a-a315-409e-b099-0e1c0bdc0077\IM105,,False,,21.70520324146031,,,180.0,,,103714.0,,
C:\Users\Gajendra\Desktop\D3_MONAI\Datasets\UTA4\mm\p3_aec1f10a-a315-409e-b099-0e1c0bdc0077\IM106,,False,,21.90542158541375,,,186.0,,,104312.0,,
C:\Users\Gajendra\Desktop\D3_MONAI\Datasets\UTA4\mm\p3_aec1f10a-a315-409e-b099-0e1c0bdc0077\IM107,,False,,22.29554069925899,,,196.0,,,104172.0,,
C:\Users\Gajendra\Desktop\D3_MONAI\Datasets\UTA4\mm\p3_aec1f10a-a315-409e-b099-0e1c0bdc0077\IM108,,False,,22.691903942147032,,,184.0,,,104164.0,,
C:\Users\Gajendra\Desktop\D3_MONAI\Datasets\UTA4\mm\p3_aec1f10a-a315-409e-b099-0e1c0bdc0077\IM109,,False,,31.91095393664524,,,160.0,,,104524.0,,
C:\Users\Gajendra\Desktop\D3_MONAI\Datasets\UTA4\mm\p3_aec1f10a-a315-409e-b099-0e1c0bdc0077\IM11,,False,,26.71001062306985,,,133.0,,,104918.0,,
C:\Users\Gajendra\Desktop\D3_MONAI\Datasets\UTA4\mm\p3_aec1f10a-a315-409e-b099-0e1c0bdc0077\IM110,,False,,23.0386545519492,,,178.0,,,104262.0,,
C:\Users\Gajendra\Desktop\D3_MONAI\Datasets\UTA4\mm\p3_aec1f10a-a315-409e-b099-0e1c0bdc0077\IM111,,False,,23.361455145572485,,,180.0,,,103964.0,,
C:\Users\Gajendra\Desktop\D3_MONAI\Datasets\UTA4\mm\p3_aec1f10a-a315-409e-b099-0e1c0bdc0077\IM112,,False,,23.65611882039461,,,174.0,,,103992.0,,
C:\Users\Gajendra\Desktop\D3_MONAI\Datasets\UTA4\mm\p3_aec1f10a-a315-409e-b099-0e1c0bdc0077\IM113,,False,,23.877765703467094,,,180.0,,,103966.0,,
C:\Users\Gajendra\Desktop\D3_MONAI\Datasets\UTA4\mm\p3_aec1f10a-a315-409e-b099-0e1c0bdc0077\IM114,,False,,24.05269904776672,,,180.0,,,104258.0,,
C:\Users\Gajendra\Desktop\D3_MONAI\Datasets\UTA4\mm\p3_aec1f10a-a315-409e-b099-0e1c0bdc0077\IM115,,False,,24.534528423611658,,,148.0,,,103896.0,,
C:\Users\Gajendra\Desktop\D3_MONAI\Datasets\UTA4\mm\p3_aec1f10a-a315-409e-b099-0e1c0bdc0077\IM116,,False,,24.291810454131713,,,162.0,,,103844.0,,
C:\Users\Gajendra\Desktop\D3_MONAI\Datasets\UTA4\mm\p3_aec1f10a-a315-409e-b099-0e1c0bdc0077\IM117,,False,,24.701777569289312,,,146.0,,,104758.0,,
C:\Users\Gajendra\Desktop\D3_MONAI\Datasets\UTA4\mm\p3_aec1f10a-a315-409e-b099-0e1c0bdc0077\IM118,,False,,24.808195652631735,,,144.0,,,104194.0,,
C:\Users\Gajendra\Desktop\D3_MONAI\Datasets\UTA4\mm\p3_aec1f10a-a315-409e-b099-0e1c0bdc0077\IM119,,False,,24.93831199873148,,,138.0,,,104328.0,,
C:\Users\Gajendra\Desktop\D3_MONAI\Datasets\UTA4\mm\p3_aec1f10a-a315-409e-b099-0e1c0bdc0077\IM12,,False,,34.570187066413425,,,330.0,,,108364.0,,
C:\Users\Gajendra\Desktop\D3_MONAI\Datasets\UTA4\mm\p3_aec1f10a-a315-409e-b099-0e1c0bdc0077\IM120,,False,,31.114929427692573,,,163.0,,,104466.0,,
C:\Users\Gajendra\Desktop\D3_MONAI\Datasets\UTA4\mm\p3_aec1f10a-a315-409e-b099-0e1c0bdc0077\IM121,,False,,25.15460202625304,,,144.0,,,104032.0,,
C:\Users\Gajendra\Desktop\D3_MONAI\Datasets\UTA4\mm\p3_aec1f10a-a315-409e-b099-0e1c0bdc0077\IM122,,False,,25.350406839673862,,,156.0,,,104362.0,,
C:\Users\Gajendra\Desktop\D3_MONAI\Datasets\UTA4\mm\p3_aec1f10a-a315-409e-b099-0e1c0bdc0077\IM123,,False,,25.490968322882974,,,165.0,,,104328.0,,
C:\Users\Gajendra\Desktop\D3_MONAI\Datasets\UTA4\mm\p3_aec1f10a-a315-409e-b099-0e1c0bdc0077\IM124,,False,,25.48233694903781,,,179.0,,,103854.0,,
C:\Users\Gajendra\Desktop\D3_MONAI\Datasets\UTA4\mm\p3_aec1f10a-a315-409e-b099-0e1c0bdc0077\IM125,,False,,25.53304530164847,,,165.0,,,103882.0,,
C:\Users\Gajendra\Desktop\D3_MONAI\Datasets\UTA4\mm\p3_aec1f10a-a315-409e-b099-0e1c0bdc0077\IM126,,False,,25.84493870745983,,,205.0,,,103718.0,,
C:\Users\Gajendra\Desktop\D3_MONAI\Datasets\UTA4\mm\p3_aec1f10a-a315-409e-b099-0e1c0bdc0077\IM127,,False,,26.15528619604268,,,199.0,,,103820.0,,
C:\Users\Gajendra\Desktop\D3_MONAI\Datasets\UTA4\mm\p3_aec1f10a-a315-409e-b099-0e1c0bdc0077\IM128,,False,,26.48437587611837,,,205.0,,,104194.0,,
C:\Users\Gajendra\Desktop\D3_MONAI\Datasets\UTA4\mm\p3_aec1f10a-a315-409e-b099-0e1c0bdc0077\IM129,,False,,26.830625664115487,,,211.0,,,103884.0,,
C:\Users\Gajendra\Desktop\D3_MONAI\Datasets\UTA4\mm\p3_aec1f10a-a315-409e-b099-0e1c0bdc0077\IM13,,False,,34.389683424813384,,,329.0,,,108670.0,,
C:\Users\Gajendra\Desktop\D3_MONAI\Datasets\UTA4\mm\p3_aec1f10a-a315-409e-b099-0e1c0bdc0077\IM130,,False,,27.193769760103066,,,222.0,,,103394.0,,
C:\Users\Gajendra\Desktop\D3_MONAI\Datasets\UTA4\mm\p3_aec1f10a-a315-409e-b099-0e1c0bdc0077\IM131,,False,,30.373167382987898,,,163.0,,,104932.0,,
C:\Users\Gajendra\Desktop\D3_MONAI\Datasets\UTA4\mm\p3_aec1f10a-a315-409e-b099-0e1c0bdc0077\IM132,,False,,27.613294692517705,,,215.0,,,103838.0,,
C:\Users\Gajendra\Desktop\D3_MONAI\Datasets\UTA4\mm\p3_aec1f10a-a315-409e-b099-0e1c0bdc0077\IM133,,False,,28.07159731473469,,,208.0,,,104080.0,,
C:\Users\Gajendra\Desktop\D3_MONAI\Datasets\UTA4\mm\p3_aec1f10a-a315-409e-b099-0e1c0bdc0077\IM134,,False,,28.594266947637024,,,196.0,,,104042.0,,
C:\Users\Gajendra\Desktop\D3_MONAI\Datasets\UTA4\mm\p3_aec1f10a-a315-409e-b099-0e1c0bdc0077\IM135,,False,,29.03043835991461,,,201.0,,,103470.0,,
C:\Users\Gajendra\Desktop\D3_MONAI\Datasets\UTA4\mm\p3_aec1f10a-a315-409e-b099-0e1c0bdc0077\IM136,,False,,29.436453215232333,,,223.0,,,104084.0,,
C:\Users\Gajendra\Desktop\D3_MONAI\Datasets\UTA4\mm\p3_aec1f10a-a315-409e-b099-0e1c0bdc0077\IM137,,False,,29.91685194146954,,,236.0,,,104282.0,,
C:\Users\Gajendra\Desktop\D3_MONAI\Datasets\UTA4\mm\p3_aec1f10a-a315-409e-b099-0e1c0bdc0077\IM138,,False,,30.281615805814432,,,259.0,,,104342.0,,
C:\Users\Gajendra\Desktop\D3_MONAI\Datasets\UTA4\mm\p3_aec1f10a-a315-409e-b099-0e1c0bdc0077\IM139,,False,,30.357853521006597,,,257.0,,,104292.0,,
C:\Users\Gajendra\Desktop\D3_MONAI\Datasets\UTA4\mm\p3_aec1f10a-a315-409e-b099-0e1c0bdc0077\IM14,,False,,33.90825143100822,,,314.0,,,108090.0,,
C:\Users\Gajendra\Desktop\D3_MONAI\Datasets\UTA4\mm\p3_aec1f10a-a315-409e-b099-0e1c0bdc0077\IM140,,False,,30.31443772029296,,,261.0,,,104366.0,,
C:\Users\Gajendra\Desktop\D3_MONAI\Datasets\UTA4\mm\p3_aec1f10a-a315-409e-b099-0e1c0bdc0077\IM141,,False,,30.47092318484247,,,269.0,,,104896.0,,
C:\Users\Gajendra\Desktop\D3_MONAI\Datasets\UTA4\mm\p3_aec1f10a-a315-409e-b099-0e1c0bdc0077\IM142,,False,,29.595728097861723,,,157.0,,,104920.0,,
C:\Users\Gajendra\Desktop\D3_MONAI\Datasets\UTA4\mm\p3_aec1f10a-a315-409e-b099-0e1c0bdc0077\IM143,,False,,30.690876714121494,,,261.0,,,104516.0,,
C:\Users\Gajendra\Desktop\D3_MONAI\Datasets\UTA4\mm\p3_aec1f10a-a315-409e-b099-0e1c0bdc0077\IM144,,False,,30.84124300582952,,,252.0,,,104274.0,,
C:\Users\Gajendra\Desktop\D3_MONAI\Datasets\UTA4\mm\p3_aec1f10a-a315-409e-b099-0e1c0bdc0077\IM145,,False,,31.133764199720563,,,251.0,,,104550.0,,
C:\Users\Gajendra\Desktop\D3_MONAI\Datasets\UTA4\mm\p3_aec1f10a-a315-409e-b099-0e1c0bdc0077\IM146,,False,,31.462301832448215,,,229.0,,,105126.0,,
C:\Users\Gajendra\Desktop\D3_MONAI\Datasets\UTA4\mm\p3_aec1f10a-a315-409e-b099-0e1c0bdc0077\IM147,,False,,31.903861659948763,,,233.0,,,105628.0,,
C:\Users\Gajendra\Desktop\D3_MONAI\Datasets\UTA4\mm\p3_aec1f10a-a315-409e-b099-0e1c0bdc0077\IM148,,False,,32.29686697218491,,,251.0,,,105566.0,,
C:\Users\Gajendra\Desktop\D3_MONAI\Datasets\UTA4\mm\p3_aec1f10a-a315-409e-b099-0e1c0bdc0077\IM149,,False,,32.62751600245876,,,265.0,,,105532.0,,
C:\Users\Gajendra\Desktop\D3_MONAI\Datasets\UTA4\mm\p3_aec1f10a-a315-409e-b099-0e1c0bdc0077\IM15,,False,,33.61353407922848,,,297.0,,,108208.0,,
C:\Users\Gajendra\Desktop\D3_MONAI\Datasets\UTA4\mm\p3_aec1f10a-a315-409e-b099-0e1c0bdc0077\IM150,,False,,33.13075806612576,,,304.0,,,105838.0,,
C:\Users\Gajendra\Desktop\D3_MONAI\Datasets\UTA4\mm\p3_aec1f10a-a315-409e-b099-0e1c0bdc0077\IM151,,False,,33.50126961560469,,,291.0,,,106232.0,,
C:\Users\Gajendra\Desktop\D3_MONAI\Datasets\UTA4\mm\p3_aec1f10a-a315-409e-b099-0e1c0bdc0077\IM152,,False,,33.57437325572084,,,289.0,,,106084.0,,
C:\Users\Gajendra\Desktop\D3_MONAI\Datasets\UTA4\mm\p3_aec1f10a-a315-409e-b099-0e1c0bdc0077\IM153,,False,,28.903459631905346,,,153.0,,,105190.0,,
C:\Users\Gajendra\Desktop\D3_MONAI\Datasets\UTA4\mm\p3_aec1f10a-a315-409e-b099-0e1c0bdc0077\IM154,,False,,33.64572725550234,,,282.0,,,106518.0,,
C:\Users\Gajendra\Desktop\D3_MONAI\Datasets\UTA4\mm\p3_aec1f10a-a315-409e-b099-0e1c0bdc0077\IM155,,False,,33.66230667991124,,,271.0,,,106890.0,,
C:\Users\Gajendra\Desktop\D3_MONAI\Datasets\UTA4\mm\p3_aec1f10a-a315-409e-b099-0e1c0bdc0077\IM156,,False,,33.68597218012331,,,324.0,,,107024.0,,
C:\Users\Gajendra\Desktop\D3_MONAI\Datasets\UTA4\mm\p3_aec1f10a-a315-409e-b099-0e1c0bdc0077\IM157,,False,,33.85821031688774,,,307.0,,,107606.0,,
C:\Users\Gajendra\Desktop\D3_MONAI\Datasets\UTA4\mm\p3_aec1f10a-a315-409e-b099-0e1c0bdc0077\IM158,,False,,34.16767564168165,,,303.0,,,107862.0,,
C:\Users\Gajendra\Desktop\D3_MONAI\Datasets\UTA4\mm\p3_aec1f10a-a315-409e-b099-0e1c0bdc0077\IM159,,False,,34.40168057364817,,,275.0,,,108036.0,,
C:\Users\Gajendra\Desktop\D3_MONAI\Datasets\UTA4\mm\p3_aec1f10a-a315-409e-b099-0e1c0bdc0077\IM16,,False,,33.70098598871508,,,298.0,,,108186.0,,
C:\Users\Gajendra\Desktop\D3_MONAI\Datasets\UTA4\mm\p3_aec1f10a-a315-409e-b099-0e1c0bdc0077\IM160,,False,,34.67260285238021,,,288.0,,,108324.0,,
C:\Users\Gajendra\Desktop\D3_MONAI\Datasets\UTA4\mm\p3_aec1f10a-a315-409e-b099-0e1c0bdc0077\IM161,,False,,35.14647602885531,,,303.0,,,108656.0,,
C:\Users\Gajendra\Desktop\D3_MONAI\Datasets\UTA4\mm\p3_aec1f10a-a315-409e-b099-0e1c0bdc0077\IM162,,False,,35.58464212138468,,,324.0,,,108968.0,,
C:\Users\Gajendra\Desktop\D3_MONAI\Datasets\UTA4\mm\p3_aec1f10a-a315-409e-b099-0e1c0bdc0077\IM163,,False,,35.68187065717045,,,345.0,,,109116.0,,
C:\Users\Gajendra\Desktop\D3_MONAI\Datasets\UTA4\mm\p3_aec1f10a-a315-409e-b099-0e1c0bdc0077\IM164,,False,,28.26383918545096,,,140.0,,,104848.0,,
C:\Users\Gajendra\Desktop\D3_MONAI\Datasets\UTA4\mm\p3_aec1f10a-a315-409e-b099-0e1c0bdc0077\IM165,,False,,35.668818428477245,,,286.0,,,109214.0,,
C:\Users\Gajendra\Desktop\D3_MONAI\Datasets\UTA4\mm\p3_aec1f10a-a315-409e-b099-0e1c0bdc0077\IM166,,False,,35.628344367813796,,,287.0,,,108844.0,,
C:\Users\Gajendra\Desktop\D3_MONAI\Datasets\UTA4\mm\p3_aec1f10a-a315-409e-b099-0e1c0bdc0077\IM167,,False,,35.65092009602532,,,287.0,,,109040.0,,
C:\Users\Gajendra\Desktop\D3_MONAI\Datasets\UTA4\mm\p3_aec1f10a-a315-409e-b099-0e1c0bdc0077\IM168,,False,,35.72550027771445,,,282.0,,,109310.0,,
C:\Users\Gajendra\Desktop\D3_MONAI\Datasets\UTA4\mm\p3_aec1f10a-a315-409e-b099-0e1c0bdc0077\IM169,,False,,35.82777581190464,,,294.0,,,109124.0,,
C:\Users\Gajendra\Desktop\D3_MONAI\Datasets\UTA4\mm\p3_aec1f10a-a315-409e-b099-0e1c0bdc0077\IM17,,False,,33.85019347844104,,,303.0,,,108612.0,,
C:\Users\Gajendra\Desktop\D3_MONAI\Datasets\UTA4\mm\p3_aec1f10a-a315-409e-b099-0e1c0bdc0077\IM170,,False,,36.00129174751469,,,316.0,,,109318.0,,
C:\Users\Gajendra\Desktop\D3_MONAI\Datasets\UTA4\mm\p3_aec1f10a-a315-409e-b099-0e1c0bdc0077\IM171,,False,,36.30106544088748,,,333.0,,,109256.0,,
C:\Users\Gajendra\Desktop\D3_MONAI\Datasets\UTA4\mm\p3_aec1f10a-a315-409e-b099-0e1c0bdc0077\IM172,,False,,36.635918419850064,,,354.0,,,108640.0,,
C:\Users\Gajendra\Desktop\D3_MONAI\Datasets\UTA4\mm\p3_aec1f10a-a315-409e-b099-0e1c0bdc0077\IM173,,False,,36.72479783585896,,,324.0,,,108886.0,,
C:\Users\Gajendra\Desktop\D3_MONAI\Datasets\UTA4\mm\p3_aec1f10a-a315-409e-b099-0e1c0bdc0077\IM174,,False,,36.466696330279696,,,344.0,,,108816.0,,
C:\Users\Gajendra\Desktop\D3_MONAI\Datasets\UTA4\mm\p3_aec1f10a-a315-409e-b099-0e1c0bdc0077\IM175,,False,,27.483509565504733,,,133.0,,,105074.0,,
C:\Users\Gajendra\Desktop\D3_MONAI\Datasets\UTA4\mm\p3_aec1f10a-a315-409e-b099-0e1c0bdc0077\IM176,,False,,17.841712036795283,,,101.0,,,105108.0,,
C:\Users\Gajendra\Desktop\D3_MONAI\Datasets\UTA4\mm\p3_aec1f10a-a315-409e-b099-0e1c0bdc0077\IM177,,,,,,,,,,,,
C:\Users\Gajendra\Desktop\D3_MONAI\Datasets\UTA4\mm\p3_aec1f10a-a315-409e-b099-0e1c0bdc0077\IM18,,False,,34.00064209446263,,,331.0,,,108068.0,,
C:\Users\Gajendra\Desktop\D3_MONAI\Datasets\UTA4\mm\p3_aec1f10a-a315-409e-b099-0e1c0bdc0077\IM19,,False,,34.221355305741135,,,331.0,,,108260.0,,
C:\Users\Gajendra\Desktop\D3_MONAI\Datasets\UTA4\mm\p3_aec1f10a-a315-409e-b099-0e1c0bdc0077\IM2,,False,,36.16279385609339,,,314.0,,,108732.0,,
C:\Users\Gajendra\Desktop\D3_MONAI\Datasets\UTA4\mm\p3_aec1f10a-a315-409e-b099-0e1c0bdc0077\IM20,,False,,34.32400401206792,,,336.0,,,108314.0,,
C:\Users\Gajendra\Desktop\D3_MONAI\Datasets\UTA4\mm\p3_aec1f10a-a315-409e-b099-0e1c0bdc0077\IM21,,False,,34.433692146349124,,,315.0,,,107842.0,,
C:\Users\Gajendra\Desktop\D3_MONAI\Datasets\UTA4\mm\p3_aec1f10a-a315-409e-b099-0e1c0bdc0077\IM22,,False,,25.934153236734083,,,135.0,,,105090.0,,
C:\Users\Gajendra\Desktop\D3_MONAI\Datasets\UTA4\mm\p3_aec1f10a-a315-409e-b099-0e1c0bdc0077\IM23,,False,,34.58122867322078,,,325.0,,,108162.0,,
C:\Users\Gajendra\Desktop\D3_MONAI\Datasets\UTA4\mm\p3_aec1f10a-a315-409e-b099-0e1c0bdc0077\IM24,,False,,34.56592101753242,,,335.0,,,108832.0,,
C:\Users\Gajendra\Desktop\D3_MONAI\Datasets\UTA4\mm\p3_aec1f10a-a315-409e-b099-0e1c0bdc0077\IM25,,False,,34.425612158231964,,,363.0,,,108566.0,,
C:\Users\Gajendra\Desktop\D3_MONAI\Datasets\UTA4\mm\p3_aec1f10a-a315-409e-b099-0e1c0bdc0077\IM26,,False,,34.4418328051558,,,355.0,,,108726.0,,
C:\Users\Gajendra\Desktop\D3_MONAI\Datasets\UTA4\mm\p3_aec1f10a-a315-409e-b099-0e1c0bdc0077\IM27,,False,,34.284830789843824,,,328.0,,,108872.0,,
C:\Users\Gajendra\Desktop\D3_MONAI\Datasets\UTA4\mm\p3_aec1f10a-a315-409e-b099-0e1c0bdc0077\IM28,,False,,34.16223504401431,,,327.0,,,108880.0,,
C:\Users\Gajendra\Desktop\D3_MONAI\Datasets\UTA4\mm\p3_aec1f10a-a315-409e-b099-0e1c0bdc0077\IM29,,False,,34.58397388031541,,,366.0,,,108364.0,,
C:\Users\Gajendra\Desktop\D3_MONAI\Datasets\UTA4\mm\p3_aec1f10a-a315-409e-b099-0e1c0bdc0077\IM3,,False,,36.27006360014943,,,363.0,,,108742.0,,
C:\Users\Gajendra\Desktop\D3_MONAI\Datasets\UTA4\mm\p3_aec1f10a-a315-409e-b099-0e1c0bdc0077\IM30,,False,,34.358087265029226,,,343.0,,,108710.0,,
C:\Users\Gajendra\Desktop\D3_MONAI\Datasets\UTA4\mm\p3_aec1f10a-a315-409e-b099-0e1c0bdc0077\IM31,,False,,34.61502554590114,,,371.0,,,108408.0,,
C:\Users\Gajendra\Desktop\D3_MONAI\Datasets\UTA4\mm\p3_aec1f10a-a315-409e-b099-0e1c0bdc0077\IM32,,False,,34.48455260755732,,,371.0,,,108976.0,,
C:\Users\Gajendra\Desktop\D3_MONAI\Datasets\UTA4\mm\p3_aec1f10a-a315-409e-b099-0e1c0bdc0077\IM33,,False,,25.085294514992754,,,126.0,,,105174.0,,
C:\Users\Gajendra\Desktop\D3_MONAI\Datasets\UTA4\mm\p3_aec1f10a-a315-409e-b099-0e1c0bdc0077\IM34,,False,,34.32475690512716,,,368.0,,,108406.0,,
C:\Users\Gajendra\Desktop\D3_MONAI\Datasets\UTA4\mm\p3_aec1f10a-a315-409e-b099-0e1c0bdc0077\IM35,,False,,34.28855043200727,,,355.0,,,107814.0,,
C:\Users\Gajendra\Desktop\D3_MONAI\Datasets\UTA4\mm\p3_aec1f10a-a315-409e-b099-0e1c0bdc0077\IM36,,False,,34.087810938766765,,,345.0,,,108026.0,,
C:\Users\Gajendra\Desktop\D3_MONAI\Datasets\UTA4\mm\p3_aec1f10a-a315-409e-b099-0e1c0bdc0077\IM37,,False,,34.346337364655575,,,342.0,,,107978.0,,
C:\Users\Gajendra\Desktop\D3_MONAI\Datasets\UTA4\mm\p3_aec1f10a-a315-409e-b099-0e1c0bdc0077\IM38,,False,,34.04442308828652,,,344.0,,,108412.0,,
C:\Users\Gajendra\Desktop\D3_MONAI\Datasets\UTA4\mm\p3_aec1f10a-a315-409e-b099-0e1c0bdc0077\IM39,,False,,34.536448203595405,,,364.0,,,107798.0,,
C:\Users\Gajendra\Desktop\D3_MONAI\Datasets\UTA4\mm\p3_aec1f10a-a315-409e-b099-0e1c0bdc0077\IM4,,False,,35.76685861746276,,,352.0,,,108332.0,,
C:\Users\Gajendra\Desktop\D3_MONAI\Datasets\UTA4\mm\p3_aec1f10a-a315-409e-b099-0e1c0bdc0077\IM40,,False,,34.526646859528704,,,361.0,,,107444.0,,
C:\Users\Gajendra\Desktop\D3_MONAI\Datasets\UTA4\mm\p3_aec1f10a-a315-409e-b099-0e1c0bdc0077\IM41,,False,,34.5932562144203,,,314.0,,,107010.0,,
C:\Users\Gajendra\Desktop\D3_MONAI\Datasets\UTA4\mm\p3_aec1f10a-a315-409e-b099-0e1c0bdc0077\IM42,,False,,34.63313554026269,,,305.0,,,106098.0,,
C:\Users\Gajendra\Desktop\D3_MONAI\Datasets\UTA4\mm\p3_aec1f10a-a315-409e-b099-0e1c0bdc0077\IM43,,False,,34.38499784172471,,,328.0,,,106128.0,,
C:\Users\Gajendra\Desktop\D3_MONAI\Datasets\UTA4\mm\p3_aec1f10a-a315-409e-b099-0e1c0bdc0077\IM44,,False,,24.138778422046915,,,128.0,,,105212.0,,
C:\Users\Gajendra\Desktop\D3_MONAI\Datasets\UTA4\mm\p3_aec1f10a-a315-409e-b099-0e1c0bdc0077\IM45,,False,,34.33235239495066,,,355.0,,,106196.0,,
C:\Users\Gajendra\Desktop\D3_MONAI\Datasets\UTA4\mm\p3_aec1f10a-a315-409e-b099-0e1c0bdc0077\IM46,,False,,34.52900372728354,,,345.0,,,105934.0,,
C:\Users\Gajendra\Desktop\D3_MONAI\Datasets\UTA4\mm\p3_aec1f10a-a315-409e-b099-0e1c0bdc0077\IM47,,False,,34.717320914976,,,349.0,,,105444.0,,
C:\Users\Gajendra\Desktop\D3_MONAI\Datasets\UTA4\mm\p3_aec1f10a-a315-409e-b099-0e1c0bdc0077\IM48,,False,,34.75368007373255,,,362.0,,,105610.0,,
C:\Users\Gajendra\Desktop\D3_MONAI\Datasets\UTA4\mm\p3_aec1f10a-a315-409e-b099-0e1c0bdc0077\IM49,,False,,34.660680850267966,,,378.0,,,105208.0,,
C:\Users\Gajendra\Desktop\D3_MONAI\Datasets\UTA4\mm\p3_aec1f10a-a315-409e-b099-0e1c0bdc0077\IM5,,False,,36.255900862696855,,,354.0,,,108558.0,,
C:\Users\Gajendra\Desktop\D3_MONAI\Datasets\UTA4\mm\p3_aec1f10a-a315-409e-b099-0e1c0bdc0077\IM50,,False,,34.304244423013955,,,349.0,,,105112.0,,
C:\Users\Gajendra\Desktop\D3_MONAI\Datasets\UTA4\mm\p3_aec1f10a-a315-409e-b099-0e1c0bdc0077\IM51,,False,,33.98266337596226,,,351.0,,,104878.0,,
C:\Users\Gajendra\Desktop\D3_MONAI\Datasets\UTA4\mm\p3_aec1f10a-a315-409e-b099-0e1c0bdc0077\IM52,,False,,33.86950690801608,,,348.0,,,104418.0,,
C:\Users\Gajendra\Desktop\D3_MONAI\Datasets\UTA4\mm\p3_aec1f10a-a315-409e-b099-0e1c0bdc0077\IM53,,False,,33.77919397551295,,,289.0,,,104384.0,,
C:\Users\Gajendra\Desktop\D3_MONAI\Datasets\UTA4\mm\p3_aec1f10a-a315-409e-b099-0e1c0bdc0077\IM54,,False,,33.6836080795115,,,322.0,,,104106.0,,
C:\Users\Gajendra\Desktop\D3_MONAI\Datasets\UTA4\mm\p3_aec1f10a-a315-409e-b099-0e1c0bdc0077\IM55,,False,,23.088710497290357,,,127.0,,,105294.0,,
C:\Users\Gajendra\Desktop\D3_MONAI\Datasets\UTA4\mm\p3_aec1f10a-a315-409e-b099-0e1c0bdc0077\IM56,,False,,33.7267244981938,,,315.0,,,103898.0,,
C:\Users\Gajendra\Desktop\D3_MONAI\Datasets\UTA4\mm\p3_aec1f10a-a315-409e-b099-0e1c0bdc0077\IM57,,False,,33.886228354708315,,,331.0,,,103740.0,,
C:\Users\Gajendra\Desktop\D3_MONAI\Datasets\UTA4\mm\p3_aec1f10a-a315-409e-b099-0e1c0bdc0077\IM58,,False,,33.955237610080495,,,344.0,,,103338.0,,
C:\Users\Gajendra\Desktop\D3_MONAI\Datasets\UTA4\mm\p3_aec1f10a-a315-409e-b099-0e1c0bdc0077\IM59,,False,,34.046247259857275,,,350.0,,,103404.0,,
C:\Users\Gajendra\Desktop\D3_MONAI\Datasets\UTA4\mm\p3_aec1f10a-a315-409e-b099-0e1c0bdc0077\IM6,,False,,36.08088624924548,,,311.0,,,108290.0,,
C:\Users\Gajendra\Desktop\D3_MONAI\Datasets\UTA4\mm\p3_aec1f10a-a315-409e-b099-0e1c0bdc0077\IM60,,False,,34.11098769508281,,,380.0,,,103796.0,,
C:\Users\Gajendra\Desktop\D3_MONAI\Datasets\UTA4\mm\p3_aec1f10a-a315-409e-b099-0e1c0bdc0077\IM61,,False,,34.074689323298884,,,363.0,,,103922.0,,
C:\Users\Gajendra\Desktop\D3_MONAI\Datasets\UTA4\mm\p3_aec1f10a-a315-409e-b099-0e1c0bdc0077\IM62,,False,,34.070492229028716,,,306.0,,,103716.0,,
C:\Users\Gajendra\Desktop\D3_MONAI\Datasets\UTA4\mm\p3_aec1f10a-a315-409e-b099-0e1c0bdc0077\IM63,,False,,34.25963549086508,,,299.0,,,103716.0,,
C:\Users\Gajendra\Desktop\D3_MONAI\Datasets\UTA4\mm\p3_aec1f10a-a315-409e-b099-0e1c0bdc0077\IM64,,False,,34.593867700270856,,,258.0,,,103354.0,,
C:\Users\Gajendra\Desktop\D3_MONAI\Datasets\UTA4\mm\p3_aec1f10a-a315-409e-b099-0e1c0bdc0077\IM65,,False,,35.02592522344362,,,267.0,,,103506.0,,
C:\Users\Gajendra\Desktop\D3_MONAI\Datasets\UTA4\mm\p3_aec1f10a-a315-409e-b099-0e1c0bdc0077\IM66,,False,,21.990112926110662,,,115.0,,,105232.0,,
C:\Users\Gajendra\Desktop\D3_MONAI\Datasets\UTA4\mm\p3_aec1f10a-a315-409e-b099-0e1c0bdc0077\IM67,,False,,35.58469292560362,,,266.0,,,103194.0,,
C:\Users\Gajendra\Desktop\D3_MONAI\Datasets\UTA4\mm\p3_aec1f10a-a315-409e-b099-0e1c0bdc0077\IM68,,False,,36.18341705010028,,,260.0,,,103200.0,,
C:\Users\Gajendra\Desktop\D3_MONAI\Datasets\UTA4\mm\p3_aec1f10a-a315-409e-b099-0e1c0bdc0077\IM69,,False,,36.626610371332326,,,253.0,,,103424.0,,
C:\Users\Gajendra\Desktop\D3_MONAI\Datasets\UTA4\mm\p3_aec1f10a-a315-409e-b099-0e1c0bdc0077\IM7,,False,,35.41181569739923,,,316.0,,,108054.0,,
C:\Users\Gajendra\Desktop\D3_MONAI\Datasets\UTA4\mm\p3_aec1f10a-a315-409e-b099-0e1c0bdc0077\IM70,,False,,36.95514888072415,,,237.0,,,103736.0,,
C:\Users\Gajendra\Desktop\D3_MONAI\Datasets\UTA4\mm\p3_aec1f10a-a315-409e-b099-0e1c0bdc0077\IM71,,False,,37.29691219244442,,,247.0,,,103324.0,,
C:\Users\Gajendra\Desktop\D3_MONAI\Datasets\UTA4\mm\p3_aec1f10a-a315-409e-b099-0e1c0bdc0077\IM72,,False,,37.61749091929201,,,241.0,,,103148.0,,
C:\Users\Gajendra\Desktop\D3_MONAI\Datasets\UTA4\mm\p3_aec1f10a-a315-409e-b099-0e1c0bdc0077\IM73,,False,,37.92396252707733,,,254.0,,,103510.0,,
C:\Users\Gajendra\Desktop\D3_MONAI\Datasets\UTA4\mm\p3_aec1f10a-a315-409e-b099-0e1c0bdc0077\IM74,,False,,38.206672697118115,,,242.0,,,103596.0,,
C:\Users\Gajendra\Desktop\D3_MONAI\Datasets\UTA4\mm\p3_aec1f10a-a315-409e-b099-0e1c0bdc0077\IM75,,False,,38.49113539341191,,,239.0,,,103506.0,,
C:\Users\Gajendra\Desktop\D3_MONAI\Datasets\UTA4\mm\p3_aec1f10a-a315-409e-b099-0e1c0bdc0077\IM76,,False,,38.46359936666964,,,237.0,,,103428.0,,
C:\Users\Gajendra\Desktop\D3_MONAI\Datasets\UTA4\mm\p3_aec1f10a-a315-409e-b099-0e1c0bdc0077\IM77,,False,,20.644675454281263,,,114.0,,,105108.0,,
C:\Users\Gajendra\Desktop\D3_MONAI\Datasets\UTA4\mm\p3_aec1f10a-a315-409e-b099-0e1c0bdc0077\IM78,,False,,38.37403254763489,,,241.0,,,103434.0,,
C:\Users\Gajendra\Desktop\D3_MONAI\Datasets\UTA4\mm\p3_aec1f10a-a315-409e-b099-0e1c0bdc0077\IM79,,False,,38.27564103368167,,,209.0,,,103422.0,,
C:\Users\Gajendra\Desktop\D3_MONAI\Datasets\UTA4\mm\p3_aec1f10a-a315-409e-b099-0e1c0bdc0077\IM8,,False,,35.03707290739894,,,277.0,,,108000.0,,
C:\Users\Gajendra\Desktop\D3_MONAI\Datasets\UTA4\mm\p3_aec1f10a-a315-409e-b099-0e1c0bdc0077\IM80,,False,,38.17481376837351,,,216.0,,,103782.0,,
C:\Users\Gajendra\Desktop\D3_MONAI\Datasets\UTA4\mm\p3_aec1f10a-a315-409e-b099-0e1c0bdc0077\IM81,,False,,38.111625270503716,,,214.0,,,103658.0,,
C:\Users\Gajendra\Desktop\D3_MONAI\Datasets\UTA4\mm\p3_aec1f10a-a315-409e-b099-0e1c0bdc0077\IM82,,False,,37.88877010987622,,,202.0,,,103176.0,,
C:\Users\Gajendra\Desktop\D3_MONAI\Datasets\UTA4\mm\p3_aec1f10a-a315-409e-b099-0e1c0bdc0077\IM83,,False,,37.46401424193402,,,207.0,,,103818.0,,
C:\Users\Gajendra\Desktop\D3_MONAI\Datasets\UTA4\mm\p3_aec1f10a-a315-409e-b099-0e1c0bdc0077\IM84,,False,,36.992675601615005,,,202.0,,,103620.0,,
C:\Users\Gajendra\Desktop\D3_MONAI\Datasets\UTA4\mm\p3_aec1f10a-a315-409e-b099-0e1c0bdc0077\IM85,,False,,36.50773495287626,,,199.0,,,103462.0,,
C:\Users\Gajendra\Desktop\D3_MONAI\Datasets\UTA4\mm\p3_aec1f10a-a315-409e-b099-0e1c0bdc0077\IM86,,False,,35.892494726418086,,,196.0,,,103564.0,,
C:\Users\Gajendra\Desktop\D3_MONAI\Datasets\UTA4\mm\p3_aec1f10a-a315-409e-b099-0e1c0bdc0077\IM87,,False,,35.17051535646087,,,176.0,,,104084.0,,
C:\Users\Gajendra\Desktop\D3_MONAI\Datasets\UTA4\mm\p3_aec1f10a-a315-409e-b099-0e1c0bdc0077\IM88,,False,,34.38795234004969,,,181.0,,,103842.0,,
C:\Users\Gajendra\Desktop\D3_MONAI\Datasets\UTA4\mm\p3_aec1f10a-a315-409e-b099-0e1c0bdc0077\IM89,,False,,33.514197682191224,,,169.0,,,104286.0,,
C:\Users\Gajendra\Desktop\D3_MONAI\Datasets\UTA4\mm\p3_aec1f10a-a315-409e-b099-0e1c0bdc0077\IM9,,False,,34.66248865610648,,,297.0,,,108508.0,,
C:\Users\Gajendra\Desktop\D3_MONAI\Datasets\UTA4\mm\p3_aec1f10a-a315-409e-b099-0e1c0bdc0077\IM90,,False,,13.683916848631021,,,127.0,,,103924.0,,
C:\Users\Gajendra\Desktop\D3_MONAI\Datasets\UTA4\mm\p3_aec1f10a-a315-409e-b099-0e1c0bdc0077\IM91,,False,,14.82855328011463,,,138.0,,,104442.0,,
C:\Users\Gajendra\Desktop\D3_MONAI\Datasets\UTA4\mm\p3_aec1f10a-a315-409e-b099-0e1c0bdc0077\IM92,,False,,19.26536898553361,,,110.0,,,105096.0,,
C:\Users\Gajendra\Desktop\D3_MONAI\Datasets\UTA4\mm\p3_aec1f10a-a315-409e-b099-0e1c0bdc0077\IM93,,False,,15.92430431278159,,,147.0,,,104438.0,,
C:\Users\Gajendra\Desktop\D3_MONAI\Datasets\UTA4\mm\p3_aec1f10a-a315-409e-b099-0e1c0bdc0077\IM94,,False,,17.912959787746914,,,159.0,,,104384.0,,
C:\Users\Gajendra\Desktop\D3_MONAI\Datasets\UTA4\mm\p3_aec1f10a-a315-409e-b099-0e1c0bdc0077\IM95,,False,,16.955758795391002,,,157.0,,,104358.0,,
C:\Users\Gajendra\Desktop\D3_MONAI\Datasets\UTA4\mm\p3_aec1f10a-a315-409e-b099-0e1c0bdc0077\IM96,,False,,18.759089136534268,,,167.0,,,104494.0,,
C:\Users\Gajendra\Desktop\D3_MONAI\Datasets\UTA4\mm\p3_aec1f10a-a315-409e-b099-0e1c0bdc0077\IM97,,False,,19.452876016943573,,,168.0,,,104462.0,,
C:\Users\Gajendra\Desktop\D3_MONAI\Datasets\UTA4\mm\p3_aec1f10a-a315-409e-b099-0e1c0bdc0077\IM98,,False,,32.65910573637925,,,169.0,,,104320.0,,
C:\Users\Gajendra\Desktop\D3_MONAI\Datasets\UTA4\mm\p3_aec1f10a-a315-409e-b099-0e1c0bdc0077\IM99,,False,,20.488141601448184,,,177.0,,,104596.0,,
C:\Users\Gajendra\Desktop\D3_MONAI\Datasets\UTA4\sm\p1_d045f565-e0be-432c-aaab-8296b169c529\IM0,,False,,45.96081220337163,,,509.0,,,109640.0,,
C:\Users\Gajendra\Desktop\D3_MONAI\Datasets\UTA4\sm\p1_d045f565-e0be-432c-aaab-8296b169c529\IM1,,False,,46.32266861325578,,,553.0,,,109508.0,,
C:\Users\Gajendra\Desktop\D3_MONAI\Datasets\UTA4\sm\p1_d045f565-e0be-432c-aaab-8296b169c529\IM10,,False,,46.05830607778759,,,465.0,,,111172.0,,
C:\Users\Gajendra\Desktop\D3_MONAI\Datasets\UTA4\sm\p1_d045f565-e0be-432c-aaab-8296b169c529\IM100,,False,,45.53613061769995,,,427.0,,,109410.0,,
C:\Users\Gajendra\Desktop\D3_MONAI\Datasets\UTA4\sm\p1_d045f565-e0be-432c-aaab-8296b169c529\IM101,,False,,22.93627796134415,,,213.0,,,107930.0,,
C:\Users\Gajendra\Desktop\D3_MONAI\Datasets\UTA4\sm\p1_d045f565-e0be-432c-aaab-8296b169c529\IM102,,False,,24.515398132796133,,,241.0,,,108018.0,,
C:\Users\Gajendra\Desktop\D3_MONAI\Datasets\UTA4\sm\p1_d045f565-e0be-432c-aaab-8296b169c529\IM103,,False,,41.88871795626632,,,377.0,,,109042.0,,
C:\Users\Gajendra\Desktop\D3_MONAI\Datasets\UTA4\sm\p1_d045f565-e0be-432c-aaab-8296b169c529\IM104,,False,,27.437247323240225,,,270.0,,,108274.0,,
C:\Users\Gajendra\Desktop\D3_MONAI\Datasets\UTA4\sm\p1_d045f565-e0be-432c-aaab-8296b169c529\IM105,,False,,29.053861297180905,,,290.0,,,107934.0,,
C:\Users\Gajendra\Desktop\D3_MONAI\Datasets\UTA4\sm\p1_d045f565-e0be-432c-aaab-8296b169c529\IM106,,False,,30.80003608782567,,,348.0,,,108120.0,,
C:\Users\Gajendra\Desktop\D3_MONAI\Datasets\UTA4\sm\p1_d045f565-e0be-432c-aaab-8296b169c529\IM107,,False,,32.22210914164616,,,348.0,,,108250.0,,
C:\Users\Gajendra\Desktop\D3_MONAI\Datasets\UTA4\sm\p1_d045f565-e0be-432c-aaab-8296b169c529\IM108,,False,,33.829550464545996,,,339.0,,,108246.0,,
C:\Users\Gajendra\Desktop\D3_MONAI\Datasets\UTA4\sm\p1_d045f565-e0be-432c-aaab-8296b169c529\IM109,,False,,26.065180362398802,,,240.0,,,108216.0,,
C:\Users\Gajendra\Desktop\D3_MONAI\Datasets\UTA4\sm\p1_d045f565-e0be-432c-aaab-8296b169c529\IM11,,False,,47.0386626355525,,,508.0,,,111630.0,,
C:\Users\Gajendra\Desktop\D3_MONAI\Datasets\UTA4\sm\p1_d045f565-e0be-432c-aaab-8296b169c529\IM110,,False,,35.35947517291698,,,345.0,,,108526.0,,
C:\Users\Gajendra\Desktop\D3_MONAI\Datasets\UTA4\sm\p1_d045f565-e0be-432c-aaab-8296b169c529\IM111,,False,,38.12775338079515,,,418.0,,,108630.0,,
C:\Users\Gajendra\Desktop\D3_MONAI\Datasets\UTA4\sm\p1_d045f565-e0be-432c-aaab-8296b169c529\IM112,,False,,39.08653496107617,,,455.0,,,109060.0,,
C:\Users\Gajendra\Desktop\D3_MONAI\Datasets\UTA4\sm\p1_d045f565-e0be-432c-aaab-8296b169c529\IM113,,False,,39.6749058806369,,,381.0,,,109248.0,,
C:\Users\Gajendra\Desktop\D3_MONAI\Datasets\UTA4\sm\p1_d045f565-e0be-432c-aaab-8296b169c529\IM114,,False,,39.27315122844346,,,434.0,,,109114.0,,
C:\Users\Gajendra\Desktop\D3_MONAI\Datasets\UTA4\sm\p1_d045f565-e0be-432c-aaab-8296b169c529\IM115,,False,,40.550783288488,,,384.0,,,109066.0,,
C:\Users\Gajendra\Desktop\D3_MONAI\Datasets\UTA4\sm\p1_d045f565-e0be-432c-aaab-8296b169c529\IM116,,False,,36.77478415277881,,,358.0,,,108718.0,,
C:\Users\Gajendra\Desktop\D3_MONAI\Datasets\UTA4\sm\p1_d045f565-e0be-432c-aaab-8296b169c529\IM117,,False,,41.31472566396938,,,404.0,,,109222.0,,
C:\Users\Gajendra\Desktop\D3_MONAI\Datasets\UTA4\sm\p1_d045f565-e0be-432c-aaab-8296b169c529\IM118,,False,,43.709437180444205,,,550.0,,,108864.0,,
C:\Users\Gajendra\Desktop\D3_MONAI\Datasets\UTA4\sm\p1_d045f565-e0be-432c-aaab-8296b169c529\IM119,,False,,42.69987599356352,,,476.0,,,109046.0,,
C:\Users\Gajendra\Desktop\D3_MONAI\Datasets\UTA4\sm\p1_d045f565-e0be-432c-aaab-8296b169c529\IM12,,False,,46.179402926507834,,,473.0,,,111498.0,,
C:\Users\Gajendra\Desktop\D3_MONAI\Datasets\UTA4\sm\p1_d045f565-e0be-432c-aaab-8296b169c529\IM120,,False,,44.48972772375534,,,521.0,,,109174.0,,
C:\Users\Gajendra\Desktop\D3_MONAI\Datasets\UTA4\sm\p1_d045f565-e0be-432c-aaab-8296b169c529\IM121,,False,,44.91939467191333,,,486.0,,,109114.0,,
C:\Users\Gajendra\Desktop\D3_MONAI\Datasets\UTA4\sm\p1_d045f565-e0be-432c-aaab-8296b169c529\IM122,,False,,45.43319988860314,,,509.0,,,109278.0,,
C:\Users\Gajendra\Desktop\D3_MONAI\Datasets\UTA4\sm\p1_d045f565-e0be-432c-aaab-8296b169c529\IM123,,False,,41.96199352317582,,,468.0,,,109246.0,,
C:\Users\Gajendra\Desktop\D3_MONAI\Datasets\UTA4\sm\p1_d045f565-e0be-432c-aaab-8296b169c529\IM124,,False,,45.93753250265899,,,481.0,,,109572.0,,
C:\Users\Gajendra\Desktop\D3_MONAI\Datasets\UTA4\sm\p1_d045f565-e0be-432c-aaab-8296b169c529\IM125,,False,,46.09143808111578,,,504.0,,,109582.0,,
C:\Users\Gajendra\Desktop\D3_MONAI\Datasets\UTA4\sm\p1_d045f565-e0be-432c-aaab-8296b169c529\IM126,,False,,37.72802615964547,,,411.0,,,109116.0,,
C:\Users\Gajendra\Desktop\D3_MONAI\Datasets\UTA4\sm\p1_d045f565-e0be-432c-aaab-8296b169c529\IM127,,False,,16.16525402702551,,,119.0,,,107444.0,,
C:\Users\Gajendra\Desktop\D3_MONAI\Datasets\UTA4\sm\p1_d045f565-e0be-432c-aaab-8296b169c529\IM128,,,,,,,,,,,,
C:\Users\Gajendra\Desktop\D3_MONAI\Datasets\UTA4\sm\p1_d045f565-e0be-432c-aaab-8296b169c529\IM129,,,,,,,,,,,,
C:\Users\Gajendra\Desktop\D3_MONAI\Datasets\UTA4\sm\p1_d045f565-e0be-432c-aaab-8296b169c529\IM13,,False,,48.42030769936769,,,557.0,,,112300.0,,
C:\Users\Gajendra\Desktop\D3_MONAI\Datasets\UTA4\sm\p1_d045f565-e0be-432c-aaab-8296b169c529\IM14,,False,,36.29658146340716,,,367.0,,,109032.0,,
C:\Users\Gajendra\Desktop\D3_MONAI\Datasets\UTA4\sm\p1_d045f565-e0be-432c-aaab-8296b169c529\IM15,,False,,50.164662038201996,,,516.0,,,112574.0,,
C:\Users\Gajendra\Desktop\D3_MONAI\Datasets\UTA4\sm\p1_d045f565-e0be-432c-aaab-8296b169c529\IM16,,False,,49.291469056479414,,,545.0,,,112330.0,,
C:\Users\Gajendra\Desktop\D3_MONAI\Datasets\UTA4\sm\p1_d045f565-e0be-432c-aaab-8296b169c529\IM17,,False,,49.692494973477125,,,475.0,,,113438.0,,
C:\Users\Gajendra\Desktop\D3_MONAI\Datasets\UTA4\sm\p1_d045f565-e0be-432c-aaab-8296b169c529\IM18,,False,,49.8273224016915,,,482.0,,,112998.0,,
C:\Users\Gajendra\Desktop\D3_MONAI\Datasets\UTA4\sm\p1_d045f565-e0be-432c-aaab-8296b169c529\IM19,,False,,49.591429064382964,,,492.0,,,113488.0,,
C:\Users\Gajendra\Desktop\D3_MONAI\Datasets\UTA4\sm\p1_d045f565-e0be-432c-aaab-8296b169c529\IM2,,False,,46.052672987654596,,,516.0,,,109742.0,,
C:\Users\Gajendra\Desktop\D3_MONAI\Datasets\UTA4\sm\p1_d045f565-e0be-432c-aaab-8296b169c529\IM20,,False,,50.247355289454894,,,494.0,,,112660.0,,
C:\Users\Gajendra\Desktop\D3_MONAI\Datasets\UTA4\sm\p1_d045f565-e0be-432c-aaab-8296b169c529\IM21,,False,,49.53258586917703,,,477.0,,,113954.0,,
C:\Users\Gajendra\Desktop\D3_MONAI\Datasets\UTA4\sm\p1_d045f565-e0be-432c-aaab-8296b169c529\IM22,,False,,34.8465672850223,,,370.0,,,108872.0,,
C:\Users\Gajendra\Desktop\D3_MONAI\Datasets\UTA4\sm\p1_d045f565-e0be-432c-aaab-8296b169c529\IM23,,False,,49.63536966594487,,,465.0,,,114174.0,,
C:\Users\Gajendra\Desktop\D3_MONAI\Datasets\UTA4\sm\p1_d045f565-e0be-432c-aaab-8296b169c529\IM24,,False,,49.149003202039935,,,511.0,,,114286.0,,
C:\Users\Gajendra\Desktop\D3_MONAI\Datasets\UTA4\sm\p1_d045f565-e0be-432c-aaab-8296b169c529\IM25,,False,,49.45026628065083,,,552.0,,,114220.0,,
C:\Users\Gajendra\Desktop\D3_MONAI\Datasets\UTA4\sm\p1_d045f565-e0be-432c-aaab-8296b169c529\IM26,,False,,49.65164434104502,,,472.0,,,114186.0,,
C:\Users\Gajendra\Desktop\D3_MONAI\Datasets\UTA4\sm\p1_d045f565-e0be-432c-aaab-8296b169c529\IM27,,False,,50.513289921343336,,,509.0,,,114606.0,,
C:\Users\Gajendra\Desktop\D3_MONAI\Datasets\UTA4\sm\p1_d045f565-e0be-432c-aaab-8296b169c529\IM28,,False,,49.55315860922315,,,558.0,,,114112.0,,
C:\Users\Gajendra\Desktop\D3_MONAI\Datasets\UTA4\sm\p1_d045f565-e0be-432c-aaab-8296b169c529\IM29,,False,,50.35957995643361,,,560.0,,,114362.0,,
C:\Users\Gajendra\Desktop\D3_MONAI\Datasets\UTA4\sm\p1_d045f565-e0be-432c-aaab-8296b169c529\IM3,,False,,46.90265953919003,,,531.0,,,109558.0,,
C:\Users\Gajendra\Desktop\D3_MONAI\Datasets\UTA4\sm\p1_d045f565-e0be-432c-aaab-8296b169c529\IM30,,False,,49.089696099807824,,,499.0,,,114538.0,,
C:\Users\Gajendra\Desktop\D3_MONAI\Datasets\UTA4\sm\p1_d045f565-e0be-432c-aaab-8296b169c529\IM31,,False,,32.99646310364501,,,375.0,,,108914.0,,
C:\Users\Gajendra\Desktop\D3_MONAI\Datasets\UTA4\sm\p1_d045f565-e0be-432c-aaab-8296b169c529\IM32,,False,,48.64672919491748,,,495.0,,,114654.0,,
C:\Users\Gajendra\Desktop\D3_MONAI\Datasets\UTA4\sm\p1_d045f565-e0be-432c-aaab-8296b169c529\IM33,,False,,48.89761751170788,,,504.0,,,114406.0,,
C:\Users\Gajendra\Desktop\D3_MONAI\Datasets\UTA4\sm\p1_d045f565-e0be-432c-aaab-8296b169c529\IM34,,False,,51.279955277620836,,,558.0,,,114468.0,,
C:\Users\Gajendra\Desktop\D3_MONAI\Datasets\UTA4\sm\p1_d045f565-e0be-432c-aaab-8296b169c529\IM35,,False,,48.73101618348209,,,431.0,,,114798.0,,
C:\Users\Gajendra\Desktop\D3_MONAI\Datasets\UTA4\sm\p1_d045f565-e0be-432c-aaab-8296b169c529\IM36,,False,,49.57732747080794,,,502.0,,,114916.0,,
C:\Users\Gajendra\Desktop\D3_MONAI\Datasets\UTA4\sm\p1_d045f565-e0be-432c-aaab-8296b169c529\IM37,,False,,51.19820802563462,,,551.0,,,114710.0,,
C:\Users\Gajendra\Desktop\D3_MONAI\Datasets\UTA4\sm\p1_d045f565-e0be-432c-aaab-8296b169c529\IM38,,False,,48.61339928859699,,,405.0,,,114420.0,,
C:\Users\Gajendra\Desktop\D3_MONAI\Datasets\UTA4\sm\p1_d045f565-e0be-432c-aaab-8296b169c529\IM39,,False,,49.43007360427213,,,434.0,,,114696.0,,
C:\Users\Gajendra\Desktop\D3_MONAI\Datasets\UTA4\sm\p1_d045f565-e0be-432c-aaab-8296b169c529\IM4,,False,,47.16330964153147,,,506.0,,,109624.0,,
C:\Users\Gajendra\Desktop\D3_MONAI\Datasets\UTA4\sm\p1_d045f565-e0be-432c-aaab-8296b169c529\IM40,,False,,48.43299249221581,,,372.0,,,114550.0,,
C:\Users\Gajendra\Desktop\D3_MONAI\Datasets\UTA4\sm\p1_d045f565-e0be-432c-aaab-8296b169c529\IM41,,False,,51.04569044408375,,,534.0,,,114680.0,,
C:\Users\Gajendra\Desktop\D3_MONAI\Datasets\UTA4\sm\p1_d045f565-e0be-432c-aaab-8296b169c529\IM42,,False,,48.212442528254975,,,356.0,,,114416.0,,
C:\Users\Gajendra\Desktop\D3_MONAI\Datasets\UTA4\sm\p1_d045f565-e0be-432c-aaab-8296b169c529\IM43,,False,,30.729684621165937,,,336.0,,,108718.0,,
C:\Users\Gajendra\Desktop\D3_MONAI\Datasets\UTA4\sm\p1_d045f565-e0be-432c-aaab-8296b169c529\IM44,,False,,48.52144635178567,,,443.0,,,114610.0,,
C:\Users\Gajendra\Desktop\D3_MONAI\Datasets\UTA4\sm\p1_d045f565-e0be-432c-aaab-8296b169c529\IM45,,False,,49.15638766970681,,,405.0,,,114762.0,,
C:\Users\Gajendra\Desktop\D3_MONAI\Datasets\UTA4\sm\p1_d045f565-e0be-432c-aaab-8296b169c529\IM46,,False,,50.25949385562858,,,437.0,,,114778.0,,
C:\Users\Gajendra\Desktop\D3_MONAI\Datasets\UTA4\sm\p1_d045f565-e0be-432c-aaab-8296b169c529\IM47,,False,,50.618485577189084,,,458.0,,,115198.0,,
C:\Users\Gajendra\Desktop\D3_MONAI\Datasets\UTA4\sm\p1_d045f565-e0be-432c-aaab-8296b169c529\IM48,,False,,50.558939719784895,,,490.0,,,114982.0,,
C:\Users\Gajendra\Desktop\D3_MONAI\Datasets\UTA4\sm\p1_d045f565-e0be-432c-aaab-8296b169c529\IM49,,False,,48.56881244405961,,,414.0,,,114562.0,,
C:\Users\Gajendra\Desktop\D3_MONAI\Datasets\UTA4\sm\p1_d045f565-e0be-432c-aaab-8296b169c529\IM5,,False,,47.614676436893724,,,456.0,,,110410.0,,
C:\Users\Gajendra\Desktop\D3_MONAI\Datasets\UTA4\sm\p1_d045f565-e0be-432c-aaab-8296b169c529\IM50,,False,,50.514161966151256,,,472.0,,,114838.0,,
C:\Users\Gajendra\Desktop\D3_MONAI\Datasets\UTA4\sm\p1_d045f565-e0be-432c-aaab-8296b169c529\IM51,,False,,50.637558066437386,,,491.0,,,114874.0,,
C:\Users\Gajendra\Desktop\D3_MONAI\Datasets\UTA4\sm\p1_d045f565-e0be-432c-aaab-8296b169c529\IM52,,False,,51.22618405766239,,,462.0,,,114480.0,,
C:\Users\Gajendra\Desktop\D3_MONAI\Datasets\UTA4\sm\p1_d045f565-e0be-432c-aaab-8296b169c529\IM53,,False,,51.23787478138221,,,488.0,,,114452.0,,
C:\Users\Gajendra\Desktop\D3_MONAI\Datasets\UTA4\sm\p1_d045f565-e0be-432c-aaab-8296b169c529\IM54,,False,,27.685527675399097,,,327.0,,,108564.0,,
C:\Users\Gajendra\Desktop\D3_MONAI\Datasets\UTA4\sm\p1_d045f565-e0be-432c-aaab-8296b169c529\IM55,,False,,51.17217291014789,,,623.0,,,114630.0,,
C:\Users\Gajendra\Desktop\D3_MONAI\Datasets\UTA4\sm\p1_d045f565-e0be-432c-aaab-8296b169c529\IM56,,False,,50.05350523682401,,,487.0,,,115076.0,,
C:\Users\Gajendra\Desktop\D3_MONAI\Datasets\UTA4\sm\p1_d045f565-e0be-432c-aaab-8296b169c529\IM57,,False,,50.39861957291461,,,535.0,,,113824.0,,
C:\Users\Gajendra\Desktop\D3_MONAI\Datasets\UTA4\sm\p1_d045f565-e0be-432c-aaab-8296b169c529\IM58,,False,,50.63197250091761,,,602.0,,,114116.0,,
C:\Users\Gajendra\Desktop\D3_MONAI\Datasets\UTA4\sm\p1_d045f565-e0be-432c-aaab-8296b169c529\IM59,,False,,50.24408623099853,,,468.0,,,113166.0,,
C:\Users\Gajendra\Desktop\D3_MONAI\Datasets\UTA4\sm\p1_d045f565-e0be-432c-aaab-8296b169c529\IM6,,False,,48.097124520478665,,,500.0,,,109796.0,,
C:\Users\Gajendra\Desktop\D3_MONAI\Datasets\UTA4\sm\p1_d045f565-e0be-432c-aaab-8296b169c529\IM60,,False,,50.795383999340885,,,450.0,,,113580.0,,
C:\Users\Gajendra\Desktop\D3_MONAI\Datasets\UTA4\sm\p1_d045f565-e0be-432c-aaab-8296b169c529\IM61,,False,,50.048315853871486,,,588.0,,,112738.0,,
C:\Users\Gajendra\Desktop\D3_MONAI\Datasets\UTA4\sm\p1_d045f565-e0be-432c-aaab-8296b169c529\IM62,,False,,50.83785934004197,,,527.0,,,113634.0,,
C:\Users\Gajendra\Desktop\D3_MONAI\Datasets\UTA4\sm\p1_d045f565-e0be-432c-aaab-8296b169c529\IM63,,False,,50.44111845295586,,,581.0,,,112462.0,,
C:\Users\Gajendra\Desktop\D3_MONAI\Datasets\UTA4\sm\p1_d045f565-e0be-432c-aaab-8296b169c529\IM64,,False,,24.37779836659741,,,281.0,,,108136.0,,
C:\Users\Gajendra\Desktop\D3_MONAI\Datasets\UTA4\sm\p1_d045f565-e0be-432c-aaab-8296b169c529\IM65,,False,,50.7114361964377,,,542.0,,,111234.0,,
C:\Users\Gajendra\Desktop\D3_MONAI\Datasets\UTA4\sm\p1_d045f565-e0be-432c-aaab-8296b169c529\IM66,,False,,51.01033522829766,,,489.0,,,111606.0,,
C:\Users\Gajendra\Desktop\D3_MONAI\Datasets\UTA4\sm\p1_d045f565-e0be-432c-aaab-8296b169c529\IM67,,False,,50.89780116548656,,,534.0,,,111050.0,,
C:\Users\Gajendra\Desktop\D3_MONAI\Datasets\UTA4\sm\p1_d045f565-e0be-432c-aaab-8296b169c529\IM68,,False,,51.09159925149548,,,500.0,,,111022.0,,
C:\Users\Gajendra\Desktop\D3_MONAI\Datasets\UTA4\sm\p1_d045f565-e0be-432c-aaab-8296b169c529\IM69,,False,,51.250573060442555,,,491.0,,,110662.0,,
C:\Users\Gajendra\Desktop\D3_MONAI\Datasets\UTA4\sm\p1_d045f565-e0be-432c-aaab-8296b169c529\IM7,,False,,46.80649936300301,,,455.0,,,110666.0,,
C:\Users\Gajendra\Desktop\D3_MONAI\Datasets\UTA4\sm\p1_d045f565-e0be-432c-aaab-8296b169c529\IM70,,False,,51.1379095410268,,,464.0,,,112178.0,,
C:\Users\Gajendra\Desktop\D3_MONAI\Datasets\UTA4\sm\p1_d045f565-e0be-432c-aaab-8296b169c529\IM71,,False,,51.66052399848993,,,481.0,,,110338.0,,
C:\Users\Gajendra\Desktop\D3_MONAI\Datasets\UTA4\sm\p1_d045f565-e0be-432c-aaab-8296b169c529\IM72,,False,,51.724073953210116,,,498.0,,,110382.0,,
C:\Users\Gajendra\Desktop\D3_MONAI\Datasets\UTA4\sm\p1_d045f565-e0be-432c-aaab-8296b169c529\IM73,,False,,49.901720786704075,,,547.0,,,110396.0,,
C:\Users\Gajendra\Desktop\D3_MONAI\Datasets\UTA4\sm\p1_d045f565-e0be-432c-aaab-8296b169c529\IM74,,False,,21.222824596001463,,,186.0,,,108152.0,,
C:\Users\Gajendra\Desktop\D3_MONAI\Datasets\UTA4\sm\p1_d045f565-e0be-432c-aaab-8296b169c529\IM75,,False,,49.30410798220017,,,401.0,,,110338.0,,
C:\Users\Gajendra\Desktop\D3_MONAI\Datasets\UTA4\sm\p1_d045f565-e0be-432c-aaab-8296b169c529\IM76,,False,,49.474492584072514,,,444.0,,,110022.0,,
C:\Users\Gajendra\Desktop\D3_MONAI\Datasets\UTA4\sm\p1_d045f565-e0be-432c-aaab-8296b169c529\IM77,,False,,49.657725206152904,,,477.0,,,109768.0,,
C:\Users\Gajendra\Desktop\D3_MONAI\Datasets\UTA4\sm\p1_d045f565-e0be-432c-aaab-8296b169c529\IM78,,False,,49.60215655250375,,,428.0,,,110244.0,,
C:\Users\Gajendra\Desktop\D3_MONAI\Datasets\UTA4\sm\p1_d045f565-e0be-432c-aaab-8296b169c529\IM79,,False,,50.853963278146196,,,522.0,,,110430.0,,
C:\Users\Gajendra\Desktop\D3_MONAI\Datasets\UTA4\sm\p1_d045f565-e0be-432c-aaab-8296b169c529\IM8,,False,,47.862939283644444,,,520.0,,,109640.0,,
C:\Users\Gajendra\Desktop\D3_MONAI\Datasets\UTA4\sm\p1_d045f565-e0be-432c-aaab-8296b169c529\IM80,,False,,49.99587276354349,,,503.0,,,109700.0,,
C:\Users\Gajendra\Desktop\D3_MONAI\Datasets\UTA4\sm\p1_d045f565-e0be-432c-aaab-8296b169c529\IM81,,False,,50.60604318706037,,,477.0,,,109392.0,,
C:\Users\Gajendra\Desktop\D3_MONAI\Datasets\UTA4\sm\p1_d045f565-e0be-432c-aaab-8296b169c529\IM82,,False,,51.23661716141749,,,474.0,,,109376.0,,
C:\Users\Gajendra\Desktop\D3_MONAI\Datasets\UTA4\sm\p1_d045f565-e0be-432c-aaab-8296b169c529\IM83,,False,,53.04353424968319,,,497.0,,,109670.0,,
C:\Users\Gajendra\Desktop\D3_MONAI\Datasets\UTA4\sm\p1_d045f565-e0be-432c-aaab-8296b169c529\IM84,,False,,50.93782940495832,,,465.0,,,109768.0,,
C:\Users\Gajendra\Desktop\D3_MONAI\Datasets\UTA4\sm\p1_d045f565-e0be-432c-aaab-8296b169c529\IM85,,False,,51.992126528400895,,,445.0,,,109438.0,,
C:\Users\Gajendra\Desktop\D3_MONAI\Datasets\UTA4\sm\p1_d045f565-e0be-432c-aaab-8296b169c529\IM86,,False,,18.42784407120386,,,153.0,,,107838.0,,
C:\Users\Gajendra\Desktop\D3_MONAI\Datasets\UTA4\sm\p1_d045f565-e0be-432c-aaab-8296b169c529\IM87,,False,,53.248175445500415,,,517.0,,,109578.0,,
C:\Users\Gajendra\Desktop\D3_MONAI\Datasets\UTA4\sm\p1_d045f565-e0be-432c-aaab-8296b169c529\IM88,,False,,53.32703985067554,,,472.0,,,109688.0,,
C:\Users\Gajendra\Desktop\D3_MONAI\Datasets\UTA4\sm\p1_d045f565-e0be-432c-aaab-8296b169c529\IM89,,False,,53.051532665475285,,,493.0,,,109564.0,,
C:\Users\Gajendra\Desktop\D3_MONAI\Datasets\UTA4\sm\p1_d045f565-e0be-432c-aaab-8296b169c529\IM9,,False,,46.22884452359339,,,502.0,,,110946.0,,
C:\Users\Gajendra\Desktop\D3_MONAI\Datasets\UTA4\sm\p1_d045f565-e0be-432c-aaab-8296b169c529\IM90,,False,,51.7951510073279,,,417.0,,,109616.0,,
C:\Users\Gajendra\Desktop\D3_MONAI\Datasets\UTA4\sm\p1_d045f565-e0be-432c-aaab-8296b169c529\IM91,,False,,53.77248262499099,,,480.0,,,109636.0,,
C:\Users\Gajendra\Desktop\D3_MONAI\Datasets\UTA4\sm\p1_d045f565-e0be-432c-aaab-8296b169c529\IM92,,False,,53.39899505643519,,,482.0,,,109566.0,,
C:\Users\Gajendra\Desktop\D3_MONAI\Datasets\UTA4\sm\p1_d045f565-e0be-432c-aaab-8296b169c529\IM93,,False,,48.502155095842035,,,389.0,,,109418.0,,
C:\Users\Gajendra\Desktop\D3_MONAI\Datasets\UTA4\sm\p1_d045f565-e0be-432c-aaab-8296b169c529\IM94,,False,,13.267909257454605,,,140.0,,,106480.0,,
C:\Users\Gajendra\Desktop\D3_MONAI\Datasets\UTA4\sm\p1_d045f565-e0be-432c-aaab-8296b169c529\IM95,,False,,14.924303772851141,,,163.0,,,106350.0,,
C:\Users\Gajendra\Desktop\D3_MONAI\Datasets\UTA4\sm\p1_d045f565-e0be-432c-aaab-8296b169c529\IM96,,False,,18.32358747149185,,,159.0,,,107400.0,,
C:\Users\Gajendra\Desktop\D3_MONAI\Datasets\UTA4\sm\p1_d045f565-e0be-432c-aaab-8296b169c529\IM97,,False,,16.647925068635704,,,170.0,,,106904.0,,
C:\Users\Gajendra\Desktop\D3_MONAI\Datasets\UTA4\sm\p1_d045f565-e0be-432c-aaab-8296b169c529\IM98,,False,,21.31714787483452,,,208.0,,,107676.0,,
C:\Users\Gajendra\Desktop\D3_MONAI\Datasets\UTA4\sm\p1_d045f565-e0be-432c-aaab-8296b169c529\IM99,,False,,19.897827458732255,,,189.0,,,107436.0,,
C:\Users\Gajendra\Desktop\D3_MONAI\Datasets\UTA4\sm\p2_aec1f10a-a315-409e-b099-0e1c0bdc0077\IM0,,,,,,,,,,,,
C:\Users\Gajendra\Desktop\D3_MONAI\Datasets\UTA4\sm\p2_aec1f10a-a315-409e-b099-0e1c0bdc0077\IM1,,False,,36.170207538142115,,,332.0,,,108978.0,,
C:\Users\Gajendra\Desktop\D3_MONAI\Datasets\UTA4\sm\p2_aec1f10a-a315-409e-b099-0e1c0bdc0077\IM10,,False,,34.5310727202734,,,309.0,,,108540.0,,
C:\Users\Gajendra\Desktop\D3_MONAI\Datasets\UTA4\sm\p2_aec1f10a-a315-409e-b099-0e1c0bdc0077\IM100,,False,,20.03095849345014,,,174.0,,,104316.0,,
C:\Users\Gajendra\Desktop\D3_MONAI\Datasets\UTA4\sm\p2_aec1f10a-a315-409e-b099-0e1c0bdc0077\IM101,,False,,20.88370919612278,,,181.0,,,104140.0,,
C:\Users\Gajendra\Desktop\D3_MONAI\Datasets\UTA4\sm\p2_aec1f10a-a315-409e-b099-0e1c0bdc0077\IM102,,False,,21.159545953143272,,,185.0,,,104210.0,,
C:\Users\Gajendra\Desktop\D3_MONAI\Datasets\UTA4\sm\p2_aec1f10a-a315-409e-b099-0e1c0bdc0077\IM103,,False,,21.37915032987699,,,192.0,,,103862.0,,
C:\Users\Gajendra\Desktop\D3_MONAI\Datasets\UTA4\sm\p2_aec1f10a-a315-409e-b099-0e1c0bdc0077\IM104,,False,,21.61149250611679,,,183.0,,,104162.0,,
C:\Users\Gajendra\Desktop\D3_MONAI\Datasets\UTA4\sm\p2_aec1f10a-a315-409e-b099-0e1c0bdc0077\IM105,,False,,21.70520324146031,,,180.0,,,103714.0,,
C:\Users\Gajendra\Desktop\D3_MONAI\Datasets\UTA4\sm\p2_aec1f10a-a315-409e-b099-0e1c0bdc0077\IM106,,False,,21.90542158541375,,,186.0,,,104312.0,,
C:\Users\Gajendra\Desktop\D3_MONAI\Datasets\UTA4\sm\p2_aec1f10a-a315-409e-b099-0e1c0bdc0077\IM107,,False,,22.29554069925899,,,196.0,,,104172.0,,
C:\Users\Gajendra\Desktop\D3_MONAI\Datasets\UTA4\sm\p2_aec1f10a-a315-409e-b099-0e1c0bdc0077\IM108,,False,,22.691903942147032,,,184.0,,,104164.0,,
C:\Users\Gajendra\Desktop\D3_MONAI\Datasets\UTA4\sm\p2_aec1f10a-a315-409e-b099-0e1c0bdc0077\IM109,,False,,31.91095393664524,,,160.0,,,104524.0,,
C:\Users\Gajendra\Desktop\D3_MONAI\Datasets\UTA4\sm\p2_aec1f10a-a315-409e-b099-0e1c0bdc0077\IM11,,False,,26.71001062306985,,,133.0,,,104918.0,,
C:\Users\Gajendra\Desktop\D3_MONAI\Datasets\UTA4\sm\p2_aec1f10a-a315-409e-b099-0e1c0bdc0077\IM110,,False,,23.0386545519492,,,178.0,,,104262.0,,
C:\Users\Gajendra\Desktop\D3_MONAI\Datasets\UTA4\sm\p2_aec1f10a-a315-409e-b099-0e1c0bdc0077\IM111,,False,,23.361455145572485,,,180.0,,,103964.0,,
C:\Users\Gajendra\Desktop\D3_MONAI\Datasets\UTA4\sm\p2_aec1f10a-a315-409e-b099-0e1c0bdc0077\IM112,,False,,23.65611882039461,,,174.0,,,103992.0,,
C:\Users\Gajendra\Desktop\D3_MONAI\Datasets\UTA4\sm\p2_aec1f10a-a315-409e-b099-0e1c0bdc0077\IM113,,False,,23.877765703467094,,,180.0,,,103966.0,,
C:\Users\Gajendra\Desktop\D3_MONAI\Datasets\UTA4\sm\p2_aec1f10a-a315-409e-b099-0e1c0bdc0077\IM114,,False,,24.05269904776672,,,180.0,,,104258.0,,
C:\Users\Gajendra\Desktop\D3_MONAI\Datasets\UTA4\sm\p2_aec1f10a-a315-409e-b099-0e1c0bdc0077\IM115,,False,,24.534528423611658,,,148.0,,,103896.0,,
C:\Users\Gajendra\Desktop\D3_MONAI\Datasets\UTA4\sm\p2_aec1f10a-a315-409e-b099-0e1c0bdc0077\IM116,,False,,24.291810454131713,,,162.0,,,103844.0,,
C:\Users\Gajendra\Desktop\D3_MONAI\Datasets\UTA4\sm\p2_aec1f10a-a315-409e-b099-0e1c0bdc0077\IM117,,False,,24.701777569289312,,,146.0,,,104758.0,,
C:\Users\Gajendra\Desktop\D3_MONAI\Datasets\UTA4\sm\p2_aec1f10a-a315-409e-b099-0e1c0bdc0077\IM118,,False,,24.808195652631735,,,144.0,,,104194.0,,
C:\Users\Gajendra\Desktop\D3_MONAI\Datasets\UTA4\sm\p2_aec1f10a-a315-409e-b099-0e1c0bdc0077\IM119,,False,,24.93831199873148,,,138.0,,,104328.0,,
C:\Users\Gajendra\Desktop\D3_MONAI\Datasets\UTA4\sm\p2_aec1f10a-a315-409e-b099-0e1c0bdc0077\IM12,,False,,34.570187066413425,,,330.0,,,108364.0,,
C:\Users\Gajendra\Desktop\D3_MONAI\Datasets\UTA4\sm\p2_aec1f10a-a315-409e-b099-0e1c0bdc0077\IM120,,False,,31.114929427692573,,,163.0,,,104466.0,,
C:\Users\Gajendra\Desktop\D3_MONAI\Datasets\UTA4\sm\p2_aec1f10a-a315-409e-b099-0e1c0bdc0077\IM121,,False,,25.15460202625304,,,144.0,,,104032.0,,
C:\Users\Gajendra\Desktop\D3_MONAI\Datasets\UTA4\sm\p2_aec1f10a-a315-409e-b099-0e1c0bdc0077\IM122,,False,,25.350406839673862,,,156.0,,,104362.0,,
C:\Users\Gajendra\Desktop\D3_MONAI\Datasets\UTA4\sm\p2_aec1f10a-a315-409e-b099-0e1c0bdc0077\IM123,,False,,25.490968322882974,,,165.0,,,104328.0,,
C:\Users\Gajendra\Desktop\D3_MONAI\Datasets\UTA4\sm\p2_aec1f10a-a315-409e-b099-0e1c0bdc0077\IM124,,False,,25.48233694903781,,,179.0,,,103854.0,,
C:\Users\Gajendra\Desktop\D3_MONAI\Datasets\UTA4\sm\p2_aec1f10a-a315-409e-b099-0e1c0bdc0077\IM125,,False,,25.53304530164847,,,165.0,,,103882.0,,
C:\Users\Gajendra\Desktop\D3_MONAI\Datasets\UTA4\sm\p2_aec1f10a-a315-409e-b099-0e1c0bdc0077\IM126,,False,,25.84493870745983,,,205.0,,,103718.0,,
C:\Users\Gajendra\Desktop\D3_MONAI\Datasets\UTA4\sm\p2_aec1f10a-a315-409e-b099-0e1c0bdc0077\IM127,,False,,26.15528619604268,,,199.0,,,103820.0,,
C:\Users\Gajendra\Desktop\D3_MONAI\Datasets\UTA4\sm\p2_aec1f10a-a315-409e-b099-0e1c0bdc0077\IM128,,False,,26.48437587611837,,,205.0,,,104194.0,,
C:\Users\Gajendra\Desktop\D3_MONAI\Datasets\UTA4\sm\p2_aec1f10a-a315-409e-b099-0e1c0bdc0077\IM129,,False,,26.830625664115487,,,211.0,,,103884.0,,
C:\Users\Gajendra\Desktop\D3_MONAI\Datasets\UTA4\sm\p2_aec1f10a-a315-409e-b099-0e1c0bdc0077\IM13,,False,,34.389683424813384,,,329.0,,,108670.0,,
C:\Users\Gajendra\Desktop\D3_MONAI\Datasets\UTA4\sm\p2_aec1f10a-a315-409e-b099-0e1c0bdc0077\IM130,,False,,27.193769760103066,,,222.0,,,103394.0,,
C:\Users\Gajendra\Desktop\D3_MONAI\Datasets\UTA4\sm\p2_aec1f10a-a315-409e-b099-0e1c0bdc0077\IM131,,False,,30.373167382987898,,,163.0,,,104932.0,,
C:\Users\Gajendra\Desktop\D3_MONAI\Datasets\UTA4\sm\p2_aec1f10a-a315-409e-b099-0e1c0bdc0077\IM132,,False,,27.613294692517705,,,215.0,,,103838.0,,
C:\Users\Gajendra\Desktop\D3_MONAI\Datasets\UTA4\sm\p2_aec1f10a-a315-409e-b099-0e1c0bdc0077\IM133,,False,,28.07159731473469,,,208.0,,,104080.0,,
C:\Users\Gajendra\Desktop\D3_MONAI\Datasets\UTA4\sm\p2_aec1f10a-a315-409e-b099-0e1c0bdc0077\IM134,,False,,28.594266947637024,,,196.0,,,104042.0,,
C:\Users\Gajendra\Desktop\D3_MONAI\Datasets\UTA4\sm\p2_aec1f10a-a315-409e-b099-0e1c0bdc0077\IM135,,False,,29.03043835991461,,,201.0,,,103470.0,,
C:\Users\Gajendra\Desktop\D3_MONAI\Datasets\UTA4\sm\p2_aec1f10a-a315-409e-b099-0e1c0bdc0077\IM136,,False,,29.436453215232333,,,223.0,,,104084.0,,
C:\Users\Gajendra\Desktop\D3_MONAI\Datasets\UTA4\sm\p2_aec1f10a-a315-409e-b099-0e1c0bdc0077\IM137,,False,,29.91685194146954,,,236.0,,,104282.0,,
C:\Users\Gajendra\Desktop\D3_MONAI\Datasets\UTA4\sm\p2_aec1f10a-a315-409e-b099-0e1c0bdc0077\IM138,,False,,30.281615805814432,,,259.0,,,104342.0,,
C:\Users\Gajendra\Desktop\D3_MONAI\Datasets\UTA4\sm\p2_aec1f10a-a315-409e-b099-0e1c0bdc0077\IM139,,False,,30.357853521006597,,,257.0,,,104292.0,,
C:\Users\Gajendra\Desktop\D3_MONAI\Datasets\UTA4\sm\p2_aec1f10a-a315-409e-b099-0e1c0bdc0077\IM14,,False,,33.90825143100822,,,314.0,,,108090.0,,
C:\Users\Gajendra\Desktop\D3_MONAI\Datasets\UTA4\sm\p2_aec1f10a-a315-409e-b099-0e1c0bdc0077\IM140,,False,,30.31443772029296,,,261.0,,,104366.0,,
C:\Users\Gajendra\Desktop\D3_MONAI\Datasets\UTA4\sm\p2_aec1f10a-a315-409e-b099-0e1c0bdc0077\IM141,,False,,30.47092318484247,,,269.0,,,104896.0,,
C:\Users\Gajendra\Desktop\D3_MONAI\Datasets\UTA4\sm\p2_aec1f10a-a315-409e-b099-0e1c0bdc0077\IM142,,False,,29.595728097861723,,,157.0,,,104920.0,,
C:\Users\Gajendra\Desktop\D3_MONAI\Datasets\UTA4\sm\p2_aec1f10a-a315-409e-b099-0e1c0bdc0077\IM143,,False,,30.690876714121494,,,261.0,,,104516.0,,
C:\Users\Gajendra\Desktop\D3_MONAI\Datasets\UTA4\sm\p2_aec1f10a-a315-409e-b099-0e1c0bdc0077\IM144,,False,,30.84124300582952,,,252.0,,,104274.0,,
C:\Users\Gajendra\Desktop\D3_MONAI\Datasets\UTA4\sm\p2_aec1f10a-a315-409e-b099-0e1c0bdc0077\IM145,,False,,31.133764199720563,,,251.0,,,104550.0,,
C:\Users\Gajendra\Desktop\D3_MONAI\Datasets\UTA4\sm\p2_aec1f10a-a315-409e-b099-0e1c0bdc0077\IM146,,False,,31.462301832448215,,,229.0,,,105126.0,,
C:\Users\Gajendra\Desktop\D3_MONAI\Datasets\UTA4\sm\p2_aec1f10a-a315-409e-b099-0e1c0bdc0077\IM147,,False,,31.903861659948763,,,233.0,,,105628.0,,
C:\Users\Gajendra\Desktop\D3_MONAI\Datasets\UTA4\sm\p2_aec1f10a-a315-409e-b099-0e1c0bdc0077\IM148,,False,,32.29686697218491,,,251.0,,,105566.0,,
C:\Users\Gajendra\Desktop\D3_MONAI\Datasets\UTA4\sm\p2_aec1f10a-a315-409e-b099-0e1c0bdc0077\IM149,,False,,32.62751600245876,,,265.0,,,105532.0,,
C:\Users\Gajendra\Desktop\D3_MONAI\Datasets\UTA4\sm\p2_aec1f10a-a315-409e-b099-0e1c0bdc0077\IM15,,False,,33.61353407922848,,,297.0,,,108208.0,,
C:\Users\Gajendra\Desktop\D3_MONAI\Datasets\UTA4\sm\p2_aec1f10a-a315-409e-b099-0e1c0bdc0077\IM150,,False,,33.13075806612576,,,304.0,,,105838.0,,
C:\Users\Gajendra\Desktop\D3_MONAI\Datasets\UTA4\sm\p2_aec1f10a-a315-409e-b099-0e1c0bdc0077\IM151,,False,,33.50126961560469,,,291.0,,,106232.0,,
C:\Users\Gajendra\Desktop\D3_MONAI\Datasets\UTA4\sm\p2_aec1f10a-a315-409e-b099-0e1c0bdc0077\IM152,,False,,33.57437325572084,,,289.0,,,106084.0,,
C:\Users\Gajendra\Desktop\D3_MONAI\Datasets\UTA4\sm\p2_aec1f10a-a315-409e-b099-0e1c0bdc0077\IM153,,False,,28.903459631905346,,,153.0,,,105190.0,,
C:\Users\Gajendra\Desktop\D3_MONAI\Datasets\UTA4\sm\p2_aec1f10a-a315-409e-b099-0e1c0bdc0077\IM154,,False,,33.64572725550234,,,282.0,,,106518.0,,
C:\Users\Gajendra\Desktop\D3_MONAI\Datasets\UTA4\sm\p2_aec1f10a-a315-409e-b099-0e1c0bdc0077\IM155,,False,,33.66230667991124,,,271.0,,,106890.0,,
C:\Users\Gajendra\Desktop\D3_MONAI\Datasets\UTA4\sm\p2_aec1f10a-a315-409e-b099-0e1c0bdc0077\IM156,,False,,33.68597218012331,,,324.0,,,107024.0,,
C:\Users\Gajendra\Desktop\D3_MONAI\Datasets\UTA4\sm\p2_aec1f10a-a315-409e-b099-0e1c0bdc0077\IM157,,False,,33.85821031688774,,,307.0,,,107606.0,,
C:\Users\Gajendra\Desktop\D3_MONAI\Datasets\UTA4\sm\p2_aec1f10a-a315-409e-b099-0e1c0bdc0077\IM158,,False,,34.16767564168165,,,303.0,,,107862.0,,
C:\Users\Gajendra\Desktop\D3_MONAI\Datasets\UTA4\sm\p2_aec1f10a-a315-409e-b099-0e1c0bdc0077\IM159,,False,,34.40168057364817,,,275.0,,,108036.0,,
C:\Users\Gajendra\Desktop\D3_MONAI\Datasets\UTA4\sm\p2_aec1f10a-a315-409e-b099-0e1c0bdc0077\IM16,,False,,33.70098598871508,,,298.0,,,108186.0,,
C:\Users\Gajendra\Desktop\D3_MONAI\Datasets\UTA4\sm\p2_aec1f10a-a315-409e-b099-0e1c0bdc0077\IM160,,False,,34.67260285238021,,,288.0,,,108324.0,,
C:\Users\Gajendra\Desktop\D3_MONAI\Datasets\UTA4\sm\p2_aec1f10a-a315-409e-b099-0e1c0bdc0077\IM161,,False,,35.14647602885531,,,303.0,,,108656.0,,
C:\Users\Gajendra\Desktop\D3_MONAI\Datasets\UTA4\sm\p2_aec1f10a-a315-409e-b099-0e1c0bdc0077\IM162,,False,,35.58464212138468,,,324.0,,,108968.0,,
C:\Users\Gajendra\Desktop\D3_MONAI\Datasets\UTA4\sm\p2_aec1f10a-a315-409e-b099-0e1c0bdc0077\IM163,,False,,35.68187065717045,,,345.0,,,109116.0,,
C:\Users\Gajendra\Desktop\D3_MONAI\Datasets\UTA4\sm\p2_aec1f10a-a315-409e-b099-0e1c0bdc0077\IM164,,False,,28.26383918545096,,,140.0,,,104848.0,,
C:\Users\Gajendra\Desktop\D3_MONAI\Datasets\UTA4\sm\p2_aec1f10a-a315-409e-b099-0e1c0bdc0077\IM165,,False,,35.668818428477245,,,286.0,,,109214.0,,
C:\Users\Gajendra\Desktop\D3_MONAI\Datasets\UTA4\sm\p2_aec1f10a-a315-409e-b099-0e1c0bdc0077\IM166,,False,,35.628344367813796,,,287.0,,,108844.0,,
C:\Users\Gajendra\Desktop\D3_MONAI\Datasets\UTA4\sm\p2_aec1f10a-a315-409e-b099-0e1c0bdc0077\IM167,,False,,35.65092009602532,,,287.0,,,109040.0,,
C:\Users\Gajendra\Desktop\D3_MONAI\Datasets\UTA4\sm\p2_aec1f10a-a315-409e-b099-0e1c0bdc0077\IM168,,False,,35.72550027771445,,,282.0,,,109310.0,,
C:\Users\Gajendra\Desktop\D3_MONAI\Datasets\UTA4\sm\p2_aec1f10a-a315-409e-b099-0e1c0bdc0077\IM169,,False,,35.82777581190464,,,294.0,,,109124.0,,
C:\Users\Gajendra\Desktop\D3_MONAI\Datasets\UTA4\sm\p2_aec1f10a-a315-409e-b099-0e1c0bdc0077\IM17,,False,,33.85019347844104,,,303.0,,,108612.0,,
C:\Users\Gajendra\Desktop\D3_MONAI\Datasets\UTA4\sm\p2_aec1f10a-a315-409e-b099-0e1c0bdc0077\IM170,,False,,36.00129174751469,,,316.0,,,109318.0,,
C:\Users\Gajendra\Desktop\D3_MONAI\Datasets\UTA4\sm\p2_aec1f10a-a315-409e-b099-0e1c0bdc0077\IM171,,False,,36.30106544088748,,,333.0,,,109256.0,,
C:\Users\Gajendra\Desktop\D3_MONAI\Datasets\UTA4\sm\p2_aec1f10a-a315-409e-b099-0e1c0bdc0077\IM172,,False,,36.635918419850064,,,354.0,,,108640.0,,
C:\Users\Gajendra\Desktop\D3_MONAI\Datasets\UTA4\sm\p2_aec1f10a-a315-409e-b099-0e1c0bdc0077\IM173,,False,,36.72479783585896,,,324.0,,,108886.0,,
C:\Users\Gajendra\Desktop\D3_MONAI\Datasets\UTA4\sm\p2_aec1f10a-a315-409e-b099-0e1c0bdc0077\IM174,,False,,36.466696330279696,,,344.0,,,108816.0,,
C:\Users\Gajendra\Desktop\D3_MONAI\Datasets\UTA4\sm\p2_aec1f10a-a315-409e-b099-0e1c0bdc0077\IM175,,False,,27.483509565504733,,,133.0,,,105074.0,,
C:\Users\Gajendra\Desktop\D3_MONAI\Datasets\UTA4\sm\p2_aec1f10a-a315-409e-b099-0e1c0bdc0077\IM176,,False,,17.841712036795283,,,101.0,,,105108.0,,
C:\Users\Gajendra\Desktop\D3_MONAI\Datasets\UTA4\sm\p2_aec1f10a-a315-409e-b099-0e1c0bdc0077\IM177,,,,,,,,,,,,
C:\Users\Gajendra\Desktop\D3_MONAI\Datasets\UTA4\sm\p2_aec1f10a-a315-409e-b099-0e1c0bdc0077\IM18,,False,,34.00064209446263,,,331.0,,,108068.0,,
C:\Users\Gajendra\Desktop\D3_MONAI\Datasets\UTA4\sm\p2_aec1f10a-a315-409e-b099-0e1c0bdc0077\IM19,,False,,34.221355305741135,,,331.0,,,108260.0,,
C:\Users\Gajendra\Desktop\D3_MONAI\Datasets\UTA4\sm\p2_aec1f10a-a315-409e-b099-0e1c0bdc0077\IM2,,False,,36.16279385609339,,,314.0,,,108732.0,,
C:\Users\Gajendra\Desktop\D3_MONAI\Datasets\UTA4\sm\p2_aec1f10a-a315-409e-b099-0e1c0bdc0077\IM20,,False,,34.32400401206792,,,336.0,,,108314.0,,
C:\Users\Gajendra\Desktop\D3_MONAI\Datasets\UTA4\sm\p2_aec1f10a-a315-409e-b099-0e1c0bdc0077\IM21,,False,,34.433692146349124,,,315.0,,,107842.0,,
C:\Users\Gajendra\Desktop\D3_MONAI\Datasets\UTA4\sm\p2_aec1f10a-a315-409e-b099-0e1c0bdc0077\IM22,,False,,25.934153236734083,,,135.0,,,105090.0,,
C:\Users\Gajendra\Desktop\D3_MONAI\Datasets\UTA4\sm\p2_aec1f10a-a315-409e-b099-0e1c0bdc0077\IM23,,False,,34.58122867322078,,,325.0,,,108162.0,,
C:\Users\Gajendra\Desktop\D3_MONAI\Datasets\UTA4\sm\p2_aec1f10a-a315-409e-b099-0e1c0bdc0077\IM24,,False,,34.56592101753242,,,335.0,,,108832.0,,
C:\Users\Gajendra\Desktop\D3_MONAI\Datasets\UTA4\sm\p2_aec1f10a-a315-409e-b099-0e1c0bdc0077\IM25,,False,,34.425612158231964,,,363.0,,,108566.0,,
C:\Users\Gajendra\Desktop\D3_MONAI\Datasets\UTA4\sm\p2_aec1f10a-a315-409e-b099-0e1c0bdc0077\IM26,,False,,34.4418328051558,,,355.0,,,108726.0,,
C:\Users\Gajendra\Desktop\D3_MONAI\Datasets\UTA4\sm\p2_aec1f10a-a315-409e-b099-0e1c0bdc0077\IM27,,False,,34.284830789843824,,,328.0,,,108872.0,,
C:\Users\Gajendra\Desktop\D3_MONAI\Datasets\UTA4\sm\p2_aec1f10a-a315-409e-b099-0e1c0bdc0077\IM28,,False,,34.16223504401431,,,327.0,,,108880.0,,
C:\Users\Gajendra\Desktop\D3_MONAI\Datasets\UTA4\sm\p2_aec1f10a-a315-409e-b099-0e1c0bdc0077\IM29,,False,,34.58397388031541,,,366.0,,,108364.0,,
C:\Users\Gajendra\Desktop\D3_MONAI\Datasets\UTA4\sm\p2_aec1f10a-a315-409e-b099-0e1c0bdc0077\IM3,,False,,36.27006360014943,,,363.0,,,108742.0,,
C:\Users\Gajendra\Desktop\D3_MONAI\Datasets\UTA4\sm\p2_aec1f10a-a315-409e-b099-0e1c0bdc0077\IM30,,False,,34.358087265029226,,,343.0,,,108710.0,,
C:\Users\Gajendra\Desktop\D3_MONAI\Datasets\UTA4\sm\p2_aec1f10a-a315-409e-b099-0e1c0bdc0077\IM31,,False,,34.61502554590114,,,371.0,,,108408.0,,
C:\Users\Gajendra\Desktop\D3_MONAI\Datasets\UTA4\sm\p2_aec1f10a-a315-409e-b099-0e1c0bdc0077\IM32,,False,,34.48455260755732,,,371.0,,,108976.0,,
C:\Users\Gajendra\Desktop\D3_MONAI\Datasets\UTA4\sm\p2_aec1f10a-a315-409e-b099-0e1c0bdc0077\IM33,,False,,25.085294514992754,,,126.0,,,105174.0,,
C:\Users\Gajendra\Desktop\D3_MONAI\Datasets\UTA4\sm\p2_aec1f10a-a315-409e-b099-0e1c0bdc0077\IM34,,False,,34.32475690512716,,,368.0,,,108406.0,,
C:\Users\Gajendra\Desktop\D3_MONAI\Datasets\UTA4\sm\p2_aec1f10a-a315-409e-b099-0e1c0bdc0077\IM35,,False,,34.28855043200727,,,355.0,,,107814.0,,
C:\Users\Gajendra\Desktop\D3_MONAI\Datasets\UTA4\sm\p2_aec1f10a-a315-409e-b099-0e1c0bdc0077\IM36,,False,,34.087810938766765,,,345.0,,,108026.0,,
C:\Users\Gajendra\Desktop\D3_MONAI\Datasets\UTA4\sm\p2_aec1f10a-a315-409e-b099-0e1c0bdc0077\IM37,,False,,34.346337364655575,,,342.0,,,107978.0,,
C:\Users\Gajendra\Desktop\D3_MONAI\Datasets\UTA4\sm\p2_aec1f10a-a315-409e-b099-0e1c0bdc0077\IM38,,False,,34.04442308828652,,,344.0,,,108412.0,,
C:\Users\Gajendra\Desktop\D3_MONAI\Datasets\UTA4\sm\p2_aec1f10a-a315-409e-b099-0e1c0bdc0077\IM39,,False,,34.536448203595405,,,364.0,,,107798.0,,
C:\Users\Gajendra\Desktop\D3_MONAI\Datasets\UTA4\sm\p2_aec1f10a-a315-409e-b099-0e1c0bdc0077\IM4,,False,,35.76685861746276,,,352.0,,,108332.0,,
C:\Users\Gajendra\Desktop\D3_MONAI\Datasets\UTA4\sm\p2_aec1f10a-a315-409e-b099-0e1c0bdc0077\IM40,,False,,34.526646859528704,,,361.0,,,107444.0,,
C:\Users\Gajendra\Desktop\D3_MONAI\Datasets\UTA4\sm\p2_aec1f10a-a315-409e-b099-0e1c0bdc0077\IM41,,False,,34.5932562144203,,,314.0,,,107010.0,,
C:\Users\Gajendra\Desktop\D3_MONAI\Datasets\UTA4\sm\p2_aec1f10a-a315-409e-b099-0e1c0bdc0077\IM42,,False,,34.63313554026269,,,305.0,,,106098.0,,
C:\Users\Gajendra\Desktop\D3_MONAI\Datasets\UTA4\sm\p2_aec1f10a-a315-409e-b099-0e1c0bdc0077\IM43,,False,,34.38499784172471,,,328.0,,,106128.0,,
C:\Users\Gajendra\Desktop\D3_MONAI\Datasets\UTA4\sm\p2_aec1f10a-a315-409e-b099-0e1c0bdc0077\IM44,,False,,24.138778422046915,,,128.0,,,105212.0,,
C:\Users\Gajendra\Desktop\D3_MONAI\Datasets\UTA4\sm\p2_aec1f10a-a315-409e-b099-0e1c0bdc0077\IM45,,False,,34.33235239495066,,,355.0,,,106196.0,,
C:\Users\Gajendra\Desktop\D3_MONAI\Datasets\UTA4\sm\p2_aec1f10a-a315-409e-b099-0e1c0bdc0077\IM46,,False,,34.52900372728354,,,345.0,,,105934.0,,
C:\Users\Gajendra\Desktop\D3_MONAI\Datasets\UTA4\sm\p2_aec1f10a-a315-409e-b099-0e1c0bdc0077\IM47,,False,,34.717320914976,,,349.0,,,105444.0,,
C:\Users\Gajendra\Desktop\D3_MONAI\Datasets\UTA4\sm\p2_aec1f10a-a315-409e-b099-0e1c0bdc0077\IM48,,False,,34.75368007373255,,,362.0,,,105610.0,,
C:\Users\Gajendra\Desktop\D3_MONAI\Datasets\UTA4\sm\p2_aec1f10a-a315-409e-b099-0e1c0bdc0077\IM49,,False,,34.660680850267966,,,378.0,,,105208.0,,
C:\Users\Gajendra\Desktop\D3_MONAI\Datasets\UTA4\sm\p2_aec1f10a-a315-409e-b099-0e1c0bdc0077\IM5,,False,,36.255900862696855,,,354.0,,,108558.0,,
C:\Users\Gajendra\Desktop\D3_MONAI\Datasets\UTA4\sm\p2_aec1f10a-a315-409e-b099-0e1c0bdc0077\IM50,,False,,34.304244423013955,,,349.0,,,105112.0,,
C:\Users\Gajendra\Desktop\D3_MONAI\Datasets\UTA4\sm\p2_aec1f10a-a315-409e-b099-0e1c0bdc0077\IM51,,False,,33.98266337596226,,,351.0,,,104878.0,,
C:\Users\Gajendra\Desktop\D3_MONAI\Datasets\UTA4\sm\p2_aec1f10a-a315-409e-b099-0e1c0bdc0077\IM52,,False,,33.86950690801608,,,348.0,,,104418.0,,
C:\Users\Gajendra\Desktop\D3_MONAI\Datasets\UTA4\sm\p2_aec1f10a-a315-409e-b099-0e1c0bdc0077\IM53,,False,,33.77919397551295,,,289.0,,,104384.0,,
C:\Users\Gajendra\Desktop\D3_MONAI\Datasets\UTA4\sm\p2_aec1f10a-a315-409e-b099-0e1c0bdc0077\IM54,,False,,33.6836080795115,,,322.0,,,104106.0,,
C:\Users\Gajendra\Desktop\D3_MONAI\Datasets\UTA4\sm\p2_aec1f10a-a315-409e-b099-0e1c0bdc0077\IM55,,False,,23.088710497290357,,,127.0,,,105294.0,,
C:\Users\Gajendra\Desktop\D3_MONAI\Datasets\UTA4\sm\p2_aec1f10a-a315-409e-b099-0e1c0bdc0077\IM56,,False,,33.7267244981938,,,315.0,,,103898.0,,
C:\Users\Gajendra\Desktop\D3_MONAI\Datasets\UTA4\sm\p2_aec1f10a-a315-409e-b099-0e1c0bdc0077\IM57,,False,,33.886228354708315,,,331.0,,,103740.0,,
C:\Users\Gajendra\Desktop\D3_MONAI\Datasets\UTA4\sm\p2_aec1f10a-a315-409e-b099-0e1c0bdc0077\IM58,,False,,33.955237610080495,,,344.0,,,103338.0,,
C:\Users\Gajendra\Desktop\D3_MONAI\Datasets\UTA4\sm\p2_aec1f10a-a315-409e-b099-0e1c0bdc0077\IM59,,False,,34.046247259857275,,,350.0,,,103404.0,,
C:\Users\Gajendra\Desktop\D3_MONAI\Datasets\UTA4\sm\p2_aec1f10a-a315-409e-b099-0e1c0bdc0077\IM6,,False,,36.08088624924548,,,311.0,,,108290.0,,
C:\Users\Gajendra\Desktop\D3_MONAI\Datasets\UTA4\sm\p2_aec1f10a-a315-409e-b099-0e1c0bdc0077\IM60,,False,,34.11098769508281,,,380.0,,,103796.0,,
C:\Users\Gajendra\Desktop\D3_MONAI\Datasets\UTA4\sm\p2_aec1f10a-a315-409e-b099-0e1c0bdc0077\IM61,,False,,34.074689323298884,,,363.0,,,103922.0,,
C:\Users\Gajendra\Desktop\D3_MONAI\Datasets\UTA4\sm\p2_aec1f10a-a315-409e-b099-0e1c0bdc0077\IM62,,False,,34.070492229028716,,,306.0,,,103716.0,,
C:\Users\Gajendra\Desktop\D3_MONAI\Datasets\UTA4\sm\p2_aec1f10a-a315-409e-b099-0e1c0bdc0077\IM63,,False,,34.25963549086508,,,299.0,,,103716.0,,
C:\Users\Gajendra\Desktop\D3_MONAI\Datasets\UTA4\sm\p2_aec1f10a-a315-409e-b099-0e1c0bdc0077\IM64,,False,,34.593867700270856,,,258.0,,,103354.0,,
C:\Users\Gajendra\Desktop\D3_MONAI\Datasets\UTA4\sm\p2_aec1f10a-a315-409e-b099-0e1c0bdc0077\IM65,,False,,35.02592522344362,,,267.0,,,103506.0,,
C:\Users\Gajendra\Desktop\D3_MONAI\Datasets\UTA4\sm\p2_aec1f10a-a315-409e-b099-0e1c0bdc0077\IM66,,False,,21.990112926110662,,,115.0,,,105232.0,,
C:\Users\Gajendra\Desktop\D3_MONAI\Datasets\UTA4\sm\p2_aec1f10a-a315-409e-b099-0e1c0bdc0077\IM67,,False,,35.58469292560362,,,266.0,,,103194.0,,
C:\Users\Gajendra\Desktop\D3_MONAI\Datasets\UTA4\sm\p2_aec1f10a-a315-409e-b099-0e1c0bdc0077\IM68,,False,,36.18341705010028,,,260.0,,,103200.0,,
C:\Users\Gajendra\Desktop\D3_MONAI\Datasets\UTA4\sm\p2_aec1f10a-a315-409e-b099-0e1c0bdc0077\IM69,,False,,36.626610371332326,,,253.0,,,103424.0,,
C:\Users\Gajendra\Desktop\D3_MONAI\Datasets\UTA4\sm\p2_aec1f10a-a315-409e-b099-0e1c0bdc0077\IM7,,False,,35.41181569739923,,,316.0,,,108054.0,,
C:\Users\Gajendra\Desktop\D3_MONAI\Datasets\UTA4\sm\p2_aec1f10a-a315-409e-b099-0e1c0bdc0077\IM70,,False,,36.95514888072415,,,237.0,,,103736.0,,
C:\Users\Gajendra\Desktop\D3_MONAI\Datasets\UTA4\sm\p2_aec1f10a-a315-409e-b099-0e1c0bdc0077\IM71,,False,,37.29691219244442,,,247.0,,,103324.0,,
C:\Users\Gajendra\Desktop\D3_MONAI\Datasets\UTA4\sm\p2_aec1f10a-a315-409e-b099-0e1c0bdc0077\IM72,,False,,37.61749091929201,,,241.0,,,103148.0,,
C:\Users\Gajendra\Desktop\D3_MONAI\Datasets\UTA4\sm\p2_aec1f10a-a315-409e-b099-0e1c0bdc0077\IM73,,False,,37.92396252707733,,,254.0,,,103510.0,,
C:\Users\Gajendra\Desktop\D3_MONAI\Datasets\UTA4\sm\p2_aec1f10a-a315-409e-b099-0e1c0bdc0077\IM74,,False,,38.206672697118115,,,242.0,,,103596.0,,
C:\Users\Gajendra\Desktop\D3_MONAI\Datasets\UTA4\sm\p2_aec1f10a-a315-409e-b099-0e1c0bdc0077\IM75,,False,,38.49113539341191,,,239.0,,,103506.0,,
C:\Users\Gajendra\Desktop\D3_MONAI\Datasets\UTA4\sm\p2_aec1f10a-a315-409e-b099-0e1c0bdc0077\IM76,,False,,38.46359936666964,,,237.0,,,103428.0,,
C:\Users\Gajendra\Desktop\D3_MONAI\Datasets\UTA4\sm\p2_aec1f10a-a315-409e-b099-0e1c0bdc0077\IM77,,False,,20.644675454281263,,,114.0,,,105108.0,,
C:\Users\Gajendra\Desktop\D3_MONAI\Datasets\UTA4\sm\p2_aec1f10a-a315-409e-b099-0e1c0bdc0077\IM78,,False,,38.37403254763489,,,241.0,,,103434.0,,
C:\Users\Gajendra\Desktop\D3_MONAI\Datasets\UTA4\sm\p2_aec1f10a-a315-409e-b099-0e1c0bdc0077\IM79,,False,,38.27564103368167,,,209.0,,,103422.0,,
C:\Users\Gajendra\Desktop\D3_MONAI\Datasets\UTA4\sm\p2_aec1f10a-a315-409e-b099-0e1c0bdc0077\IM8,,False,,35.03707290739894,,,277.0,,,108000.0,,
C:\Users\Gajendra\Desktop\D3_MONAI\Datasets\UTA4\sm\p2_aec1f10a-a315-409e-b099-0e1c0bdc0077\IM80,,False,,38.17481376837351,,,216.0,,,103782.0,,
C:\Users\Gajendra\Desktop\D3_MONAI\Datasets\UTA4\sm\p2_aec1f10a-a315-409e-b099-0e1c0bdc0077\IM81,,False,,38.111625270503716,,,214.0,,,103658.0,,
C:\Users\Gajendra\Desktop\D3_MONAI\Datasets\UTA4\sm\p2_aec1f10a-a315-409e-b099-0e1c0bdc0077\IM82,,False,,37.88877010987622,,,202.0,,,103176.0,,
C:\Users\Gajendra\Desktop\D3_MONAI\Datasets\UTA4\sm\p2_aec1f10a-a315-409e-b099-0e1c0bdc0077\IM83,,False,,37.46401424193402,,,207.0,,,103818.0,,
C:\Users\Gajendra\Desktop\D3_MONAI\Datasets\UTA4\sm\p2_aec1f10a-a315-409e-b099-0e1c0bdc0077\IM84,,False,,36.992675601615005,,,202.0,,,103620.0,,
C:\Users\Gajendra\Desktop\D3_MONAI\Datasets\UTA4\sm\p2_aec1f10a-a315-409e-b099-0e1c0bdc0077\IM85,,False,,36.50773495287626,,,199.0,,,103462.0,,
C:\Users\Gajendra\Desktop\D3_MONAI\Datasets\UTA4\sm\p2_aec1f10a-a315-409e-b099-0e1c0bdc0077\IM86,,False,,35.892494726418086,,,196.0,,,103564.0,,
C:\Users\Gajendra\Desktop\D3_MONAI\Datasets\UTA4\sm\p2_aec1f10a-a315-409e-b099-0e1c0bdc0077\IM87,,False,,35.17051535646087,,,176.0,,,104084.0,,
C:\Users\Gajendra\Desktop\D3_MONAI\Datasets\UTA4\sm\p2_aec1f10a-a315-409e-b099-0e1c0bdc0077\IM88,,False,,34.38795234004969,,,181.0,,,103842.0,,
C:\Users\Gajendra\Desktop\D3_MONAI\Datasets\UTA4\sm\p2_aec1f10a-a315-409e-b099-0e1c0bdc0077\IM89,,False,,33.514197682191224,,,169.0,,,104286.0,,
C:\Users\Gajendra\Desktop\D3_MONAI\Datasets\UTA4\sm\p2_aec1f10a-a315-409e-b099-0e1c0bdc0077\IM9,,False,,34.66248865610648,,,297.0,,,108508.0,,
C:\Users\Gajendra\Desktop\D3_MONAI\Datasets\UTA4\sm\p2_aec1f10a-a315-409e-b099-0e1c0bdc0077\IM90,,False,,13.683916848631021,,,127.0,,,103924.0,,
C:\Users\Gajendra\Desktop\D3_MONAI\Datasets\UTA4\sm\p2_aec1f10a-a315-409e-b099-0e1c0bdc0077\IM91,,False,,14.82855328011463,,,138.0,,,104442.0,,
C:\Users\Gajendra\Desktop\D3_MONAI\Datasets\UTA4\sm\p2_aec1f10a-a315-409e-b099-0e1c0bdc0077\IM92,,False,,19.26536898553361,,,110.0,,,105096.0,,
C:\Users\Gajendra\Desktop\D3_MONAI\Datasets\UTA4\sm\p2_aec1f10a-a315-409e-b099-0e1c0bdc0077\IM93,,False,,15.92430431278159,,,147.0,,,104438.0,,
C:\Users\Gajendra\Desktop\D3_MONAI\Datasets\UTA4\sm\p2_aec1f10a-a315-409e-b099-0e1c0bdc0077\IM94,,False,,17.912959787746914,,,159.0,,,104384.0,,
C:\Users\Gajendra\Desktop\D3_MONAI\Datasets\UTA4\sm\p2_aec1f10a-a315-409e-b099-0e1c0bdc0077\IM95,,False,,16.955758795391002,,,157.0,,,104358.0,,
C:\Users\Gajendra\Desktop\D3_MONAI\Datasets\UTA4\sm\p2_aec1f10a-a315-409e-b099-0e1c0bdc0077\IM96,,False,,18.759089136534268,,,167.0,,,104494.0,,
C:\Users\Gajendra\Desktop\D3_MONAI\Datasets\UTA4\sm\p2_aec1f10a-a315-409e-b099-0e1c0bdc0077\IM97,,False,,19.452876016943573,,,168.0,,,104462.0,,
C:\Users\Gajendra\Desktop\D3_MONAI\Datasets\UTA4\sm\p2_aec1f10a-a315-409e-b099-0e1c0bdc0077\IM98,,False,,32.65910573637925,,,169.0,,,104320.0,,
C:\Users\Gajendra\Desktop\D3_MONAI\Datasets\UTA4\sm\p2_aec1f10a-a315-409e-b099-0e1c0bdc0077\IM99,,False,,20.488141601448184,,,177.0,,,104596.0,,
C:\Users\Gajendra\Desktop\D3_MONAI\Datasets\UTA4\sm\p3_9cfd047c-14f1-45c3-aadc-02ec90feeae9\IM0,,False,,65.97285964604342,,,601.0,,,77810.0,,
C:\Users\Gajendra\Desktop\D3_MONAI\Datasets\UTA4\sm\p3_9cfd047c-14f1-45c3-aadc-02ec90feeae9\IM1,,False,,68.06088272801088,,,609.0,,,77812.0,,
C:\Users\Gajendra\Desktop\D3_MONAI\Datasets\UTA4\sm\p3_9cfd047c-14f1-45c3-aadc-02ec90feeae9\IM10,,False,,32.09814247562937,,,354.0,,,70428.0,,
C:\Users\Gajendra\Desktop\D3_MONAI\Datasets\UTA4\sm\p3_9cfd047c-14f1-45c3-aadc-02ec90feeae9\IM100,,False,,83.90343575010083,,,508.0,,,73840.0,,
C:\Users\Gajendra\Desktop\D3_MONAI\Datasets\UTA4\sm\p3_9cfd047c-14f1-45c3-aadc-02ec90feeae9\IM101,,False,,78.81636190741735,,,518.0,,,73952.0,,
C:\Users\Gajendra\Desktop\D3_MONAI\Datasets\UTA4\sm\p3_9cfd047c-14f1-45c3-aadc-02ec90feeae9\IM102,,False,,71.52473564188809,,,544.0,,,74118.0,,
C:\Users\Gajendra\Desktop\D3_MONAI\Datasets\UTA4\sm\p3_9cfd047c-14f1-45c3-aadc-02ec90feeae9\IM103,,False,,65.80775460510048,,,523.0,,,74264.0,,
C:\Users\Gajendra\Desktop\D3_MONAI\Datasets\UTA4\sm\p3_9cfd047c-14f1-45c3-aadc-02ec90feeae9\IM104,,False,,63.18010597407274,,,544.0,,,74456.0,,
C:\Users\Gajendra\Desktop\D3_MONAI\Datasets\UTA4\sm\p3_9cfd047c-14f1-45c3-aadc-02ec90feeae9\IM105,,False,,61.0798771980916,,,562.0,,,74452.0,,
C:\Users\Gajendra\Desktop\D3_MONAI\Datasets\UTA4\sm\p3_9cfd047c-14f1-45c3-aadc-02ec90feeae9\IM106,,False,,58.66336779840224,,,626.0,,,74670.0,,
C:\Users\Gajendra\Desktop\D3_MONAI\Datasets\UTA4\sm\p3_9cfd047c-14f1-45c3-aadc-02ec90feeae9\IM107,,False,,56.30281513982896,,,579.0,,,74668.0,,
C:\Users\Gajendra\Desktop\D3_MONAI\Datasets\UTA4\sm\p3_9cfd047c-14f1-45c3-aadc-02ec90feeae9\IM108,,False,,54.6171255748332,,,548.0,,,74780.0,,
C:\Users\Gajendra\Desktop\D3_MONAI\Datasets\UTA4\sm\p3_9cfd047c-14f1-45c3-aadc-02ec90feeae9\IM109,,False,,53.51963851873372,,,556.0,,,74690.0,,
C:\Users\Gajendra\Desktop\D3_MONAI\Datasets\UTA4\sm\p3_9cfd047c-14f1-45c3-aadc-02ec90feeae9\IM11,,False,,72.51603048216603,,,755.0,,,79030.0,,
C:\Users\Gajendra\Desktop\D3_MONAI\Datasets\UTA4\sm\p3_9cfd047c-14f1-45c3-aadc-02ec90feeae9\IM110,,False,,109.95557880954742,,,575.0,,,76192.0,,
C:\Users\Gajendra\Desktop\D3_MONAI\Datasets\UTA4\sm\p3_9cfd047c-14f1-45c3-aadc-02ec90feeae9\IM111,,False,,52.78896696998073,,,557.0,,,74864.0,,
C:\Users\Gajendra\Desktop\D3_MONAI\Datasets\UTA4\sm\p3_9cfd047c-14f1-45c3-aadc-02ec90feeae9\IM112,,False,,51.686157371309086,,,464.0,,,74948.0,,
C:\Users\Gajendra\Desktop\D3_MONAI\Datasets\UTA4\sm\p3_9cfd047c-14f1-45c3-aadc-02ec90feeae9\IM113,,False,,52.296779068001364,,,494.0,,,74892.0,,
C:\Users\Gajendra\Desktop\D3_MONAI\Datasets\UTA4\sm\p3_9cfd047c-14f1-45c3-aadc-02ec90feeae9\IM114,,False,,51.3731275097319,,,419.0,,,75012.0,,
C:\Users\Gajendra\Desktop\D3_MONAI\Datasets\UTA4\sm\p3_9cfd047c-14f1-45c3-aadc-02ec90feeae9\IM115,,False,,51.74494797759201,,,444.0,,,75292.0,,
C:\Users\Gajendra\Desktop\D3_MONAI\Datasets\UTA4\sm\p3_9cfd047c-14f1-45c3-aadc-02ec90feeae9\IM116,,False,,52.44931254808756,,,477.0,,,75426.0,,
C:\Users\Gajendra\Desktop\D3_MONAI\Datasets\UTA4\sm\p3_9cfd047c-14f1-45c3-aadc-02ec90feeae9\IM117,,False,,53.396178793264056,,,386.0,,,75550.0,,
C:\Users\Gajendra\Desktop\D3_MONAI\Datasets\UTA4\sm\p3_9cfd047c-14f1-45c3-aadc-02ec90feeae9\IM118,,False,,54.9677041122364,,,439.0,,,75740.0,,
C:\Users\Gajendra\Desktop\D3_MONAI\Datasets\UTA4\sm\p3_9cfd047c-14f1-45c3-aadc-02ec90feeae9\IM119,,False,,56.76685893325566,,,437.0,,,75948.0,,
C:\Users\Gajendra\Desktop\D3_MONAI\Datasets\UTA4\sm\p3_9cfd047c-14f1-45c3-aadc-02ec90feeae9\IM12,,False,,71.82629287649216,,,774.0,,,79050.0,,
C:\Users\Gajendra\Desktop\D3_MONAI\Datasets\UTA4\sm\p3_9cfd047c-14f1-45c3-aadc-02ec90feeae9\IM120,,False,,58.14493136965149,,,440.0,,,75996.0,,
C:\Users\Gajendra\Desktop\D3_MONAI\Datasets\UTA4\sm\p3_9cfd047c-14f1-45c3-aadc-02ec90feeae9\IM121,,False,,96.16275582385775,,,442.0,,,75798.0,,
C:\Users\Gajendra\Desktop\D3_MONAI\Datasets\UTA4\sm\p3_9cfd047c-14f1-45c3-aadc-02ec90feeae9\IM122,,False,,58.32481543299738,,,428.0,,,76108.0,,
C:\Users\Gajendra\Desktop\D3_MONAI\Datasets\UTA4\sm\p3_9cfd047c-14f1-45c3-aadc-02ec90feeae9\IM123,,False,,56.921042998133565,,,384.0,,,76170.0,,
C:\Users\Gajendra\Desktop\D3_MONAI\Datasets\UTA4\sm\p3_9cfd047c-14f1-45c3-aadc-02ec90feeae9\IM124,,False,,55.24359722829626,,,365.0,,,76472.0,,
C:\Users\Gajendra\Desktop\D3_MONAI\Datasets\UTA4\sm\p3_9cfd047c-14f1-45c3-aadc-02ec90feeae9\IM125,,False,,54.35805597536851,,,366.0,,,76524.0,,
C:\Users\Gajendra\Desktop\D3_MONAI\Datasets\UTA4\sm\p3_9cfd047c-14f1-45c3-aadc-02ec90feeae9\IM126,,False,,54.266243718990054,,,393.0,,,76402.0,,
C:\Users\Gajendra\Desktop\D3_MONAI\Datasets\UTA4\sm\p3_9cfd047c-14f1-45c3-aadc-02ec90feeae9\IM127,,False,,54.275504748478944,,,414.0,,,76638.0,,
C:\Users\Gajendra\Desktop\D3_MONAI\Datasets\UTA4\sm\p3_9cfd047c-14f1-45c3-aadc-02ec90feeae9\IM128,,False,,54.67862538221194,,,432.0,,,76868.0,,
C:\Users\Gajendra\Desktop\D3_MONAI\Datasets\UTA4\sm\p3_9cfd047c-14f1-45c3-aadc-02ec90feeae9\IM129,,False,,55.25788743906516,,,404.0,,,77050.0,,
C:\Users\Gajendra\Desktop\D3_MONAI\Datasets\UTA4\sm\p3_9cfd047c-14f1-45c3-aadc-02ec90feeae9\IM13,,False,,71.45612325839421,,,805.0,,,79094.0,,
C:\Users\Gajendra\Desktop\D3_MONAI\Datasets\UTA4\sm\p3_9cfd047c-14f1-45c3-aadc-02ec90feeae9\IM130,,False,,55.38426915183611,,,407.0,,,77002.0,,
C:\Users\Gajendra\Desktop\D3_MONAI\Datasets\UTA4\sm\p3_9cfd047c-14f1-45c3-aadc-02ec90feeae9\IM131,,False,,54.656258271921956,,,362.0,,,77258.0,,
C:\Users\Gajendra\Desktop\D3_MONAI\Datasets\UTA4\sm\p3_9cfd047c-14f1-45c3-aadc-02ec90feeae9\IM132,,False,,65.41243849127626,,,342.0,,,75378.0,,
C:\Users\Gajendra\Desktop\D3_MONAI\Datasets\UTA4\sm\p3_9cfd047c-14f1-45c3-aadc-02ec90feeae9\IM133,,False,,54.13045887420592,,,346.0,,,77366.0,,
C:\Users\Gajendra\Desktop\D3_MONAI\Datasets\UTA4\sm\p3_9cfd047c-14f1-45c3-aadc-02ec90feeae9\IM134,,False,,53.48320616804764,,,341.0,,,77326.0,,
C:\Users\Gajendra\Desktop\D3_MONAI\Datasets\UTA4\sm\p3_9cfd047c-14f1-45c3-aadc-02ec90feeae9\IM135,,False,,52.10607582171757,,,306.0,,,77650.0,,
C:\Users\Gajendra\Desktop\D3_MONAI\Datasets\UTA4\sm\p3_9cfd047c-14f1-45c3-aadc-02ec90feeae9\IM136,,False,,50.57072779620601,,,313.0,,,77670.0,,
C:\Users\Gajendra\Desktop\D3_MONAI\Datasets\UTA4\sm\p3_9cfd047c-14f1-45c3-aadc-02ec90feeae9\IM137,,False,,50.392668664893634,,,323.0,,,77842.0,,
C:\Users\Gajendra\Desktop\D3_MONAI\Datasets\UTA4\sm\p3_9cfd047c-14f1-45c3-aadc-02ec90feeae9\IM138,,False,,51.26333997192497,,,319.0,,,77930.0,,
C:\Users\Gajendra\Desktop\D3_MONAI\Datasets\UTA4\sm\p3_9cfd047c-14f1-45c3-aadc-02ec90feeae9\IM139,,False,,52.27612189637532,,,329.0,,,77954.0,,
C:\Users\Gajendra\Desktop\D3_MONAI\Datasets\UTA4\sm\p3_9cfd047c-14f1-45c3-aadc-02ec90feeae9\IM14,,False,,62.88647906835139,,,815.0,,,79138.0,,
C:\Users\Gajendra\Desktop\D3_MONAI\Datasets\UTA4\sm\p3_9cfd047c-14f1-45c3-aadc-02ec90feeae9\IM140,,False,,52.07039746764251,,,327.0,,,77938.0,,
C:\Users\Gajendra\Desktop\D3_MONAI\Datasets\UTA4\sm\p3_9cfd047c-14f1-45c3-aadc-02ec90feeae9\IM141,,False,,50.68878060065032,,,367.0,,,78038.0,,
C:\Users\Gajendra\Desktop\D3_MONAI\Datasets\UTA4\sm\p3_9cfd047c-14f1-45c3-aadc-02ec90feeae9\IM142,,False,,48.89173859276695,,,379.0,,,77978.0,,
C:\Users\Gajendra\Desktop\D3_MONAI\Datasets\UTA4\sm\p3_9cfd047c-14f1-45c3-aadc-02ec90feeae9\IM143,,False,,40.8652588016889,,,345.0,,,74864.0,,
C:\Users\Gajendra\Desktop\D3_MONAI\Datasets\UTA4\sm\p3_9cfd047c-14f1-45c3-aadc-02ec90feeae9\IM144,,False,,26.437224555667527,,,306.0,,,68186.0,,
C:\Users\Gajendra\Desktop\D3_MONAI\Datasets\UTA4\sm\p3_9cfd047c-14f1-45c3-aadc-02ec90feeae9\IM145,,False,,47.29754001707347,,,338.0,,,78016.0,,
C:\Users\Gajendra\Desktop\D3_MONAI\Datasets\UTA4\sm\p3_9cfd047c-14f1-45c3-aadc-02ec90feeae9\IM146,,False,,46.110920243078866,,,358.0,,,78208.0,,
C:\Users\Gajendra\Desktop\D3_MONAI\Datasets\UTA4\sm\p3_9cfd047c-14f1-45c3-aadc-02ec90feeae9\IM147,,False,,45.85495859783606,,,366.0,,,78190.0,,
C:\Users\Gajendra\Desktop\D3_MONAI\Datasets\UTA4\sm\p3_9cfd047c-14f1-45c3-aadc-02ec90feeae9\IM148,,False,,46.24295179027587,,,370.0,,,78352.0,,
C:\Users\Gajendra\Desktop\D3_MONAI\Datasets\UTA4\sm\p3_9cfd047c-14f1-45c3-aadc-02ec90feeae9\IM149,,False,,46.5580529610581,,,392.0,,,78318.0,,
C:\Users\Gajendra\Desktop\D3_MONAI\Datasets\UTA4\sm\p3_9cfd047c-14f1-45c3-aadc-02ec90feeae9\IM15,,False,,67.53708364908921,,,895.0,,,79112.0,,
C:\Users\Gajendra\Desktop\D3_MONAI\Datasets\UTA4\sm\p3_9cfd047c-14f1-45c3-aadc-02ec90feeae9\IM150,,False,,46.49733793861845,,,376.0,,,78382.0,,
C:\Users\Gajendra\Desktop\D3_MONAI\Datasets\UTA4\sm\p3_9cfd047c-14f1-45c3-aadc-02ec90feeae9\IM151,,False,,46.15033158829822,,,393.0,,,78406.0,,
C:\Users\Gajendra\Desktop\D3_MONAI\Datasets\UTA4\sm\p3_9cfd047c-14f1-45c3-aadc-02ec90feeae9\IM152,,False,,46.1498266080066,,,427.0,,,78642.0,,
C:\Users\Gajendra\Desktop\D3_MONAI\Datasets\UTA4\sm\p3_9cfd047c-14f1-45c3-aadc-02ec90feeae9\IM153,,False,,46.32906936065167,,,438.0,,,78592.0,,
C:\Users\Gajendra\Desktop\D3_MONAI\Datasets\UTA4\sm\p3_9cfd047c-14f1-45c3-aadc-02ec90feeae9\IM154,,False,,46.67913451587588,,,439.0,,,78588.0,,
C:\Users\Gajendra\Desktop\D3_MONAI\Datasets\UTA4\sm\p3_9cfd047c-14f1-45c3-aadc-02ec90feeae9\IM155,,False,,35.57794772866098,,,353.0,,,74602.0,,
C:\Users\Gajendra\Desktop\D3_MONAI\Datasets\UTA4\sm\p3_9cfd047c-14f1-45c3-aadc-02ec90feeae9\IM156,,False,,47.01021906323621,,,446.0,,,78672.0,,
C:\Users\Gajendra\Desktop\D3_MONAI\Datasets\UTA4\sm\p3_9cfd047c-14f1-45c3-aadc-02ec90feeae9\IM157,,False,,47.288289414815175,,,472.0,,,78740.0,,
C:\Users\Gajendra\Desktop\D3_MONAI\Datasets\UTA4\sm\p3_9cfd047c-14f1-45c3-aadc-02ec90feeae9\IM158,,False,,47.64645960454168,,,490.0,,,78816.0,,
C:\Users\Gajendra\Desktop\D3_MONAI\Datasets\UTA4\sm\p3_9cfd047c-14f1-45c3-aadc-02ec90feeae9\IM159,,False,,47.814077981706816,,,503.0,,,78652.0,,
C:\Users\Gajendra\Desktop\D3_MONAI\Datasets\UTA4\sm\p3_9cfd047c-14f1-45c3-aadc-02ec90feeae9\IM16,,False,,59.573876442923606,,,707.0,,,79120.0,,
C:\Users\Gajendra\Desktop\D3_MONAI\Datasets\UTA4\sm\p3_9cfd047c-14f1-45c3-aadc-02ec90feeae9\IM160,,False,,47.396858454522324,,,525.0,,,78692.0,,
C:\Users\Gajendra\Desktop\D3_MONAI\Datasets\UTA4\sm\p3_9cfd047c-14f1-45c3-aadc-02ec90feeae9\IM161,,False,,47.155108302331676,,,553.0,,,78620.0,,
C:\Users\Gajendra\Desktop\D3_MONAI\Datasets\UTA4\sm\p3_9cfd047c-14f1-45c3-aadc-02ec90feeae9\IM162,,False,,47.65790360923851,,,583.0,,,78614.0,,
C:\Users\Gajendra\Desktop\D3_MONAI\Datasets\UTA4\sm\p3_9cfd047c-14f1-45c3-aadc-02ec90feeae9\IM163,,False,,48.35077112002698,,,599.0,,,78950.0,,
C:\Users\Gajendra\Desktop\D3_MONAI\Datasets\UTA4\sm\p3_9cfd047c-14f1-45c3-aadc-02ec90feeae9\IM164,,False,,48.753827702689975,,,585.0,,,78828.0,,
C:\Users\Gajendra\Desktop\D3_MONAI\Datasets\UTA4\sm\p3_9cfd047c-14f1-45c3-aadc-02ec90feeae9\IM165,,False,,49.21847748797771,,,639.0,,,78710.0,,
C:\Users\Gajendra\Desktop\D3_MONAI\Datasets\UTA4\sm\p3_9cfd047c-14f1-45c3-aadc-02ec90feeae9\IM166,,False,,34.68913944796602,,,333.0,,,73958.0,,
C:\Users\Gajendra\Desktop\D3_MONAI\Datasets\UTA4\sm\p3_9cfd047c-14f1-45c3-aadc-02ec90feeae9\IM167,,False,,49.79675028287055,,,677.0,,,78748.0,,
C:\Users\Gajendra\Desktop\D3_MONAI\Datasets\UTA4\sm\p3_9cfd047c-14f1-45c3-aadc-02ec90feeae9\IM168,,False,,50.48586681317937,,,724.0,,,78650.0,,
C:\Users\Gajendra\Desktop\D3_MONAI\Datasets\UTA4\sm\p3_9cfd047c-14f1-45c3-aadc-02ec90feeae9\IM169,,False,,51.69178750112757,,,762.0,,,78576.0,,
C:\Users\Gajendra\Desktop\D3_MONAI\Datasets\UTA4\sm\p3_9cfd047c-14f1-45c3-aadc-02ec90feeae9\IM17,,False,,56.877013556474594,,,703.0,,,79200.0,,
C:\Users\Gajendra\Desktop\D3_MONAI\Datasets\UTA4\sm\p3_9cfd047c-14f1-45c3-aadc-02ec90feeae9\IM170,,False,,53.136333213794565,,,771.0,,,78548.0,,
C:\Users\Gajendra\Desktop\D3_MONAI\Datasets\UTA4\sm\p3_9cfd047c-14f1-45c3-aadc-02ec90feeae9\IM171,,False,,54.198954719702236,,,796.0,,,78516.0,,
C:\Users\Gajendra\Desktop\D3_MONAI\Datasets\UTA4\sm\p3_9cfd047c-14f1-45c3-aadc-02ec90feeae9\IM172,,False,,55.364716930433566,,,818.0,,,78410.0,,
C:\Users\Gajendra\Desktop\D3_MONAI\Datasets\UTA4\sm\p3_9cfd047c-14f1-45c3-aadc-02ec90feeae9\IM173,,False,,57.125370183445455,,,812.0,,,78576.0,,
C:\Users\Gajendra\Desktop\D3_MONAI\Datasets\UTA4\sm\p3_9cfd047c-14f1-45c3-aadc-02ec90feeae9\IM174,,False,,59.33492901418883,,,786.0,,,78426.0,,
C:\Users\Gajendra\Desktop\D3_MONAI\Datasets\UTA4\sm\p3_9cfd047c-14f1-45c3-aadc-02ec90feeae9\IM175,,False,,61.402296919062636,,,713.0,,,78600.0,,
C:\Users\Gajendra\Desktop\D3_MONAI\Datasets\UTA4\sm\p3_9cfd047c-14f1-45c3-aadc-02ec90feeae9\IM176,,False,,63.139234124294454,,,643.0,,,78518.0,,
C:\Users\Gajendra\Desktop\D3_MONAI\Datasets\UTA4\sm\p3_9cfd047c-14f1-45c3-aadc-02ec90feeae9\IM177,,False,,33.572192157004764,,,360.0,,,73116.0,,
C:\Users\Gajendra\Desktop\D3_MONAI\Datasets\UTA4\sm\p3_9cfd047c-14f1-45c3-aadc-02ec90feeae9\IM178,,False,,64.17529309348154,,,706.0,,,78444.0,,
C:\Users\Gajendra\Desktop\D3_MONAI\Datasets\UTA4\sm\p3_9cfd047c-14f1-45c3-aadc-02ec90feeae9\IM179,,False,,64.19900504858619,,,790.0,,,78396.0,,
C:\Users\Gajendra\Desktop\D3_MONAI\Datasets\UTA4\sm\p3_9cfd047c-14f1-45c3-aadc-02ec90feeae9\IM18,,False,,54.08675774198453,,,673.0,,,79372.0,,
C:\Users\Gajendra\Desktop\D3_MONAI\Datasets\UTA4\sm\p3_9cfd047c-14f1-45c3-aadc-02ec90feeae9\IM180,,False,,64.36047514581733,,,702.0,,,78360.0,,
C:\Users\Gajendra\Desktop\D3_MONAI\Datasets\UTA4\sm\p3_9cfd047c-14f1-45c3-aadc-02ec90feeae9\IM181,,False,,67.89507385816181,,,703.0,,,78346.0,,
C:\Users\Gajendra\Desktop\D3_MONAI\Datasets\UTA4\sm\p3_9cfd047c-14f1-45c3-aadc-02ec90feeae9\IM182,,False,,65.60850358505179,,,702.0,,,78402.0,,
C:\Users\Gajendra\Desktop\D3_MONAI\Datasets\UTA4\sm\p3_9cfd047c-14f1-45c3-aadc-02ec90feeae9\IM183,,False,,69.9292695801984,,,750.0,,,78384.0,,
C:\Users\Gajendra\Desktop\D3_MONAI\Datasets\UTA4\sm\p3_9cfd047c-14f1-45c3-aadc-02ec90feeae9\IM184,,False,,70.9264332342122,,,772.0,,,78318.0,,
C:\Users\Gajendra\Desktop\D3_MONAI\Datasets\UTA4\sm\p3_9cfd047c-14f1-45c3-aadc-02ec90feeae9\IM185,,False,,72.81469440475402,,,821.0,,,78210.0,,
C:\Users\Gajendra\Desktop\D3_MONAI\Datasets\UTA4\sm\p3_9cfd047c-14f1-45c3-aadc-02ec90feeae9\IM186,,False,,75.5563811612368,,,932.0,,,78126.0,,
C:\Users\Gajendra\Desktop\D3_MONAI\Datasets\UTA4\sm\p3_9cfd047c-14f1-45c3-aadc-02ec90feeae9\IM187,,False,,76.26257723001426,,,823.0,,,78026.0,,
C:\Users\Gajendra\Desktop\D3_MONAI\Datasets\UTA4\sm\p3_9cfd047c-14f1-45c3-aadc-02ec90feeae9\IM188,,False,,33.828388333662694,,,362.0,,,72644.0,,
C:\Users\Gajendra\Desktop\D3_MONAI\Datasets\UTA4\sm\p3_9cfd047c-14f1-45c3-aadc-02ec90feeae9\IM189,,False,,75.04994478987285,,,800.0,,,78040.0,,
C:\Users\Gajendra\Desktop\D3_MONAI\Datasets\UTA4\sm\p3_9cfd047c-14f1-45c3-aadc-02ec90feeae9\IM19,,False,,51.8205209524413,,,667.0,,,79384.0,,
C:\Users\Gajendra\Desktop\D3_MONAI\Datasets\UTA4\sm\p3_9cfd047c-14f1-45c3-aadc-02ec90feeae9\IM190,,False,,74.17227679182449,,,773.0,,,78096.0,,
C:\Users\Gajendra\Desktop\D3_MONAI\Datasets\UTA4\sm\p3_9cfd047c-14f1-45c3-aadc-02ec90feeae9\IM191,,False,,73.78658968225004,,,815.0,,,77842.0,,
C:\Users\Gajendra\Desktop\D3_MONAI\Datasets\UTA4\sm\p3_9cfd047c-14f1-45c3-aadc-02ec90feeae9\IM192,,False,,74.79541557327775,,,843.0,,,77986.0,,
C:\Users\Gajendra\Desktop\D3_MONAI\Datasets\UTA4\sm\p3_9cfd047c-14f1-45c3-aadc-02ec90feeae9\IM193,,False,,78.60601625740594,,,793.0,,,78088.0,,
C:\Users\Gajendra\Desktop\D3_MONAI\Datasets\UTA4\sm\p3_9cfd047c-14f1-45c3-aadc-02ec90feeae9\IM194,,False,,79.12813907772835,,,822.0,,,78164.0,,
C:\Users\Gajendra\Desktop\D3_MONAI\Datasets\UTA4\sm\p3_9cfd047c-14f1-45c3-aadc-02ec90feeae9\IM195,,False,,72.9278281801329,,,721.0,,,77990.0,,
C:\Users\Gajendra\Desktop\D3_MONAI\Datasets\UTA4\sm\p3_9cfd047c-14f1-45c3-aadc-02ec90feeae9\IM196,,False,,64.52588357278624,,,444.0,,,77500.0,,
C:\Users\Gajendra\Desktop\D3_MONAI\Datasets\UTA4\sm\p3_9cfd047c-14f1-45c3-aadc-02ec90feeae9\IM197,,False,,54.78672809914994,,,413.0,,,77108.0,,
C:\Users\Gajendra\Desktop\D3_MONAI\Datasets\UTA4\sm\p3_9cfd047c-14f1-45c3-aadc-02ec90feeae9\IM198,,False,,45.83384180063076,,,343.0,,,77004.0,,
C:\Users\Gajendra\Desktop\D3_MONAI\Datasets\UTA4\sm\p3_9cfd047c-14f1-45c3-aadc-02ec90feeae9\IM199,,False,,34.698565204864515,,,372.0,,,71936.0,,
C:\Users\Gajendra\Desktop\D3_MONAI\Datasets\UTA4\sm\p3_9cfd047c-14f1-45c3-aadc-02ec90feeae9\IM2,,False,,69.73132099494902,,,603.0,,,77962.0,,
C:\Users\Gajendra\Desktop\D3_MONAI\Datasets\UTA4\sm\p3_9cfd047c-14f1-45c3-aadc-02ec90feeae9\IM20,,False,,51.90303282799404,,,674.0,,,79310.0,,
C:\Users\Gajendra\Desktop\D3_MONAI\Datasets\UTA4\sm\p3_9cfd047c-14f1-45c3-aadc-02ec90feeae9\IM200,,False,,42.590704089574274,,,299.0,,,76890.0,,
C:\Users\Gajendra\Desktop\D3_MONAI\Datasets\UTA4\sm\p3_9cfd047c-14f1-45c3-aadc-02ec90feeae9\IM201,,False,,41.82421285639574,,,279.0,,,76682.0,,
C:\Users\Gajendra\Desktop\D3_MONAI\Datasets\UTA4\sm\p3_9cfd047c-14f1-45c3-aadc-02ec90feeae9\IM202,,False,,41.168048972143914,,,284.0,,,76400.0,,
C:\Users\Gajendra\Desktop\D3_MONAI\Datasets\UTA4\sm\p3_9cfd047c-14f1-45c3-aadc-02ec90feeae9\IM203,,False,,40.37592537782559,,,301.0,,,76130.0,,
C:\Users\Gajendra\Desktop\D3_MONAI\Datasets\UTA4\sm\p3_9cfd047c-14f1-45c3-aadc-02ec90feeae9\IM204,,False,,40.73316559415666,,,289.0,,,76226.0,,
C:\Users\Gajendra\Desktop\D3_MONAI\Datasets\UTA4\sm\p3_9cfd047c-14f1-45c3-aadc-02ec90feeae9\IM205,,False,,39.92597588471974,,,298.0,,,76324.0,,
C:\Users\Gajendra\Desktop\D3_MONAI\Datasets\UTA4\sm\p3_9cfd047c-14f1-45c3-aadc-02ec90feeae9\IM206,,False,,39.63476799610335,,,308.0,,,76346.0,,
C:\Users\Gajendra\Desktop\D3_MONAI\Datasets\UTA4\sm\p3_9cfd047c-14f1-45c3-aadc-02ec90feeae9\IM207,,False,,39.486085157981854,,,317.0,,,76046.0,,
C:\Users\Gajendra\Desktop\D3_MONAI\Datasets\UTA4\sm\p3_9cfd047c-14f1-45c3-aadc-02ec90feeae9\IM208,,False,,39.47359667049531,,,325.0,,,75956.0,,
C:\Users\Gajendra\Desktop\D3_MONAI\Datasets\UTA4\sm\p3_9cfd047c-14f1-45c3-aadc-02ec90feeae9\IM209,,False,,39.40513984617104,,,321.0,,,75766.0,,
C:\Users\Gajendra\Desktop\D3_MONAI\Datasets\UTA4\sm\p3_9cfd047c-14f1-45c3-aadc-02ec90feeae9\IM21,,False,,31.401155650644256,,,337.0,,,70208.0,,
C:\Users\Gajendra\Desktop\D3_MONAI\Datasets\UTA4\sm\p3_9cfd047c-14f1-45c3-aadc-02ec90feeae9\IM210,,False,,35.28563212269039,,,358.0,,,71736.0,,
C:\Users\Gajendra\Desktop\D3_MONAI\Datasets\UTA4\sm\p3_9cfd047c-14f1-45c3-aadc-02ec90feeae9\IM211,,False,,39.390656180968655,,,322.0,,,75492.0,,
C:\Users\Gajendra\Desktop\D3_MONAI\Datasets\UTA4\sm\p3_9cfd047c-14f1-45c3-aadc-02ec90feeae9\IM212,,False,,39.639681506324436,,,327.0,,,75510.0,,
C:\Users\Gajendra\Desktop\D3_MONAI\Datasets\UTA4\sm\p3_9cfd047c-14f1-45c3-aadc-02ec90feeae9\IM213,,False,,39.942255834126684,,,332.0,,,75314.0,,
C:\Users\Gajendra\Desktop\D3_MONAI\Datasets\UTA4\sm\p3_9cfd047c-14f1-45c3-aadc-02ec90feeae9\IM214,,False,,40.308737801763236,,,344.0,,,75090.0,,
C:\Users\Gajendra\Desktop\D3_MONAI\Datasets\UTA4\sm\p3_9cfd047c-14f1-45c3-aadc-02ec90feeae9\IM215,,False,,40.74548698547659,,,354.0,,,75416.0,,
C:\Users\Gajendra\Desktop\D3_MONAI\Datasets\UTA4\sm\p3_9cfd047c-14f1-45c3-aadc-02ec90feeae9\IM216,,False,,41.097100183814895,,,365.0,,,75532.0,,
C:\Users\Gajendra\Desktop\D3_MONAI\Datasets\UTA4\sm\p3_9cfd047c-14f1-45c3-aadc-02ec90feeae9\IM217,,False,,41.12489416803149,,,367.0,,,75530.0,,
C:\Users\Gajendra\Desktop\D3_MONAI\Datasets\UTA4\sm\p3_9cfd047c-14f1-45c3-aadc-02ec90feeae9\IM218,,False,,40.919266625549874,,,373.0,,,75824.0,,
C:\Users\Gajendra\Desktop\D3_MONAI\Datasets\UTA4\sm\p3_9cfd047c-14f1-45c3-aadc-02ec90feeae9\IM219,,False,,40.88999104511706,,,381.0,,,75842.0,,
C:\Users\Gajendra\Desktop\D3_MONAI\Datasets\UTA4\sm\p3_9cfd047c-14f1-45c3-aadc-02ec90feeae9\IM22,,False,,52.85499627993122,,,684.0,,,79440.0,,
C:\Users\Gajendra\Desktop\D3_MONAI\Datasets\UTA4\sm\p3_9cfd047c-14f1-45c3-aadc-02ec90feeae9\IM220,,False,,41.12575811245398,,,384.0,,,75380.0,,
C:\Users\Gajendra\Desktop\D3_MONAI\Datasets\UTA4\sm\p3_9cfd047c-14f1-45c3-aadc-02ec90feeae9\IM221,,False,,41.44315717718996,,,383.0,,,75130.0,,
C:\Users\Gajendra\Desktop\D3_MONAI\Datasets\UTA4\sm\p3_9cfd047c-14f1-45c3-aadc-02ec90feeae9\IM222,,False,,35.293922650794244,,,380.0,,,71576.0,,
C:\Users\Gajendra\Desktop\D3_MONAI\Datasets\UTA4\sm\p3_9cfd047c-14f1-45c3-aadc-02ec90feeae9\IM223,,False,,41.61633563153542,,,376.0,,,74854.0,,
C:\Users\Gajendra\Desktop\D3_MONAI\Datasets\UTA4\sm\p3_9cfd047c-14f1-45c3-aadc-02ec90feeae9\IM224,,False,,41.6261336413678,,,371.0,,,74760.0,,
C:\Users\Gajendra\Desktop\D3_MONAI\Datasets\UTA4\sm\p3_9cfd047c-14f1-45c3-aadc-02ec90feeae9\IM225,,False,,41.84079961638616,,,362.0,,,74884.0,,
C:\Users\Gajendra\Desktop\D3_MONAI\Datasets\UTA4\sm\p3_9cfd047c-14f1-45c3-aadc-02ec90feeae9\IM226,,False,,41.66935870933117,,,379.0,,,74830.0,,
C:\Users\Gajendra\Desktop\D3_MONAI\Datasets\UTA4\sm\p3_9cfd047c-14f1-45c3-aadc-02ec90feeae9\IM227,,False,,42.093390689485375,,,346.0,,,75030.0,,
C:\Users\Gajendra\Desktop\D3_MONAI\Datasets\UTA4\sm\p3_9cfd047c-14f1-45c3-aadc-02ec90feeae9\IM228,,False,,42.3371169523436,,,352.0,,,74998.0,,
C:\Users\Gajendra\Desktop\D3_MONAI\Datasets\UTA4\sm\p3_9cfd047c-14f1-45c3-aadc-02ec90feeae9\IM229,,False,,42.62490977190769,,,346.0,,,75080.0,,
C:\Users\Gajendra\Desktop\D3_MONAI\Datasets\UTA4\sm\p3_9cfd047c-14f1-45c3-aadc-02ec90feeae9\IM23,,False,,52.86779603903204,,,585.0,,,79594.0,,
C:\Users\Gajendra\Desktop\D3_MONAI\Datasets\UTA4\sm\p3_9cfd047c-14f1-45c3-aadc-02ec90feeae9\IM230,,False,,42.88892711929787,,,349.0,,,75098.0,,
C:\Users\Gajendra\Desktop\D3_MONAI\Datasets\UTA4\sm\p3_9cfd047c-14f1-45c3-aadc-02ec90feeae9\IM231,,False,,43.13020773932518,,,350.0,,,75088.0,,
C:\Users\Gajendra\Desktop\D3_MONAI\Datasets\UTA4\sm\p3_9cfd047c-14f1-45c3-aadc-02ec90feeae9\IM232,,False,,34.39054818122629,,,358.0,,,71186.0,,
C:\Users\Gajendra\Desktop\D3_MONAI\Datasets\UTA4\sm\p3_9cfd047c-14f1-45c3-aadc-02ec90feeae9\IM233,,False,,43.31775867502942,,,329.0,,,75140.0,,
C:\Users\Gajendra\Desktop\D3_MONAI\Datasets\UTA4\sm\p3_9cfd047c-14f1-45c3-aadc-02ec90feeae9\IM234,,False,,43.60778196334165,,,333.0,,,75440.0,,
C:\Users\Gajendra\Desktop\D3_MONAI\Datasets\UTA4\sm\p3_9cfd047c-14f1-45c3-aadc-02ec90feeae9\IM235,,False,,43.80952988074528,,,332.0,,,75300.0,,
C:\Users\Gajendra\Desktop\D3_MONAI\Datasets\UTA4\sm\p3_9cfd047c-14f1-45c3-aadc-02ec90feeae9\IM236,,False,,43.71807228955213,,,335.0,,,75644.0,,
C:\Users\Gajendra\Desktop\D3_MONAI\Datasets\UTA4\sm\p3_9cfd047c-14f1-45c3-aadc-02ec90feeae9\IM237,,False,,43.28532580421282,,,327.0,,,75526.0,,
C:\Users\Gajendra\Desktop\D3_MONAI\Datasets\UTA4\sm\p3_9cfd047c-14f1-45c3-aadc-02ec90feeae9\IM238,,False,,42.43199442914,,,314.0,,,75850.0,,
C:\Users\Gajendra\Desktop\D3_MONAI\Datasets\UTA4\sm\p3_9cfd047c-14f1-45c3-aadc-02ec90feeae9\IM239,,False,,42.80143448734379,,,320.0,,,75542.0,,
C:\Users\Gajendra\Desktop\D3_MONAI\Datasets\UTA4\sm\p3_9cfd047c-14f1-45c3-aadc-02ec90feeae9\IM24,,False,,52.943657905577695,,,635.0,,,79638.0,,
C:\Users\Gajendra\Desktop\D3_MONAI\Datasets\UTA4\sm\p3_9cfd047c-14f1-45c3-aadc-02ec90feeae9\IM240,,False,,42.00680036620467,,,309.0,,,75876.0,,
C:\Users\Gajendra\Desktop\D3_MONAI\Datasets\UTA4\sm\p3_9cfd047c-14f1-45c3-aadc-02ec90feeae9\IM241,,False,,41.444349318944305,,,294.0,,,75730.0,,
C:\Users\Gajendra\Desktop\D3_MONAI\Datasets\UTA4\sm\p3_9cfd047c-14f1-45c3-aadc-02ec90feeae9\IM242,,False,,40.816754240109915,,,284.0,,,75670.0,,
C:\Users\Gajendra\Desktop\D3_MONAI\Datasets\UTA4\sm\p3_9cfd047c-14f1-45c3-aadc-02ec90feeae9\IM243,,False,,33.47201655365583,,,330.0,,,70940.0,,
C:\Users\Gajendra\Desktop\D3_MONAI\Datasets\UTA4\sm\p3_9cfd047c-14f1-45c3-aadc-02ec90feeae9\IM244,,False,,40.43452974856582,,,274.0,,,75774.0,,
C:\Users\Gajendra\Desktop\D3_MONAI\Datasets\UTA4\sm\p3_9cfd047c-14f1-45c3-aadc-02ec90feeae9\IM245,,False,,40.23496527344786,,,275.0,,,76084.0,,
C:\Users\Gajendra\Desktop\D3_MONAI\Datasets\UTA4\sm\p3_9cfd047c-14f1-45c3-aadc-02ec90feeae9\IM246,,False,,40.434555689268805,,,269.0,,,76018.0,,
C:\Users\Gajendra\Desktop\D3_MONAI\Datasets\UTA4\sm\p3_9cfd047c-14f1-45c3-aadc-02ec90feeae9\IM247,,False,,41.42693360057314,,,283.0,,,76162.0,,
C:\Users\Gajendra\Desktop\D3_MONAI\Datasets\UTA4\sm\p3_9cfd047c-14f1-45c3-aadc-02ec90feeae9\IM248,,False,,43.18788496326613,,,298.0,,,76302.0,,
C:\Users\Gajendra\Desktop\D3_MONAI\Datasets\UTA4\sm\p3_9cfd047c-14f1-45c3-aadc-02ec90feeae9\IM249,,False,,45.91288130528388,,,354.0,,,76646.0,,
C:\Users\Gajendra\Desktop\D3_MONAI\Datasets\UTA4\sm\p3_9cfd047c-14f1-45c3-aadc-02ec90feeae9\IM25,,False,,52.97020453500192,,,573.0,,,79600.0,,
C:\Users\Gajendra\Desktop\D3_MONAI\Datasets\UTA4\sm\p3_9cfd047c-14f1-45c3-aadc-02ec90feeae9\IM250,,False,,49.01794341877444,,,372.0,,,76836.0,,
C:\Users\Gajendra\Desktop\D3_MONAI\Datasets\UTA4\sm\p3_9cfd047c-14f1-45c3-aadc-02ec90feeae9\IM251,,False,,52.34084488437187,,,439.0,,,77104.0,,
C:\Users\Gajendra\Desktop\D3_MONAI\Datasets\UTA4\sm\p3_9cfd047c-14f1-45c3-aadc-02ec90feeae9\IM252,,False,,56.67189369445072,,,462.0,,,77230.0,,
C:\Users\Gajendra\Desktop\D3_MONAI\Datasets\UTA4\sm\p3_9cfd047c-14f1-45c3-aadc-02ec90feeae9\IM253,,False,,61.80965322714717,,,508.0,,,77396.0,,
C:\Users\Gajendra\Desktop\D3_MONAI\Datasets\UTA4\sm\p3_9cfd047c-14f1-45c3-aadc-02ec90feeae9\IM254,,False,,32.75363620728823,,,361.0,,,70472.0,,
C:\Users\Gajendra\Desktop\D3_MONAI\Datasets\UTA4\sm\p3_9cfd047c-14f1-45c3-aadc-02ec90feeae9\IM255,,False,,25.34384871005727,,,285.0,,,67750.0,,
C:\Users\Gajendra\Desktop\D3_MONAI\Datasets\UTA4\sm\p3_9cfd047c-14f1-45c3-aadc-02ec90feeae9\IM256,,,,,,,,,,,,
C:\Users\Gajendra\Desktop\D3_MONAI\Datasets\UTA4\sm\p3_9cfd047c-14f1-45c3-aadc-02ec90feeae9\IM257,,,,,,,,,,,,
C:\Users\Gajendra\Desktop\D3_MONAI\Datasets\UTA4\sm\p3_9cfd047c-14f1-45c3-aadc-02ec90feeae9\IM26,,False,,51.58490254075206,,,601.0,,,79498.0,,
C:\Users\Gajendra\Desktop\D3_MONAI\Datasets\UTA4\sm\p3_9cfd047c-14f1-45c3-aadc-02ec90feeae9\IM27,,False,,49.09904105345467,,,555.0,,,79708.0,,
C:\Users\Gajendra\Desktop\D3_MONAI\Datasets\UTA4\sm\p3_9cfd047c-14f1-45c3-aadc-02ec90feeae9\IM28,,False,,47.08573924531479,,,487.0,,,79702.0,,
C:\Users\Gajendra\Desktop\D3_MONAI\Datasets\UTA4\sm\p3_9cfd047c-14f1-45c3-aadc-02ec90feeae9\IM29,,False,,45.72300140882913,,,445.0,,,79758.0,,
C:\Users\Gajendra\Desktop\D3_MONAI\Datasets\UTA4\sm\p3_9cfd047c-14f1-45c3-aadc-02ec90feeae9\IM3,,False,,71.47207883940793,,,573.0,,,78430.0,,
C:\Users\Gajendra\Desktop\D3_MONAI\Datasets\UTA4\sm\p3_9cfd047c-14f1-45c3-aadc-02ec90feeae9\IM30,,False,,44.719500973972316,,,427.0,,,79656.0,,
C:\Users\Gajendra\Desktop\D3_MONAI\Datasets\UTA4\sm\p3_9cfd047c-14f1-45c3-aadc-02ec90feeae9\IM31,,False,,44.5119043694396,,,457.0,,,79650.0,,
C:\Users\Gajendra\Desktop\D3_MONAI\Datasets\UTA4\sm\p3_9cfd047c-14f1-45c3-aadc-02ec90feeae9\IM32,,False,,30.790251981610176,,,313.0,,,70018.0,,
C:\Users\Gajendra\Desktop\D3_MONAI\Datasets\UTA4\sm\p3_9cfd047c-14f1-45c3-aadc-02ec90feeae9\IM33,,False,,44.83832249277452,,,429.0,,,79638.0,,
C:\Users\Gajendra\Desktop\D3_MONAI\Datasets\UTA4\sm\p3_9cfd047c-14f1-45c3-aadc-02ec90feeae9\IM34,,False,,44.74373565972154,,,368.0,,,79504.0,,
C:\Users\Gajendra\Desktop\D3_MONAI\Datasets\UTA4\sm\p3_9cfd047c-14f1-45c3-aadc-02ec90feeae9\IM35,,False,,44.50095474249768,,,336.0,,,79460.0,,
C:\Users\Gajendra\Desktop\D3_MONAI\Datasets\UTA4\sm\p3_9cfd047c-14f1-45c3-aadc-02ec90feeae9\IM36,,False,,44.51921499164403,,,303.0,,,79526.0,,
C:\Users\Gajendra\Desktop\D3_MONAI\Datasets\UTA4\sm\p3_9cfd047c-14f1-45c3-aadc-02ec90feeae9\IM37,,False,,44.9976106404414,,,284.0,,,79638.0,,
C:\Users\Gajendra\Desktop\D3_MONAI\Datasets\UTA4\sm\p3_9cfd047c-14f1-45c3-aadc-02ec90feeae9\IM38,,False,,45.32739165685116,,,259.0,,,79530.0,,
C:\Users\Gajendra\Desktop\D3_MONAI\Datasets\UTA4\sm\p3_9cfd047c-14f1-45c3-aadc-02ec90feeae9\IM39,,False,,45.28406808086217,,,242.0,,,79516.0,,
C:\Users\Gajendra\Desktop\D3_MONAI\Datasets\UTA4\sm\p3_9cfd047c-14f1-45c3-aadc-02ec90feeae9\IM4,,False,,69.93634051433516,,,546.0,,,78890.0,,
C:\Users\Gajendra\Desktop\D3_MONAI\Datasets\UTA4\sm\p3_9cfd047c-14f1-45c3-aadc-02ec90feeae9\IM40,,False,,45.64468198634162,,,279.0,,,79564.0,,
C:\Users\Gajendra\Desktop\D3_MONAI\Datasets\UTA4\sm\p3_9cfd047c-14f1-45c3-aadc-02ec90feeae9\IM41,,False,,46.69798159813234,,,300.0,,,79340.0,,
C:\Users\Gajendra\Desktop\D3_MONAI\Datasets\UTA4\sm\p3_9cfd047c-14f1-45c3-aadc-02ec90feeae9\IM42,,False,,47.43777168752206,,,293.0,,,79480.0,,
C:\Users\Gajendra\Desktop\D3_MONAI\Datasets\UTA4\sm\p3_9cfd047c-14f1-45c3-aadc-02ec90feeae9\IM43,,False,,30.04147403236128,,,287.0,,,69638.0,,
C:\Users\Gajendra\Desktop\D3_MONAI\Datasets\UTA4\sm\p3_9cfd047c-14f1-45c3-aadc-02ec90feeae9\IM44,,False,,48.05226561273647,,,269.0,,,79440.0,,
C:\Users\Gajendra\Desktop\D3_MONAI\Datasets\UTA4\sm\p3_9cfd047c-14f1-45c3-aadc-02ec90feeae9\IM45,,False,,48.655999859605835,,,282.0,,,79348.0,,
C:\Users\Gajendra\Desktop\D3_MONAI\Datasets\UTA4\sm\p3_9cfd047c-14f1-45c3-aadc-02ec90feeae9\IM46,,False,,48.2052514000143,,,287.0,,,79356.0,,
C:\Users\Gajendra\Desktop\D3_MONAI\Datasets\UTA4\sm\p3_9cfd047c-14f1-45c3-aadc-02ec90feeae9\IM47,,False,,47.45985602620153,,,272.0,,,79350.0,,
C:\Users\Gajendra\Desktop\D3_MONAI\Datasets\UTA4\sm\p3_9cfd047c-14f1-45c3-aadc-02ec90feeae9\IM48,,False,,47.992194149329904,,,330.0,,,79226.0,,
C:\Users\Gajendra\Desktop\D3_MONAI\Datasets\UTA4\sm\p3_9cfd047c-14f1-45c3-aadc-02ec90feeae9\IM49,,False,,49.26796860554508,,,400.0,,,79300.0,,
C:\Users\Gajendra\Desktop\D3_MONAI\Datasets\UTA4\sm\p3_9cfd047c-14f1-45c3-aadc-02ec90feeae9\IM5,,False,,68.95633231823172,,,566.0,,,78618.0,,
C:\Users\Gajendra\Desktop\D3_MONAI\Datasets\UTA4\sm\p3_9cfd047c-14f1-45c3-aadc-02ec90feeae9\IM50,,False,,51.40335475823766,,,407.0,,,79242.0,,
C:\Users\Gajendra\Desktop\D3_MONAI\Datasets\UTA4\sm\p3_9cfd047c-14f1-45c3-aadc-02ec90feeae9\IM51,,False,,54.30532111344677,,,391.0,,,79306.0,,
C:\Users\Gajendra\Desktop\D3_MONAI\Datasets\UTA4\sm\p3_9cfd047c-14f1-45c3-aadc-02ec90feeae9\IM52,,False,,56.259642949173774,,,384.0,,,79292.0,,
C:\Users\Gajendra\Desktop\D3_MONAI\Datasets\UTA4\sm\p3_9cfd047c-14f1-45c3-aadc-02ec90feeae9\IM53,,False,,56.75796235339372,,,393.0,,,79218.0,,
C:\Users\Gajendra\Desktop\D3_MONAI\Datasets\UTA4\sm\p3_9cfd047c-14f1-45c3-aadc-02ec90feeae9\IM54,,False,,29.114665946016764,,,303.0,,,69560.0,,
C:\Users\Gajendra\Desktop\D3_MONAI\Datasets\UTA4\sm\p3_9cfd047c-14f1-45c3-aadc-02ec90feeae9\IM55,,False,,56.832242950059324,,,414.0,,,79218.0,,
C:\Users\Gajendra\Desktop\D3_MONAI\Datasets\UTA4\sm\p3_9cfd047c-14f1-45c3-aadc-02ec90feeae9\IM56,,False,,56.4500848149698,,,423.0,,,79290.0,,
C:\Users\Gajendra\Desktop\D3_MONAI\Datasets\UTA4\sm\p3_9cfd047c-14f1-45c3-aadc-02ec90feeae9\IM57,,False,,55.5079748503829,,,398.0,,,79220.0,,
C:\Users\Gajendra\Desktop\D3_MONAI\Datasets\UTA4\sm\p3_9cfd047c-14f1-45c3-aadc-02ec90feeae9\IM58,,False,,55.12373716044614,,,418.0,,,79020.0,,
C:\Users\Gajendra\Desktop\D3_MONAI\Datasets\UTA4\sm\p3_9cfd047c-14f1-45c3-aadc-02ec90feeae9\IM59,,False,,55.30306599815508,,,416.0,,,78950.0,,
C:\Users\Gajendra\Desktop\D3_MONAI\Datasets\UTA4\sm\p3_9cfd047c-14f1-45c3-aadc-02ec90feeae9\IM6,,False,,72.7728020258879,,,576.0,,,78924.0,,
C:\Users\Gajendra\Desktop\D3_MONAI\Datasets\UTA4\sm\p3_9cfd047c-14f1-45c3-aadc-02ec90feeae9\IM60,,False,,55.52095189689238,,,409.0,,,78796.0,,
C:\Users\Gajendra\Desktop\D3_MONAI\Datasets\UTA4\sm\p3_9cfd047c-14f1-45c3-aadc-02ec90feeae9\IM61,,False,,55.354147717765336,,,485.0,,,78850.0,,
C:\Users\Gajendra\Desktop\D3_MONAI\Datasets\UTA4\sm\p3_9cfd047c-14f1-45c3-aadc-02ec90feeae9\IM62,,False,,54.44841211095436,,,445.0,,,78814.0,,
C:\Users\Gajendra\Desktop\D3_MONAI\Datasets\UTA4\sm\p3_9cfd047c-14f1-45c3-aadc-02ec90feeae9\IM63,,False,,53.275655570495324,,,546.0,,,78680.0,,
C:\Users\Gajendra\Desktop\D3_MONAI\Datasets\UTA4\sm\p3_9cfd047c-14f1-45c3-aadc-02ec90feeae9\IM64,,False,,52.216080367995005,,,564.0,,,78556.0,,
C:\Users\Gajendra\Desktop\D3_MONAI\Datasets\UTA4\sm\p3_9cfd047c-14f1-45c3-aadc-02ec90feeae9\IM65,,False,,28.236422806663498,,,312.0,,,69238.0,,
C:\Users\Gajendra\Desktop\D3_MONAI\Datasets\UTA4\sm\p3_9cfd047c-14f1-45c3-aadc-02ec90feeae9\IM66,,False,,51.92660817885063,,,476.0,,,78344.0,,
C:\Users\Gajendra\Desktop\D3_MONAI\Datasets\UTA4\sm\p3_9cfd047c-14f1-45c3-aadc-02ec90feeae9\IM67,,False,,52.658427964445806,,,590.0,,,78366.0,,
C:\Users\Gajendra\Desktop\D3_MONAI\Datasets\UTA4\sm\p3_9cfd047c-14f1-45c3-aadc-02ec90feeae9\IM68,,False,,53.20911686609497,,,634.0,,,78032.0,,
C:\Users\Gajendra\Desktop\D3_MONAI\Datasets\UTA4\sm\p3_9cfd047c-14f1-45c3-aadc-02ec90feeae9\IM69,,False,,53.00556154214526,,,588.0,,,77844.0,,
C:\Users\Gajendra\Desktop\D3_MONAI\Datasets\UTA4\sm\p3_9cfd047c-14f1-45c3-aadc-02ec90feeae9\IM7,,False,,75.26317348853166,,,601.0,,,78874.0,,
C:\Users\Gajendra\Desktop\D3_MONAI\Datasets\UTA4\sm\p3_9cfd047c-14f1-45c3-aadc-02ec90feeae9\IM70,,False,,52.65354301665549,,,610.0,,,77788.0,,
C:\Users\Gajendra\Desktop\D3_MONAI\Datasets\UTA4\sm\p3_9cfd047c-14f1-45c3-aadc-02ec90feeae9\IM71,,False,,52.97080632138766,,,647.0,,,77702.0,,
C:\Users\Gajendra\Desktop\D3_MONAI\Datasets\UTA4\sm\p3_9cfd047c-14f1-45c3-aadc-02ec90feeae9\IM72,,False,,54.884357768160655,,,658.0,,,77476.0,,
C:\Users\Gajendra\Desktop\D3_MONAI\Datasets\UTA4\sm\p3_9cfd047c-14f1-45c3-aadc-02ec90feeae9\IM73,,False,,53.69319668428645,,,605.0,,,77630.0,,
C:\Users\Gajendra\Desktop\D3_MONAI\Datasets\UTA4\sm\p3_9cfd047c-14f1-45c3-aadc-02ec90feeae9\IM74,,False,,56.56810749947828,,,781.0,,,77272.0,,
C:\Users\Gajendra\Desktop\D3_MONAI\Datasets\UTA4\sm\p3_9cfd047c-14f1-45c3-aadc-02ec90feeae9\IM75,,False,,58.03819080915334,,,887.0,,,77210.0,,
C:\Users\Gajendra\Desktop\D3_MONAI\Datasets\UTA4\sm\p3_9cfd047c-14f1-45c3-aadc-02ec90feeae9\IM76,,False,,27.375014533650802,,,319.0,,,68948.0,,
C:\Users\Gajendra\Desktop\D3_MONAI\Datasets\UTA4\sm\p3_9cfd047c-14f1-45c3-aadc-02ec90feeae9\IM77,,False,,59.47194124888218,,,776.0,,,77016.0,,
C:\Users\Gajendra\Desktop\D3_MONAI\Datasets\UTA4\sm\p3_9cfd047c-14f1-45c3-aadc-02ec90feeae9\IM78,,False,,62.3728658727787,,,677.0,,,76906.0,,
C:\Users\Gajendra\Desktop\D3_MONAI\Datasets\UTA4\sm\p3_9cfd047c-14f1-45c3-aadc-02ec90feeae9\IM79,,False,,68.07683872135375,,,634.0,,,76762.0,,
C:\Users\Gajendra\Desktop\D3_MONAI\Datasets\UTA4\sm\p3_9cfd047c-14f1-45c3-aadc-02ec90feeae9\IM8,,False,,77.68728692376648,,,738.0,,,79066.0,,
C:\Users\Gajendra\Desktop\D3_MONAI\Datasets\UTA4\sm\p3_9cfd047c-14f1-45c3-aadc-02ec90feeae9\IM80,,False,,77.10920220955161,,,602.0,,,76686.0,,
C:\Users\Gajendra\Desktop\D3_MONAI\Datasets\UTA4\sm\p3_9cfd047c-14f1-45c3-aadc-02ec90feeae9\IM81,,False,,19.954709159272976,,,231.0,,,65744.0,,
C:\Users\Gajendra\Desktop\D3_MONAI\Datasets\UTA4\sm\p3_9cfd047c-14f1-45c3-aadc-02ec90feeae9\IM82,,False,,21.44333629566998,,,267.0,,,66208.0,,
C:\Users\Gajendra\Desktop\D3_MONAI\Datasets\UTA4\sm\p3_9cfd047c-14f1-45c3-aadc-02ec90feeae9\IM83,,False,,22.884726268265844,,,281.0,,,66454.0,,
C:\Users\Gajendra\Desktop\D3_MONAI\Datasets\UTA4\sm\p3_9cfd047c-14f1-45c3-aadc-02ec90feeae9\IM84,,False,,24.218184232738512,,,261.0,,,66942.0,,
C:\Users\Gajendra\Desktop\D3_MONAI\Datasets\UTA4\sm\p3_9cfd047c-14f1-45c3-aadc-02ec90feeae9\IM85,,False,,25.3171187296581,,,304.0,,,67298.0,,
C:\Users\Gajendra\Desktop\D3_MONAI\Datasets\UTA4\sm\p3_9cfd047c-14f1-45c3-aadc-02ec90feeae9\IM86,,False,,26.191081088568357,,,321.0,,,67742.0,,
C:\Users\Gajendra\Desktop\D3_MONAI\Datasets\UTA4\sm\p3_9cfd047c-14f1-45c3-aadc-02ec90feeae9\IM87,,False,,27.11519626766989,,,325.0,,,68080.0,,
C:\Users\Gajendra\Desktop\D3_MONAI\Datasets\UTA4\sm\p3_9cfd047c-14f1-45c3-aadc-02ec90feeae9\IM88,,False,,83.3898182409905,,,689.0,,,76496.0,,
C:\Users\Gajendra\Desktop\D3_MONAI\Datasets\UTA4\sm\p3_9cfd047c-14f1-45c3-aadc-02ec90feeae9\IM89,,False,,27.877533119276496,,,341.0,,,68868.0,,
C:\Users\Gajendra\Desktop\D3_MONAI\Datasets\UTA4\sm\p3_9cfd047c-14f1-45c3-aadc-02ec90feeae9\IM9,,False,,76.07996245220153,,,849.0,,,79096.0,,
C:\Users\Gajendra\Desktop\D3_MONAI\Datasets\UTA4\sm\p3_9cfd047c-14f1-45c3-aadc-02ec90feeae9\IM90,,False,,28.42233816068027,,,305.0,,,69608.0,,
C:\Users\Gajendra\Desktop\D3_MONAI\Datasets\UTA4\sm\p3_9cfd047c-14f1-45c3-aadc-02ec90feeae9\IM91,,False,,29.38445474320658,,,288.0,,,70386.0,,
C:\Users\Gajendra\Desktop\D3_MONAI\Datasets\UTA4\sm\p3_9cfd047c-14f1-45c3-aadc-02ec90feeae9\IM92,,False,,30.891860977493373,,,276.0,,,71322.0,,
C:\Users\Gajendra\Desktop\D3_MONAI\Datasets\UTA4\sm\p3_9cfd047c-14f1-45c3-aadc-02ec90feeae9\IM93,,False,,35.25308867859911,,,283.0,,,71772.0,,
C:\Users\Gajendra\Desktop\D3_MONAI\Datasets\UTA4\sm\p3_9cfd047c-14f1-45c3-aadc-02ec90feeae9\IM94,,False,,48.07205531209387,,,394.0,,,72188.0,,
C:\Users\Gajendra\Desktop\D3_MONAI\Datasets\UTA4\sm\p3_9cfd047c-14f1-45c3-aadc-02ec90feeae9\IM95,,False,,67.56266381417082,,,452.0,,,72652.0,,
C:\Users\Gajendra\Desktop\D3_MONAI\Datasets\UTA4\sm\p3_9cfd047c-14f1-45c3-aadc-02ec90feeae9\IM96,,False,,81.32620965904974,,,548.0,,,72936.0,,
C:\Users\Gajendra\Desktop\D3_MONAI\Datasets\UTA4\sm\p3_9cfd047c-14f1-45c3-aadc-02ec90feeae9\IM97,,False,,85.47637253853067,,,518.0,,,73428.0,,
C:\Users\Gajendra\Desktop\D3_MONAI\Datasets\UTA4\sm\p3_9cfd047c-14f1-45c3-aadc-02ec90feeae9\IM98,,False,,85.5645552400404,,,504.0,,,73616.0,,
C:\Users\Gajendra\Desktop\D3_MONAI\Datasets\UTA4\sm\p3_9cfd047c-14f1-45c3-aadc-02ec90feeae9\IM99,,False,,97.0083817682511,,,737.0,,,76374.0,,
C:\Users\Gajendra\Desktop\D3_MONAI\Datasets\UTA7\Anonymized1\MG000000.dcm,,,,,,,,,,,,
C:\Users\Gajendra\Desktop\D3_MONAI\Datasets\UTA7\Anonymized1\MG000001.dcm,,,,,,,,,,,,
C:\Users\Gajendra\Desktop\D3_MONAI\Datasets\UTA7\Anonymized1\MG000002.dcm,,,,,,,,,,,,
C:\Users\Gajendra\Desktop\D3_MONAI\Datasets\UTA7\Anonymized1\MG000003.dcm,,,,,,,,,,,,
C:\Users\Gajendra\Desktop\D3_MONAI\Datasets\UTA7\Anonymized1\US000000.dcm,,,,,,,,,,,,
C:\Users\Gajendra\Desktop\D3_MONAI\Datasets\UTA7\Anonymized2\MG000000.dcm,,,,,,,,,,,,
C:\Users\Gajendra\Desktop\D3_MONAI\Datasets\UTA7\Anonymized2\MG000001.dcm,,,,,,,,,,,,
C:\Users\Gajendra\Desktop\D3_MONAI\Datasets\UTA7\Anonymized3\MG000000.dcm,,,,,,,,,,,,
C:\Users\Gajendra\Desktop\D3_MONAI\Datasets\UTA7\Anonymized3\MG000001.dcm,,,,,,,,,,,,
C:\Users\Gajendra\Desktop\D3_MONAI\Datasets\UTA7\Anonymized3\US000000.dcm,,,,,,,,,,,,
C:\Users\Gajendra\Desktop\D3_MONAI\Datasets\UTA7\Anonymized4\MG000000.dcm,,,,,,,,,,,,
C:\Users\Gajendra\Desktop\D3_MONAI\Datasets\UTA7\Anonymized4\MG000001.dcm,,,,,,,,,,,,
C:\Users\Gajendra\Desktop\D3_MONAI\Datasets\UTA7\Anonymized4\MG000002.dcm,,,,,,,,,,,,
C:\Users\Gajendra\Desktop\D3_MONAI\Datasets\UTA7\Anonymized4\MG000003.dcm,,,,,,,,,,,,
C:\Users\Gajendra\Desktop\D3_MONAI\Datasets\UTA7\Anonymized4\MG000004.dcm,,,,,,,,,,,,
C:\Users\Gajendra\Desktop\D3_MONAI\Datasets\UTA7\Anonymized4\US000000.dcm,,,,,,,,,,,,
C:\Users\Gajendra\Desktop\D3_MONAI\Datasets\UTA7\Anonymized5\MG000000.dcm,,,,,,,,,,,,
C:\Users\Gajendra\Desktop\D3_MONAI\Datasets\UTA7\Anonymized5\MG000001.dcm,,,,,,,,,,,,
C:\Users\Gajendra\Desktop\D3_MONAI\Datasets\UTA7\Anonymized5\MG000002.dcm,,,,,,,,,,,,
C:\Users\Gajendra\Desktop\D3_MONAI\Datasets\UTA7\Anonymized5\MG000003.dcm,,,,,,,,,,,,
C:\Users\Gajendra\Desktop\D3_MONAI\Datasets\UTA7\Anonymized5\US000000.dcm,,,,,,,,,,,,
C:\Users\Gajendra\Desktop\D3_MONAI\Datasets\UTA7\Anonymized6\MR000000.dcm,,False,,58.03115800103524,,,542.0,,,114882.0,,
C:\Users\Gajendra\Desktop\D3_MONAI\Datasets\UTA7\Anonymized6\MR000001.dcm,,False,,58.12646459098564,,,554.0,,,114848.0,,
C:\Users\Gajendra\Desktop\D3_MONAI\Datasets\UTA7\Anonymized6\MR000002.dcm,,False,,58.167828629306314,,,524.0,,,115010.0,,
C:\Users\Gajendra\Desktop\D3_MONAI\Datasets\UTA7\Anonymized6\MR000003.dcm,,False,,58.22378954324277,,,624.0,,,114654.0,,
C:\Users\Gajendra\Desktop\D3_MONAI\Datasets\UTA7\Anonymized6\MR000004.dcm,,False,,58.24208346228604,,,645.0,,,114628.0,,
C:\Users\Gajendra\Desktop\D3_MONAI\Datasets\UTA7\Anonymized6\MR000005.dcm,,False,,58.51639473682455,,,531.0,,,114558.0,,
C:\Users\Gajendra\Desktop\D3_MONAI\Datasets\UTA7\Anonymized6\MR000006.dcm,,False,,59.15317960198583,,,572.0,,,114456.0,,
C:\Users\Gajendra\Desktop\D3_MONAI\Datasets\UTA7\Anonymized6\MR000007.dcm,,False,,59.029537076088914,,,524.0,,,114590.0,,
C:\Users\Gajendra\Desktop\D3_MONAI\Datasets\UTA7\Anonymized6\MR000008.dcm,,False,,59.74498159727631,,,549.0,,,114724.0,,
C:\Users\Gajendra\Desktop\D3_MONAI\Datasets\UTA7\Anonymized6\MR000009.dcm,,False,,60.56992258286463,,,554.0,,,114454.0,,
C:\Users\Gajendra\Desktop\D3_MONAI\Datasets\UTA7\Anonymized6\MR000010.dcm,,False,,18.12527429259536,,,130.0,,,108166.0,,
C:\Users\Gajendra\Desktop\D3_MONAI\Datasets\UTA7\Anonymized6\MR000011.dcm,,False,,61.60690206650067,,,530.0,,,114654.0,,
C:\Users\Gajendra\Desktop\D3_MONAI\Datasets\UTA7\Anonymized6\MR000012.dcm,,False,,62.45410853918729,,,523.0,,,114680.0,,
C:\Users\Gajendra\Desktop\D3_MONAI\Datasets\UTA7\Anonymized6\MR000013.dcm,,False,,62.849509701393686,,,488.0,,,114544.0,,
C:\Users\Gajendra\Desktop\D3_MONAI\Datasets\UTA7\Anonymized6\MR000014.dcm,,False,,63.042340247398826,,,490.0,,,114774.0,,
C:\Users\Gajendra\Desktop\D3_MONAI\Datasets\UTA7\Anonymized6\MR000015.dcm,,False,,63.35400081723821,,,523.0,,,114822.0,,
C:\Users\Gajendra\Desktop\D3_MONAI\Datasets\UTA7\Anonymized6\MR000016.dcm,,False,,63.75756783896875,,,510.0,,,115000.0,,
C:\Users\Gajendra\Desktop\D3_MONAI\Datasets\UTA7\Anonymized6\MR000017.dcm,,False,,64.63520126556011,,,456.0,,,114898.0,,
C:\Users\Gajendra\Desktop\D3_MONAI\Datasets\UTA7\Anonymized6\MR000018.dcm,,False,,65.78158942365465,,,458.0,,,114854.0,,
C:\Users\Gajendra\Desktop\D3_MONAI\Datasets\UTA7\Anonymized6\MR000019.dcm,,False,,67.17358158736806,,,494.0,,,115008.0,,
C:\Users\Gajendra\Desktop\D3_MONAI\Datasets\UTA7\Anonymized6\MR000020.dcm,,False,,66.89359535242185,,,495.0,,,115002.0,,
C:\Users\Gajendra\Desktop\D3_MONAI\Datasets\UTA7\Anonymized6\MR000021.dcm,,False,,17.551747484136754,,,126.0,,,108158.0,,
C:\Users\Gajendra\Desktop\D3_MONAI\Datasets\UTA7\Anonymized6\MR000022.dcm,,False,,66.16731058991653,,,513.0,,,115024.0,,
C:\Users\Gajendra\Desktop\D3_MONAI\Datasets\UTA7\Anonymized6\MR000023.dcm,,False,,66.6027643466911,,,458.0,,,115012.0,,
C:\Users\Gajendra\Desktop\D3_MONAI\Datasets\UTA7\Anonymized6\MR000024.dcm,,False,,66.56638973715987,,,495.0,,,115204.0,,
C:\Users\Gajendra\Desktop\D3_MONAI\Datasets\UTA7\Anonymized6\MR000025.dcm,,False,,65.12723672516421,,,490.0,,,115388.0,,
C:\Users\Gajendra\Desktop\D3_MONAI\Datasets\UTA7\Anonymized6\MR000026.dcm,,False,,63.962878219793424,,,449.0,,,115040.0,,
C:\Users\Gajendra\Desktop\D3_MONAI\Datasets\UTA7\Anonymized6\MR000027.dcm,,False,,63.966947485474904,,,445.0,,,115170.0,,
C:\Users\Gajendra\Desktop\D3_MONAI\Datasets\UTA7\Anonymized6\MR000028.dcm,,False,,63.70380937814622,,,416.0,,,115130.0,,
C:\Users\Gajendra\Desktop\D3_MONAI\Datasets\UTA7\Anonymized6\MR000029.dcm,,False,,63.56204454378213,,,417.0,,,115148.0,,
C:\Users\Gajendra\Desktop\D3_MONAI\Datasets\UTA7\Anonymized6\MR000030.dcm,,False,,63.210345888550606,,,407.0,,,114960.0,,
C:\Users\Gajendra\Desktop\D3_MONAI\Datasets\UTA7\Anonymized6\MR000031.dcm,,False,,62.835907504805554,,,424.0,,,114862.0,,
C:\Users\Gajendra\Desktop\D3_MONAI\Datasets\UTA7\Anonymized6\MR000032.dcm,,False,,16.91370389330781,,,116.0,,,108160.0,,
C:\Users\Gajendra\Desktop\D3_MONAI\Datasets\UTA7\Anonymized6\MR000033.dcm,,False,,62.20178401819748,,,407.0,,,115242.0,,
C:\Users\Gajendra\Desktop\D3_MONAI\Datasets\UTA7\Anonymized6\MR000034.dcm,,False,,61.23134545786642,,,452.0,,,114862.0,,
C:\Users\Gajendra\Desktop\D3_MONAI\Datasets\UTA7\Anonymized6\MR000035.dcm,,False,,60.47107640419871,,,405.0,,,114248.0,,
C:\Users\Gajendra\Desktop\D3_MONAI\Datasets\UTA7\Anonymized6\MR000036.dcm,,False,,60.064876335417935,,,435.0,,,114216.0,,
C:\Users\Gajendra\Desktop\D3_MONAI\Datasets\UTA7\Anonymized6\MR000037.dcm,,False,,59.648380532109215,,,475.0,,,114544.0,,
C:\Users\Gajendra\Desktop\D3_MONAI\Datasets\UTA7\Anonymized6\MR000038.dcm,,False,,59.40942292718658,,,491.0,,,114392.0,,
C:\Users\Gajendra\Desktop\D3_MONAI\Datasets\UTA7\Anonymized6\MR000039.dcm,,False,,59.188371738411774,,,480.0,,,113970.0,,
C:\Users\Gajendra\Desktop\D3_MONAI\Datasets\UTA7\Anonymized6\MR000040.dcm,,False,,58.70585384742802,,,507.0,,,113242.0,,
C:\Users\Gajendra\Desktop\D3_MONAI\Datasets\UTA7\Anonymized6\MR000041.dcm,,False,,58.77241637582117,,,524.0,,,113184.0,,
C:\Users\Gajendra\Desktop\D3_MONAI\Datasets\UTA7\Anonymized6\MR000042.dcm,,False,,59.12278355249214,,,495.0,,,112920.0,,
C:\Users\Gajendra\Desktop\D3_MONAI\Datasets\UTA7\Anonymized6\MR000043.dcm,,False,,16.231364473305664,,,111.0,,,108346.0,,
C:\Users\Gajendra\Desktop\D3_MONAI\Datasets\UTA7\Anonymized6\MR000044.dcm,,False,,59.65559581212294,,,451.0,,,112516.0,,
C:\Users\Gajendra\Desktop\D3_MONAI\Datasets\UTA7\Anonymized6\MR000045.dcm,,False,,60.07918651129943,,,442.0,,,112300.0,,
C:\Users\Gajendra\Desktop\D3_MONAI\Datasets\UTA7\Anonymized6\MR000046.dcm,,False,,59.80350081700074,,,454.0,,,112412.0,,
C:\Users\Gajendra\Desktop\D3_MONAI\Datasets\UTA7\Anonymized6\MR000047.dcm,,False,,59.22512728968456,,,475.0,,,112348.0,,
C:\Users\Gajendra\Desktop\D3_MONAI\Datasets\UTA7\Anonymized6\MR000048.dcm,,False,,59.0320601300018,,,440.0,,,111958.0,,
C:\Users\Gajendra\Desktop\D3_MONAI\Datasets\UTA7\Anonymized6\MR000049.dcm,,False,,58.977130955338446,,,438.0,,,112048.0,,
C:\Users\Gajendra\Desktop\D3_MONAI\Datasets\UTA7\Anonymized6\MR000050.dcm,,False,,58.664857748122415,,,438.0,,,111866.0,,
C:\Users\Gajendra\Desktop\D3_MONAI\Datasets\UTA7\Anonymized6\MR000051.dcm,,False,,58.407004682852275,,,461.0,,,111594.0,,
C:\Users\Gajendra\Desktop\D3_MONAI\Datasets\UTA7\Anonymized6\MR000052.dcm,,False,,57.93216103473032,,,454.0,,,111880.0,,
C:\Users\Gajendra\Desktop\D3_MONAI\Datasets\UTA7\Anonymized6\MR000053.dcm,,False,,57.509945128991994,,,427.0,,,111456.0,,
C:\Users\Gajendra\Desktop\D3_MONAI\Datasets\UTA7\Anonymized6\MR000054.dcm,,False,,15.430497039778988,,,96.0,,,108114.0,,
C:\Users\Gajendra\Desktop\D3_MONAI\Datasets\UTA7\Anonymized6\MR000055.dcm,,False,,57.28776971469825,,,463.0,,,111390.0,,
C:\Users\Gajendra\Desktop\D3_MONAI\Datasets\UTA7\Anonymized6\MR000056.dcm,,False,,57.020409008683565,,,408.0,,,111384.0,,
C:\Users\Gajendra\Desktop\D3_MONAI\Datasets\UTA7\Anonymized6\MR000057.dcm,,False,,56.64014891863185,,,410.0,,,111060.0,,
C:\Users\Gajendra\Desktop\D3_MONAI\Datasets\UTA7\Anonymized6\MR000058.dcm,,False,,56.53312641936525,,,440.0,,,111016.0,,
C:\Users\Gajendra\Desktop\D3_MONAI\Datasets\UTA7\Anonymized6\MR000059.dcm,,False,,56.4330328204231,,,438.0,,,110928.0,,
C:\Users\Gajendra\Desktop\D3_MONAI\Datasets\UTA7\Anonymized6\MR000060.dcm,,False,,56.39883274359387,,,467.0,,,110962.0,,
C:\Users\Gajendra\Desktop\D3_MONAI\Datasets\UTA7\Anonymized6\MR000061.dcm,,False,,56.38459176180724,,,431.0,,,111130.0,,
C:\Users\Gajendra\Desktop\D3_MONAI\Datasets\UTA7\Anonymized6\MR000062.dcm,,False,,56.347502874494054,,,462.0,,,110768.0,,
C:\Users\Gajendra\Desktop\D3_MONAI\Datasets\UTA7\Anonymized6\MR000063.dcm,,False,,56.04726968531758,,,447.0,,,111016.0,,
C:\Users\Gajendra\Desktop\D3_MONAI\Datasets\UTA7\Anonymized6\MR000064.dcm,,False,,55.60519977943007,,,462.0,,,110594.0,,
C:\Users\Gajendra\Desktop\D3_MONAI\Datasets\UTA7\Anonymized6\MR000065.dcm,,False,,14.456144494171454,,,95.0,,,107732.0,,
C:\Users\Gajendra\Desktop\D3_MONAI\Datasets\UTA7\Anonymized6\MR000066.dcm,,False,,55.260629744580015,,,546.0,,,110700.0,,
C:\Users\Gajendra\Desktop\D3_MONAI\Datasets\UTA7\Anonymized6\MR000067.dcm,,False,,54.593745934589016,,,506.0,,,110366.0,,
C:\Users\Gajendra\Desktop\D3_MONAI\Datasets\UTA7\Anonymized6\MR000068.dcm,,False,,53.83946148496196,,,497.0,,,110338.0,,
C:\Users\Gajendra\Desktop\D3_MONAI\Datasets\UTA7\Anonymized6\MR000069.dcm,,False,,52.54013832368843,,,460.0,,,110216.0,,
C:\Users\Gajendra\Desktop\D3_MONAI\Datasets\UTA7\Anonymized6\MR000070.dcm,,False,,51.083060129106656,,,413.0,,,109836.0,,
C:\Users\Gajendra\Desktop\D3_MONAI\Datasets\UTA7\Anonymized6\MR000071.dcm,,False,,49.92939779015982,,,427.0,,,109820.0,,
C:\Users\Gajendra\Desktop\D3_MONAI\Datasets\UTA7\Anonymized6\MR000072.dcm,,False,,48.24577090135158,,,406.0,,,109708.0,,
C:\Users\Gajendra\Desktop\D3_MONAI\Datasets\UTA7\Anonymized6\MR000073.dcm,,False,,46.21917598597268,,,420.0,,,109958.0,,
C:\Users\Gajendra\Desktop\D3_MONAI\Datasets\UTA7\Anonymized6\MR000074.dcm,,False,,43.92443274056682,,,370.0,,,109650.0,,
C:\Users\Gajendra\Desktop\D3_MONAI\Datasets\UTA7\Anonymized6\MR000075.dcm,,False,,41.61295483467035,,,342.0,,,109674.0,,
C:\Users\Gajendra\Desktop\D3_MONAI\Datasets\UTA7\Anonymized6\MR000076.dcm,,False,,13.423053448996919,,,89.0,,,107506.0,,
C:\Users\Gajendra\Desktop\D3_MONAI\Datasets\UTA7\Anonymized6\MR000077.dcm,,False,,39.11127636526906,,,327.0,,,109396.0,,
C:\Users\Gajendra\Desktop\D3_MONAI\Datasets\UTA7\Anonymized6\MR000078.dcm,,False,,36.332015059874536,,,314.0,,,109546.0,,
C:\Users\Gajendra\Desktop\D3_MONAI\Datasets\UTA7\Anonymized6\MR000079.dcm,,False,,33.79334958979258,,,293.0,,,109014.0,,
C:\Users\Gajendra\Desktop\D3_MONAI\Datasets\UTA7\Anonymized6\MR000080.dcm,,False,,31.573199285058337,,,266.0,,,108834.0,,
C:\Users\Gajendra\Desktop\D3_MONAI\Datasets\UTA7\Anonymized6\MR000081.dcm,,False,,29.559503325132383,,,238.0,,,109060.0,,
C:\Users\Gajendra\Desktop\D3_MONAI\Datasets\UTA7\Anonymized6\MR000082.dcm,,False,,27.91960353163412,,,207.0,,,109152.0,,
C:\Users\Gajendra\Desktop\D3_MONAI\Datasets\UTA7\Anonymized6\MR000083.dcm,,False,,26.49320902821331,,,184.0,,,108754.0,,
C:\Users\Gajendra\Desktop\D3_MONAI\Datasets\UTA7\Anonymized6\MR000084.dcm,,False,,25.164040840975463,,,164.0,,,108500.0,,
C:\Users\Gajendra\Desktop\D3_MONAI\Datasets\UTA7\Anonymized6\MR000085.dcm,,False,,24.147290437225266,,,160.0,,,108536.0,,
C:\Users\Gajendra\Desktop\D3_MONAI\Datasets\UTA7\Anonymized6\MR000086.dcm,,False,,23.371558407200798,,,154.0,,,108414.0,,
C:\Users\Gajendra\Desktop\D3_MONAI\Datasets\UTA7\Anonymized6\MR000087.dcm,,False,,12.315899575773471,,,77.0,,,107252.0,,
C:\Users\Gajendra\Desktop\D3_MONAI\Datasets\UTA7\Anonymized6\MR000088.dcm,,False,,22.706459930432,,,155.0,,,108212.0,,
C:\Users\Gajendra\Desktop\D3_MONAI\Datasets\UTA7\Anonymized6\MR000089.dcm,,False,,22.188809835042104,,,153.0,,,108014.0,,
C:\Users\Gajendra\Desktop\D3_MONAI\Datasets\UTA7\Anonymized6\MR000090.dcm,,False,,17.586080442661004,,,245.0,,,107324.0,,
C:\Users\Gajendra\Desktop\D3_MONAI\Datasets\UTA7\Anonymized6\MR000091.dcm,,False,,19.94737192126027,,,301.0,,,107532.0,,
C:\Users\Gajendra\Desktop\D3_MONAI\Datasets\UTA7\Anonymized6\MR000092.dcm,,False,,22.01701906156776,,,345.0,,,107696.0,,
C:\Users\Gajendra\Desktop\D3_MONAI\Datasets\UTA7\Anonymized6\MR000093.dcm,,False,,23.815053020881493,,,377.0,,,107762.0,,
C:\Users\Gajendra\Desktop\D3_MONAI\Datasets\UTA7\Anonymized6\MR000094.dcm,,False,,25.510333232379896,,,393.0,,,108336.0,,
C:\Users\Gajendra\Desktop\D3_MONAI\Datasets\UTA7\Anonymized6\MR000095.dcm,,False,,27.42110972449378,,,442.0,,,108350.0,,
C:\Users\Gajendra\Desktop\D3_MONAI\Datasets\UTA7\Anonymized6\MR000096.dcm,,False,,29.0721402743984,,,454.0,,,108338.0,,
C:\Users\Gajendra\Desktop\D3_MONAI\Datasets\UTA7\Anonymized6\MR000097.dcm,,False,,21.78228247757455,,,159.0,,,108250.0,,
C:\Users\Gajendra\Desktop\D3_MONAI\Datasets\UTA7\Anonymized6\MR000098.dcm,,False,,30.650962757299812,,,420.0,,,108136.0,,
C:\Users\Gajendra\Desktop\D3_MONAI\Datasets\UTA7\Anonymized6\MR000099.dcm,,False,,32.42972326721301,,,465.0,,,107886.0,,
C:\Users\Gajendra\Desktop\D3_MONAI\Datasets\UTA7\Anonymized6\MR000100.dcm,,False,,33.89340658700913,,,474.0,,,108266.0,,
C:\Users\Gajendra\Desktop\D3_MONAI\Datasets\UTA7\Anonymized6\MR000101.dcm,,False,,35.173504604124446,,,468.0,,,108262.0,,
C:\Users\Gajendra\Desktop\D3_MONAI\Datasets\UTA7\Anonymized6\MR000102.dcm,,False,,36.25530516537266,,,501.0,,,108544.0,,
C:\Users\Gajendra\Desktop\D3_MONAI\Datasets\UTA7\Anonymized6\MR000103.dcm,,False,,37.393400916156935,,,488.0,,,108092.0,,
C:\Users\Gajendra\Desktop\D3_MONAI\Datasets\UTA7\Anonymized6\MR000104.dcm,,False,,38.71476274585672,,,507.0,,,108080.0,,
C:\Users\Gajendra\Desktop\D3_MONAI\Datasets\UTA7\Anonymized6\MR000105.dcm,,False,,40.030633769393894,,,515.0,,,108256.0,,
C:\Users\Gajendra\Desktop\D3_MONAI\Datasets\UTA7\Anonymized6\MR000106.dcm,,False,,41.17705111287442,,,594.0,,,108530.0,,
C:\Users\Gajendra\Desktop\D3_MONAI\Datasets\UTA7\Anonymized6\MR000107.dcm,,False,,42.244241570817614,,,636.0,,,108806.0,,
C:\Users\Gajendra\Desktop\D3_MONAI\Datasets\UTA7\Anonymized6\MR000108.dcm,,False,,21.25982013614119,,,148.0,,,108416.0,,
C:\Users\Gajendra\Desktop\D3_MONAI\Datasets\UTA7\Anonymized6\MR000109.dcm,,False,,43.28191635447899,,,556.0,,,108796.0,,
C:\Users\Gajendra\Desktop\D3_MONAI\Datasets\UTA7\Anonymized6\MR000110.dcm,,False,,44.469202550359235,,,546.0,,,109160.0,,
C:\Users\Gajendra\Desktop\D3_MONAI\Datasets\UTA7\Anonymized6\MR000111.dcm,,False,,45.162985731868325,,,553.0,,,108978.0,,
C:\Users\Gajendra\Desktop\D3_MONAI\Datasets\UTA7\Anonymized6\MR000112.dcm,,False,,45.971760499569214,,,580.0,,,108844.0,,
C:\Users\Gajendra\Desktop\D3_MONAI\Datasets\UTA7\Anonymized6\MR000113.dcm,,False,,46.74855431814739,,,551.0,,,109076.0,,
C:\Users\Gajendra\Desktop\D3_MONAI\Datasets\UTA7\Anonymized6\MR000114.dcm,,False,,47.43722625249034,,,563.0,,,109124.0,,
C:\Users\Gajendra\Desktop\D3_MONAI\Datasets\UTA7\Anonymized6\MR000115.dcm,,False,,47.89720778457638,,,557.0,,,109240.0,,
C:\Users\Gajendra\Desktop\D3_MONAI\Datasets\UTA7\Anonymized6\MR000116.dcm,,False,,48.464711597963316,,,574.0,,,109150.0,,
C:\Users\Gajendra\Desktop\D3_MONAI\Datasets\UTA7\Anonymized6\MR000117.dcm,,False,,49.2177058625965,,,625.0,,,109174.0,,
C:\Users\Gajendra\Desktop\D3_MONAI\Datasets\UTA7\Anonymized6\MR000118.dcm,,False,,49.539513203242684,,,629.0,,,109272.0,,
C:\Users\Gajendra\Desktop\D3_MONAI\Datasets\UTA7\Anonymized6\MR000119.dcm,,False,,20.669346420644548,,,156.0,,,108212.0,,
C:\Users\Gajendra\Desktop\D3_MONAI\Datasets\UTA7\Anonymized6\MR000120.dcm,,False,,49.64473021499699,,,572.0,,,109454.0,,
C:\Users\Gajendra\Desktop\D3_MONAI\Datasets\UTA7\Anonymized6\MR000121.dcm,,False,,50.35879738737499,,,516.0,,,109452.0,,
C:\Users\Gajendra\Desktop\D3_MONAI\Datasets\UTA7\Anonymized6\MR000122.dcm,,False,,51.38920415282517,,,539.0,,,109550.0,,
C:\Users\Gajendra\Desktop\D3_MONAI\Datasets\UTA7\Anonymized6\MR000123.dcm,,False,,51.98905985917924,,,543.0,,,109564.0,,
C:\Users\Gajendra\Desktop\D3_MONAI\Datasets\UTA7\Anonymized6\MR000124.dcm,,False,,52.11838178524147,,,504.0,,,109252.0,,
C:\Users\Gajendra\Desktop\D3_MONAI\Datasets\UTA7\Anonymized6\MR000125.dcm,,False,,52.28613788572613,,,485.0,,,109402.0,,
C:\Users\Gajendra\Desktop\D3_MONAI\Datasets\UTA7\Anonymized6\MR000126.dcm,,False,,52.53767602878115,,,533.0,,,109668.0,,
C:\Users\Gajendra\Desktop\D3_MONAI\Datasets\UTA7\Anonymized6\MR000127.dcm,,False,,52.88869387519775,,,509.0,,,109700.0,,
C:\Users\Gajendra\Desktop\D3_MONAI\Datasets\UTA7\Anonymized6\MR000128.dcm,,False,,53.04702134332106,,,467.0,,,109952.0,,
C:\Users\Gajendra\Desktop\D3_MONAI\Datasets\UTA7\Anonymized6\MR000129.dcm,,False,,53.25220975219465,,,476.0,,,110032.0,,
C:\Users\Gajendra\Desktop\D3_MONAI\Datasets\UTA7\Anonymized6\MR000130.dcm,,False,,20.281805320683752,,,158.0,,,108502.0,,
C:\Users\Gajendra\Desktop\D3_MONAI\Datasets\UTA7\Anonymized6\MR000131.dcm,,False,,53.77424661531225,,,498.0,,,110054.0,,
C:\Users\Gajendra\Desktop\D3_MONAI\Datasets\UTA7\Anonymized6\MR000132.dcm,,False,,54.351556110209394,,,499.0,,,110158.0,,
C:\Users\Gajendra\Desktop\D3_MONAI\Datasets\UTA7\Anonymized6\MR000133.dcm,,False,,54.79570081201023,,,491.0,,,110178.0,,
C:\Users\Gajendra\Desktop\D3_MONAI\Datasets\UTA7\Anonymized6\MR000134.dcm,,False,,55.37945590293725,,,482.0,,,110218.0,,
C:\Users\Gajendra\Desktop\D3_MONAI\Datasets\UTA7\Anonymized6\MR000135.dcm,,False,,55.91897821733573,,,508.0,,,110680.0,,
C:\Users\Gajendra\Desktop\D3_MONAI\Datasets\UTA7\Anonymized6\MR000136.dcm,,False,,56.306037858091734,,,514.0,,,110404.0,,
C:\Users\Gajendra\Desktop\D3_MONAI\Datasets\UTA7\Anonymized6\MR000137.dcm,,False,,56.20901629095366,,,497.0,,,110512.0,,
C:\Users\Gajendra\Desktop\D3_MONAI\Datasets\UTA7\Anonymized6\MR000138.dcm,,False,,55.54588129043963,,,479.0,,,110734.0,,
C:\Users\Gajendra\Desktop\D3_MONAI\Datasets\UTA7\Anonymized6\MR000139.dcm,,False,,55.020336180960484,,,507.0,,,110760.0,,
C:\Users\Gajendra\Desktop\D3_MONAI\Datasets\UTA7\Anonymized6\MR000140.dcm,,False,,55.156296604644,,,505.0,,,111052.0,,
C:\Users\Gajendra\Desktop\D3_MONAI\Datasets\UTA7\Anonymized6\MR000141.dcm,,False,,20.053300135704465,,,159.0,,,108228.0,,
C:\Users\Gajendra\Desktop\D3_MONAI\Datasets\UTA7\Anonymized6\MR000142.dcm,,False,,55.28665452922695,,,483.0,,,110888.0,,
C:\Users\Gajendra\Desktop\D3_MONAI\Datasets\UTA7\Anonymized6\MR000143.dcm,,False,,55.70042143430973,,,504.0,,,110890.0,,
C:\Users\Gajendra\Desktop\D3_MONAI\Datasets\UTA7\Anonymized6\MR000144.dcm,,False,,56.52953699109595,,,543.0,,,111042.0,,
C:\Users\Gajendra\Desktop\D3_MONAI\Datasets\UTA7\Anonymized6\MR000145.dcm,,False,,56.98041809454664,,,552.0,,,111276.0,,
C:\Users\Gajendra\Desktop\D3_MONAI\Datasets\UTA7\Anonymized6\MR000146.dcm,,False,,57.08863445227984,,,562.0,,,111194.0,,
C:\Users\Gajendra\Desktop\D3_MONAI\Datasets\UTA7\Anonymized6\MR000147.dcm,,False,,57.23617681221856,,,481.0,,,111306.0,,
C:\Users\Gajendra\Desktop\D3_MONAI\Datasets\UTA7\Anonymized6\MR000148.dcm,,False,,57.38033552947566,,,496.0,,,111804.0,,
C:\Users\Gajendra\Desktop\D3_MONAI\Datasets\UTA7\Anonymized6\MR000149.dcm,,False,,57.847250277514675,,,527.0,,,111850.0,,
C:\Users\Gajendra\Desktop\D3_MONAI\Datasets\UTA7\Anonymized6\MR000150.dcm,,False,,58.55508014595113,,,549.0,,,112098.0,,
C:\Users\Gajendra\Desktop\D3_MONAI\Datasets\UTA7\Anonymized6\MR000151.dcm,,False,,59.022217777494326,,,487.0,,,112446.0,,
C:\Users\Gajendra\Desktop\D3_MONAI\Datasets\UTA7\Anonymized6\MR000152.dcm,,False,,19.76525051298134,,,171.0,,,108178.0,,
C:\Users\Gajendra\Desktop\D3_MONAI\Datasets\UTA7\Anonymized6\MR000153.dcm,,False,,58.90792472190242,,,471.0,,,112264.0,,
C:\Users\Gajendra\Desktop\D3_MONAI\Datasets\UTA7\Anonymized6\MR000154.dcm,,False,,58.50239000115386,,,485.0,,,112738.0,,
C:\Users\Gajendra\Desktop\D3_MONAI\Datasets\UTA7\Anonymized6\MR000155.dcm,,False,,58.100728208984236,,,551.0,,,112972.0,,
C:\Users\Gajendra\Desktop\D3_MONAI\Datasets\UTA7\Anonymized6\MR000156.dcm,,False,,57.74368545201814,,,499.0,,,113144.0,,
C:\Users\Gajendra\Desktop\D3_MONAI\Datasets\UTA7\Anonymized6\MR000157.dcm,,False,,58.11296515749012,,,485.0,,,113534.0,,
C:\Users\Gajendra\Desktop\D3_MONAI\Datasets\UTA7\Anonymized6\MR000158.dcm,,False,,58.139720321213495,,,460.0,,,113658.0,,
C:\Users\Gajendra\Desktop\D3_MONAI\Datasets\UTA7\Anonymized6\MR000159.dcm,,False,,57.21560186565526,,,469.0,,,113990.0,,
C:\Users\Gajendra\Desktop\D3_MONAI\Datasets\UTA7\Anonymized6\MR000160.dcm,,False,,56.602286130476045,,,522.0,,,114264.0,,
C:\Users\Gajendra\Desktop\D3_MONAI\Datasets\UTA7\Anonymized6\MR000161.dcm,,False,,56.66709500109039,,,639.0,,,114356.0,,
C:\Users\Gajendra\Desktop\D3_MONAI\Datasets\UTA7\Anonymized6\MR000162.dcm,,False,,56.60259682724645,,,514.0,,,114626.0,,
C:\Users\Gajendra\Desktop\D3_MONAI\Datasets\UTA7\Anonymized6\MR000163.dcm,,False,,19.30895167194277,,,162.0,,,108040.0,,
C:\Users\Gajendra\Desktop\D3_MONAI\Datasets\UTA7\Anonymized6\MR000164.dcm,,False,,56.78780537430877,,,521.0,,,114704.0,,
C:\Users\Gajendra\Desktop\D3_MONAI\Datasets\UTA7\Anonymized6\MR000165.dcm,,False,,57.106985473774216,,,555.0,,,114578.0,,
C:\Users\Gajendra\Desktop\D3_MONAI\Datasets\UTA7\Anonymized6\MR000166.dcm,,False,,57.47961216099774,,,588.0,,,115012.0,,
C:\Users\Gajendra\Desktop\D3_MONAI\Datasets\UTA7\Anonymized6\MR000167.dcm,,False,,57.76197996447423,,,670.0,,,115064.0,,
C:\Users\Gajendra\Desktop\D3_MONAI\Datasets\UTA7\Anonymized6\MR000168.dcm,,False,,57.94385373747947,,,514.0,,,114986.0,,
C:\Users\Gajendra\Desktop\D3_MONAI\Datasets\UTA7\Anonymized6\MR000169.dcm,,False,,58.22982638463834,,,539.0,,,114912.0,,
C:\Users\Gajendra\Desktop\D3_MONAI\Datasets\UTA7\Anonymized6\MR000170.dcm,,False,,58.38508858616964,,,503.0,,,114742.0,,
C:\Users\Gajendra\Desktop\D3_MONAI\Datasets\UTA7\Anonymized6\MR000171.dcm,,False,,58.563663281045365,,,667.0,,,115128.0,,
C:\Users\Gajendra\Desktop\D3_MONAI\Datasets\UTA7\Anonymized6\MR000172.dcm,,False,,58.422987325956235,,,649.0,,,114884.0,,
C:\Users\Gajendra\Desktop\D3_MONAI\Datasets\UTA7\Anonymized6\MR000173.dcm,,False,,58.19400756767994,,,546.0,,,114698.0,,
C:\Users\Gajendra\Desktop\D3_MONAI\Datasets\UTA7\Anonymized6\MR000174.dcm,,False,,18.701384546652605,,,144.0,,,108400.0,,
C:\Users\Gajendra\Desktop\D3_MONAI\Datasets\UTA7\Anonymized6\MR000175.dcm,,False,,11.469969126434632,,,67.0,,,107444.0,,
C:\Users\Gajendra\Desktop\D3_MONAI\Datasets\UTA7\Anonymized6\US000000.dcm,,,,,,,,,,,,
